[
	{"Achievement":"CW_NEWGAME","Title":"Long ago in a card, far far away. . .","iOS ID":"CW_NEWGAME","Android ID":"CgkI3Ir7374CEAIQAA","Total Steps":"1"},
	{"Achievement":"CW_LVL_2","Title":"Apprentice","iOS ID":"CW_LVL_2","Android ID":"CgkI3Ir7374CEAIQAQ","Total Steps":"1"},
	{"Achievement":"CW_LVL_10","Title":"Novice","iOS ID":"CW_LVL_10","Android ID":"CgkI3Ir7374CEAIQAg","Total Steps":"1"},
	{"Achievement":"CW_LVL_30","Title":"Adept","iOS ID":"CW_LVL_30","Android ID":"CgkI3Ir7374CEAIQAg","Total Steps":"1"},
	{"Achievement":"CW_LVL_50","Title":"Master","iOS ID":"CW_LVL_50","Android ID":"CgkI3Ir7374CEAIQAg","Total Steps":"1"},
	{"Achievement":"CW_ALL_HEROS","Title":"Hero Party","iOS ID":"CW_ALL_HEROS","Android ID":"CgkI3Ir7374CEAIQAg","Total Steps":"1"},
	{"Achievement":"CW_QUEST_5","Title":"Quest Novice No Longer","iOS ID":"CW_QUEST_5","Android ID":"CgkI3Ir7374CEAIQAg","Total Steps":"1"},
	{"Achievement":"CW_QUEST_10","Title":"Quest Adept No Longer","iOS ID":"CW_QUEST_10","Android ID":"CgkI3Ir7374CEAIQAg","Total Steps":"1"},
	{"Achievement":"CW_QUEST_50","Title":"Quest Master","iOS ID":"CW_QUEST_50","Android ID":"CgkI3Ir7374CEAIQAg","Total Steps":"1"},
	{"Achievement":"CW_EARN_GEM_100","Title":"Living wage","iOS ID":"CW_EARN_GEM_100","Android ID":"CgkI3Ir7374CEAIQAg","Total Steps":"1"},
	{"Achievement":"CW_BATTLES_4","Title":"Battle Hardened","iOS ID":"CW_BATTLES_4","Android ID":"CgkI3Ir7374CEAIQAg","Total Steps":"1"},
	{"Achievement":"CW_BATTLES_10","Title":"No Rest for the Weary","iOS ID":"CW_BATTLES_10","Android ID":"CgkI3Ir7374CEAIQAg","Total Steps":"1"},
	{"Achievement":"CW_BATTLES_20","Title":"Savage","iOS ID":"CW_BATTLES_20","Android ID":"CgkI3Ir7374CEAIQAg","Total Steps":"1"},
	{"Achievement":"CW_BATTLES_40","Title":"Enraged","iOS ID":"CW_BATTLES_40","Android ID":"CgkI3Ir7374CEAIQAg","Total Steps":"1"},
	{"Achievement":"CW_BATTLES_100","Title":"Berzerker","iOS ID":"CW_BATTLES_100","Android ID":"CgkI3Ir7374CEAIQAg","Total Steps":"1"}
]
