[
	{"BundleID":"SCENES","Server":"https://amazon-s3-west-01.amazon.com","Path":"/live/scenefiles.assets"},
	{"BundleID":"RESOURCES","Server":"https://amazon-s3-west-01.amazon.com","Path":"/live/resources.assets"},
	{"BundleID":"CREATURE01","Server":"https://amazon-s3-west-01.amazon.com","Path":"/live/creatures01.assets"},
	{"BundleID":"CREATURE02","Server":"https://amazon-s3-west-01.amazon.com","Path":"/live/creature02.assets"},
	{"BundleID":"CREATURE03","Server":"https://amazon-s3-west-01.amazon.com","Path":"/live/creature03.assets"}
]
