[
	{"ID":"Building_BlueCastle","Name":"!!BUILDING_NAME_BLUECASTLE","FrameAtlas":"GUIAtlas_2","IconAtlas":"CardArtAtlas","SpriteName":"Building_BlueCastle","FrameSpriteName":"Frame_Colorless","ObjectName":"BlueCastle","ScriptName":"DEFBonusBuilding","Faction":"Universal","AbilityType":"","CanFuse":"True","BaseSalePrice":"10","Rarity":"1","Quality":"Standard","Cost":"1","val1":"4","val2":"","Desc":"!!BUILDING_BLUECASTLE"},
	{"ID":"Building_CaveOfSolitude","Name":"!!BUILDING_NAME_CAVEOFSOLITUDE","FrameAtlas":"GUIAtlas_2","IconAtlas":"CardArtAtlas","SpriteName":"Building_CaveOfSolitude","FrameSpriteName":"Frame_Colorless","ObjectName":"CaveOfSolitude","ScriptName":"ATKDEFBonusEmptyLanes","Faction":"Universal","AbilityType":"","CanFuse":"True","BaseSalePrice":"5000","Rarity":"4","Quality":"Standard","Cost":"1","val1":"5","val2":"5","Desc":"!!BUILDING_CAVEOFSOLITUDE"},
	{"ID":"Building_ComfyCave","Name":"!!BUILDING_NAME_COMFYCAVE","FrameAtlas":"GUIAtlas_2","IconAtlas":"CardArtAtlas","SpriteName":"Building_ComfyCave","FrameSpriteName":"Frame_Colorless","ObjectName":"ComfyCave","ScriptName":"StartTurnHealCreatures","Faction":"Universal","AbilityType":"","CanFuse":"True","BaseSalePrice":"1000","Rarity":"3","Quality":"Standard","Cost":"1","val1":"2","val2":"","Desc":"!!BUILDING_COMFYCAVE"},
	{"ID":"Building_ElfTeePee","Name":"!!BUILDING_NAME_ELFTEEPEE","FrameAtlas":"GUIAtlas_2","IconAtlas":"CardArtAtlas","SpriteName":"Building_ElfTeepee","FrameSpriteName":"Frame_Colorless","ObjectName":"ElfTeePee","ScriptName":"DEFBonusCreaturesBuilding","Faction":"Universal","AbilityType":"","CanFuse":"True","BaseSalePrice":"100","Rarity":"2","Quality":"Standard","Cost":"1","val1":"3","val2":"","Desc":"!!BUILDING_ELFTEEPEE"},
	{"ID":"Building_NicelandsTower","Name":"!!BUILDING_NAME_NICELANDSTOWER","FrameAtlas":"GUIAtlas_2","IconAtlas":"CardArtAtlas","SpriteName":"Building_NicelandsTower","FrameSpriteName":"Frame_Colorless","ObjectName":"NicelandsTower","ScriptName":"StartTurnHealCreature","Faction":"Universal","AbilityType":"","CanFuse":"True","BaseSalePrice":"5000","Rarity":"4","Quality":"Standard","Cost":"1","val1":"5","val2":"","Desc":"!!BUILDING_NICELANDSTOWER"},
	{"ID":"Building_Obelisx","Name":"!!BUILDING_NAME_OBELISX","FrameAtlas":"GUIAtlas_2","IconAtlas":"CardArtAtlas","SpriteName":"Building_ObeliskOfVengeance","FrameSpriteName":"Frame_Colorless","ObjectName":"ObeliskOfVengeance","ScriptName":"DamageHeroOnDeath","Faction":"Universal","AbilityType":"","CanFuse":"True","BaseSalePrice":"25000","Rarity":"5","Quality":"Standard","Cost":"1","val1":"4","val2":"","Desc":"!!BUILDING_OBELISX"},
	{"ID":"Building_PalaceOfBone","Name":"!!BUILDING_NAME_PALACEOFBONE","FrameAtlas":"GUIAtlas_2","IconAtlas":"CardArtAtlas","SpriteName":"Building_PalaceOfBone","FrameSpriteName":"Frame_Colorless","ObjectName":"PalaceOfBone","ScriptName":"CreatureDamageOnEntry","Faction":"Universal","AbilityType":"","CanFuse":"True","BaseSalePrice":"1000","Rarity":"3","Quality":"Standard","Cost":"1","val1":"5","val2":"","Desc":"!!BUILDING_PALACEOFBONE"},
	{"ID":"Building_PuffyCastle","Name":"!!BUILDING_NAME_PUFFYCASTLE","FrameAtlas":"GUIAtlas_2","IconAtlas":"CardArtAtlas","SpriteName":"Building_PuffyCastle","FrameSpriteName":"Frame_Colorless","ObjectName":"PuffyCastle","ScriptName":"HealHeroOnDeath","Faction":"Universal","AbilityType":"","CanFuse":"True","BaseSalePrice":"25000","Rarity":"5","Quality":"Standard","Cost":"1","val1":"5","val2":"","Desc":"!!BUILDING_PUFFYCASTLE"},
	{"ID":"Building_Pyramidia","Name":"!!BUILDING_NAME_PYRAMIDIA","FrameAtlas":"GUIAtlas_2","IconAtlas":"CardArtAtlas","SpriteName":"Building_Pyramidia","FrameSpriteName":"Frame_Colorless","ObjectName":"Pyramidia","ScriptName":"DEFBonusCards","Faction":"Universal","AbilityType":"","CanFuse":"True","BaseSalePrice":"100","Rarity":"2","Quality":"Standard","Cost":"1","val1":"2","val2":"","Desc":"!!BUILDING_PYRAMIDIA"},
	{"ID":"Building_RedCastle","Name":"!!BUILDING_NAME_REDCASTLE","FrameAtlas":"GUIAtlas_2","IconAtlas":"CardArtAtlas","SpriteName":"Building_RedCastle","FrameSpriteName":"Frame_Colorless","ObjectName":"RedCastle","ScriptName":"ATKBonusCreatures","Faction":"Universal","AbilityType":"","CanFuse":"True","BaseSalePrice":"100","Rarity":"2","Quality":"Standard","Cost":"1","val1":"2","val2":"","Desc":"!!BUILDING_REDCASTLE"},
	{"ID":"Building_RedDome","Name":"!!BUILDING_NAME_REDDOME","FrameAtlas":"GUIAtlas_2","IconAtlas":"CardArtAtlas","SpriteName":"Building_RedDome","FrameSpriteName":"Frame_Colorless","ObjectName":"RedDome","ScriptName":"ATKBonusBuilding","Faction":"Universal","AbilityType":"","CanFuse":"True","BaseSalePrice":"10","Rarity":"1","Quality":"Standard","Cost":"1","val1":"3","val2":"","Desc":"!!BUILDING_REDDOME"},
	{"ID":"Building_RedParthenon","Name":"!!BUILDING_NAME_REDPARTHENON","FrameAtlas":"GUIAtlas_2","IconAtlas":"CardArtAtlas","SpriteName":"Building_RedParthenon","FrameSpriteName":"Frame_Colorless","ObjectName":"RedParthenon","ScriptName":"ATKBonusLandscapes","Faction":"Universal","AbilityType":"","CanFuse":"True","BaseSalePrice":"5000","Rarity":"4","Quality":"Standard","Cost":"1","val1":"2","val2":"","Desc":"!!BUILDING_REDPARTHENON"},
	{"ID":"Building_SandCastle","Name":"!!BUILDING_NAME_SANDCASTLE","FrameAtlas":"GUIAtlas_2","IconAtlas":"CardArtAtlas","SpriteName":"Building_SandCastle","FrameSpriteName":"Frame_Colorless","ObjectName":"SandCastle","ScriptName":"ATKDEFBonusBuilding","Faction":"Universal","AbilityType":"","CanFuse":"True","BaseSalePrice":"10","Rarity":"1","Quality":"Standard","Cost":"1","val1":"4","val2":"4","Desc":"!!BUILDING_SANDCASTLE"},
	{"ID":"Building_SandPyramid","Name":"!!BUILDING_NAME_SANDPYRAMID","FrameAtlas":"GUIAtlas_2","IconAtlas":"CardArtAtlas","SpriteName":"Building_SandPyramid","FrameSpriteName":"Frame_Colorless","ObjectName":"SandPyramid","ScriptName":"HealOnVictory","Faction":"Universal","AbilityType":"","CanFuse":"True","BaseSalePrice":"1000","Rarity":"3","Quality":"Standard","Cost":"1","val1":"5","val2":"","Desc":"!!BUILDING_SANDPYRAMID"},
	{"ID":"Building_SchoolHouse","Name":"!!BUILDING_NAME_SCHOOLHOUSE","FrameAtlas":"GUIAtlas_2","IconAtlas":"CardArtAtlas","SpriteName":"Building_SchoolHouse","FrameSpriteName":"Frame_Colorless","ObjectName":"SchoolHouse","ScriptName":"DEFOnFloop","Faction":"Universal","AbilityType":"","CanFuse":"True","BaseSalePrice":"25000","Rarity":"5","Quality":"Standard","Cost":"1","val1":"5","val2":"","Desc":"!!BUILDING_SCHOOLHOUSE"},
	{"ID":"Building_SiloOfTruth","Name":"!!BUILDING_NAME_SILOOFTRUTH","FrameAtlas":"GUIAtlas_2","IconAtlas":"CardArtAtlas","SpriteName":"Building_SiloOfTruth","FrameSpriteName":"Frame_Colorless","ObjectName":"SiloOfTruth","ScriptName":"ATKBonusCards","Faction":"Universal","AbilityType":"","CanFuse":"True","BaseSalePrice":"1000","Rarity":"3","Quality":"Standard","Cost":"1","val1":"2","val2":"","Desc":"!!BUILDING_SILOOFTRUTH"},
	{"ID":"Building_Sphinx","Name":"!!BUILDING_NAME_SPHINX","FrameAtlas":"GUIAtlas_2","IconAtlas":"CardArtAtlas","SpriteName":"Building_SandSphinx","FrameSpriteName":"Frame_Colorless","ObjectName":"SandSphinx","ScriptName":"DamageReduction","Faction":"Universal","AbilityType":"","CanFuse":"True","BaseSalePrice":"5000","Rarity":"4","Quality":"Standard","Cost":"1","val1":"5","val2":"","Desc":"!!BUILDING_SPHINX"},
	{"ID":"Building_SpiritTower","Name":"!!BUILDING_NAME_SPIRITTOWER","FrameAtlas":"GUIAtlas_2","IconAtlas":"CardArtAtlas","SpriteName":"Building_SpiritTower","FrameSpriteName":"Frame_Colorless","ObjectName":"SpiritTower","ScriptName":"HeroDamageOnEntry","Faction":"Universal","AbilityType":"","CanFuse":"True","BaseSalePrice":"25000","Rarity":"5","Quality":"Standard","Cost":"1","val1":"5","val2":"","Desc":"!!BUILDING_SPIRITTOWER"},
	{"ID":"Building_Stonehenge","Name":"!!BUILDING_NAME_STONEHENGE","FrameAtlas":"GUIAtlas_2","IconAtlas":"CardArtAtlas","SpriteName":"Building_StoneHenge","FrameSpriteName":"Frame_Colorless","ObjectName":"Stonehenge","ScriptName":"FloopCostMod","Faction":"Universal","AbilityType":"","CanFuse":"True","BaseSalePrice":"25000","Rarity":"5","Quality":"Standard","Cost":"1","val1":"1","val2":"","Desc":"!!BUILDING_STONEHENGE"},
	{"ID":"Building_ShadowPyramid","Name":"!!BUILDING_NAME_SHADOWPYRAMID","FrameAtlas":"GUIAtlas_2","IconAtlas":"CardArtAtlas","SpriteName":"Building_ShadowPyramid","FrameSpriteName":"Frame_Colorless","ObjectName":"ShadowPyramid","ScriptName":"RarityGate","Faction":"Universal","AbilityType":"","CanFuse":"True","BaseSalePrice":"25000","Rarity":"5","Quality":"Standard","Cost":"1","val1":"3","val2":"","Desc":"!!BUILDING_SHADOWPYRAMID"},
	{"ID":"Building_Mausoleum","Name":"!!BUILDING_NAME_MAUSOLEUM","FrameAtlas":"GUIAtlas_2","IconAtlas":"CardArtAtlas","SpriteName":"Building_Tomb","FrameSpriteName":"Frame_Colorless","ObjectName":"Mausoleum","ScriptName":"ReturnToHandSacrifice","Faction":"Universal","AbilityType":"","CanFuse":"True","BaseSalePrice":"25000","Rarity":"5","Quality":"Standard","Cost":"1","val1":"","val2":"","Desc":"!!BUILDING_MAUSOLEUM"},
	{"ID":"Building_SunPyramid","Name":"!!BUILDING_NAME_SUNPYRAMID","FrameAtlas":"GUIAtlas_2","IconAtlas":"CardArtAtlas","SpriteName":"Building_SunPyramid","FrameSpriteName":"Frame_Colorless","ObjectName":"SunPyramid","ScriptName":"ATKOnFloop","Faction":"Universal","AbilityType":"","CanFuse":"True","BaseSalePrice":"25000","Rarity":"5","Quality":"Standard","Cost":"1","val1":"4","val2":"","Desc":"!!BUILDING_SUNPYRAMID"}
]
