[
	{"ID":"Colorless","WeightTable":"ColorlessPack","Description":"!!COLORLESS_PACK","Quality":"normal"},
	{"ID":"Red","WeightTable":"RedPack","Description":"!!RED_PACK","Quality":"normal"},
	{"ID":"Blue","WeightTable":"BluePack","Description":"!!BLUE_PACK","Quality":"normal"},
	{"ID":"Green","WeightTable":"GreenPack","Description":"!!GREEN_PACK","Quality":"normal"},
	{"ID":"Dark","WeightTable":"DarkPack","Description":"!!DARK_PACK","Quality":"normal"},
	{"ID":"Light","WeightTable":"LightPack","Description":"!!LIGHT_PACK","Quality":"normal"},
	{"ID":"PremiumColorless","WeightTable":"ColorlessPremiumPack","Description":"!!COLORLESS_PACK","Quality":"premium"},
	{"ID":"PremiumRed","WeightTable":"RedPremiumPack","Description":"!!RED_PACK","Quality":"premium"},
	{"ID":"PremiumBlue","WeightTable":"BluePremiumPack","Description":"!!BLUE_PACK","Quality":"premium"},
	{"ID":"PremiumGreen","WeightTable":"GreenPremiumPack","Description":"!!GREEN_PACK","Quality":"premium"},
	{"ID":"PremiumDark","WeightTable":"DarkPremiumPack","Description":"!!DARK_PACK","Quality":"premium"},
	{"ID":"PremiumLight","WeightTable":"LightPremiumPack","Description":"!!LIGHT_PACK","Quality":"premium"}
]
