[
	{"ProductID":"cdubsdev.package1","DisplayName":"!!STORE_PACKAGE_01","UITexture":"UI/Icons_Store/Store_Gems_001","ShowInStore":"True","PaidHardCurrency":"100","VFXIndex":"0"},
	{"ProductID":"cdubsdev.package2","DisplayName":"!!STORE_PACKAGE_02","UITexture":"UI/Icons_Store/Store_Gems_010","ShowInStore":"True","PaidHardCurrency":"525","FreeHardCurrency":"0","VFXIndex":"1"},
	{"ProductID":"cdubsdev.package3","DisplayName":"!!STORE_PACKAGE_03","UITexture":"UI/Icons_Store/Store_Gems_005","ShowInStore":"True","PaidHardCurrency":"1100","FreeHardCurrency":"0","VFXIndex":"2"},
	{"ProductID":"cdubsdev.package4","DisplayName":"!!STORE_PACKAGE_04","UITexture":"UI/Icons_Store/Store_Gems_020","ShowInStore":"True","PaidHardCurrency":"1800","FreeHardCurrency":"0","VFXIndex":"3"},
	{"ProductID":"cdubsdev.package5","DisplayName":"!!STORE_PACKAGE_05","UITexture":"UI/Icons_Store/Store_Gems_050","ShowInStore":"True","PaidHardCurrency":"3750","FreeHardCurrency":"0","VFXIndex":"4"},
	{"ProductID":"cdubsdev.package6","DisplayName":"!!STORE_PACKAGE_06","UITexture":"UI/Icons_Store/Store_Gems_100","ShowInStore":"True","PaidHardCurrency":"6700","FreeHardCurrency":"0","VFXIndex":"5"},
	{"ProductID":"cdubsdev.specialsale"},
	{"ProductID":"cdubsdev.specialsale.dragon"},
	{"ProductID":"cdubsdev.customization.package.01","DisplayName":"!!CUSTOMIZATION_PACK_1","UITexture":"UI/Icons_Store/Store_Cust_Gems_001","CustomizationCurrency":"1"},
	{"ProductID":"cdubsdev.customization.package.02","DisplayName":"!!CUSTOMIZATION_PACK_2","UITexture":"UI/Icons_Store/Store_Cust_Gems_005","CustomizationCurrency":"5"},
	{"ProductID":"cdubsdev.ftue.bundle.01"},
	{"ProductID":"cdubsdev.ftue.bundle.02"},
	{"ProductID":"cdubsdev.ftue.bundle.03"},
	{"ProductID":"cdubsdev.ftue.bundle.04"},
	{"ProductID":"cdubsdev.ftue.bundle.05"},
	{"ProductID":"cdubsdev.ftue.bundle.06"},
	{"ProductID":"cdubsdev.ftue.bundle.07"}
]
