[
	{"Calendar":"A","Type":"XPMaterials","Quantity":"10","GiftID":"CAKE_T1_Corn","Texture":"UI/Icons_Calendar/CAL_CORNCAKE"},
	{"Calendar":"^","Type":"SoftCurrency","Quantity":"1000","Sprite":"Icon_Currency_Soft"},
	{"Calendar":"^","Type":"CreatureTable","GiftID":"StandardChest","Texture":"UI/Icons_Calendar/Calendar_RewardChest_Silver"},
	{"Calendar":"^","Type":"XPMaterials","Quantity":"10","GiftID":"CAKE_T1_Plains","Texture":"UI/Icons_Calendar/CAL_PLAINSCAKE"},
	{"Calendar":"^","Type":"HardCurrency","Quantity":"100","Sprite":"Icon_Currency_Hard"},
	{"Calendar":"^","Type":"SocialCurrency","Quantity":"100","Sprite":"Icon_Currency_PVPCurrency"},
	{"Calendar":"^","Type":"CreatureTable","GiftID":"StandardChest","Texture":"UI/Icons_Calendar/Calendar_RewardChest_Silver"},
	{"Calendar":"^","Type":"SoftCurrency","Quantity":"1000","Sprite":"Icon_Currency_Soft"},
	{"Calendar":"^","Type":"XPMaterials","Quantity":"10","GiftID":"CAKE_T1_Nice","Texture":"UI/Icons_Calendar/CAL_NICECAKE"},
	{"Calendar":"^","Type":"HardCurrency","Quantity":"100","Sprite":"Icon_Currency_Hard"},
	{"Calendar":"^","Type":"SocialCurrency","Quantity":"100","Sprite":"Icon_Currency_PVPCurrency"},
	{"Calendar":"^","Type":"SoftCurrency","Quantity":"1000","Sprite":"Icon_Currency_Soft"},
	{"Calendar":"^","Type":"XPMaterials","Quantity":"10","GiftID":"CAKE_T1_Sand","Texture":"UI/Icons_Calendar/CAL_SANDCAKE"},
	{"Calendar":"^","Type":"HardCurrency","Quantity":"100","Sprite":"Icon_Currency_Hard"},
	{"Calendar":"^","Type":"CreatureTable","GiftID":"StandardChest","Texture":"UI/Icons_Calendar/Calendar_RewardChest_Silver"},
	{"Calendar":"^","Type":"SocialCurrency","Quantity":"100","Sprite":"Icon_Currency_PVPCurrency"},
	{"Calendar":"^","Type":"SoftCurrency","Quantity":"1000","Sprite":"Icon_Currency_Soft"},
	{"Calendar":"^","Type":"XPMaterials","Quantity":"10","GiftID":"CAKE_T1_Swamp","Texture":"UI/Icons_Calendar/CAL_SWAMPCAKE"},
	{"Calendar":"^","Type":"HardCurrency","Quantity":"100","Sprite":"Icon_Currency_Hard"},
	{"Calendar":"^","Type":"SocialCurrency","Quantity":"100","Sprite":"Icon_Currency_PVPCurrency"},
	{"Calendar":"^","Type":"SoftCurrency","Quantity":"1000","Sprite":"Icon_Currency_Soft"},
	{"Calendar":"^","Type":"StaminaPvE","Quantity":"25","Sprite":"Icon_Currency_BattleEnergy"},
	{"Calendar":"^","Type":"HardCurrency","Quantity":"100","Sprite":"Icon_Currency_Hard"},
	{"Calendar":"^","Type":"HardCurrency","Quantity":"100","Sprite":"Icon_Currency_Hard"},
	{"Calendar":"^","Type":"CreatureTable","GiftID":"AlgebraicOnly","Texture":"UI/Icons_Calendar/Calendar_RewardChest_Bone"},
	{"Calendar":"RepeatA","Type":"SoftCurrency","Quantity":"500","Sprite":"Icon_Currency_Soft","Repeating":"True"},
	{"Calendar":"^","Type":"XPMaterials","Quantity":"3","GiftID":"CAKE_T1_Corn","Texture":"UI/Icons_Calendar/CAL_CORNCAKE"},
	{"Calendar":"^","Type":"HardCurrency","Quantity":"25","Sprite":"Icon_Currency_Hard"},
	{"Calendar":"^","Type":"SocialCurrency","Quantity":"100","Sprite":"Icon_Currency_PVPCurrency"},
	{"Calendar":"^","Type":"StaminaPvE","Quantity":"10","Sprite":"Icon_Currency_BattleEnergy"},
	{"Calendar":"^","Type":"SoftCurrency","Quantity":"500","Sprite":"Icon_Currency_Soft"},
	{"Calendar":"^","Type":"XPMaterials","Quantity":"3","GiftID":"CAKE_T1_Plains","Texture":"UI/Icons_Calendar/CAL_PLAINSCAKE"},
	{"Calendar":"^","Type":"HardCurrency","Quantity":"25","Sprite":"Icon_Currency_Hard"},
	{"Calendar":"^","Type":"SocialCurrency","Quantity":"100","Sprite":"Icon_Currency_PVPCurrency"},
	{"Calendar":"^","Type":"StaminaPvE","Quantity":"10","Sprite":"Icon_Currency_BattleEnergy"},
	{"Calendar":"^","Type":"SoftCurrency","Quantity":"500","Sprite":"Icon_Currency_Soft"},
	{"Calendar":"^","Type":"XPMaterials","Quantity":"3","GiftID":"CAKE_T1_Nice","Texture":"UI/Icons_Calendar/CAL_NICECAKE"},
	{"Calendar":"^","Type":"HardCurrency","Quantity":"25","Sprite":"Icon_Currency_Hard"},
	{"Calendar":"^","Type":"SocialCurrency","Quantity":"100","Sprite":"Icon_Currency_PVPCurrency"},
	{"Calendar":"^","Type":"StaminaPvE","Quantity":"10","Sprite":"Icon_Currency_BattleEnergy"},
	{"Calendar":"^","Type":"SoftCurrency","Quantity":"500","Sprite":"Icon_Currency_Soft"},
	{"Calendar":"^","Type":"XPMaterials","Quantity":"3","GiftID":"CAKE_T1_Sand","Texture":"UI/Icons_Calendar/CAL_SANDCAKE"},
	{"Calendar":"^","Type":"HardCurrency","Quantity":"25","Sprite":"Icon_Currency_Hard"},
	{"Calendar":"^","Type":"SocialCurrency","Quantity":"100","Sprite":"Icon_Currency_PVPCurrency"},
	{"Calendar":"^","Type":"StaminaPvE","Quantity":"10","Sprite":"Icon_Currency_BattleEnergy"},
	{"Calendar":"^","Type":"SoftCurrency","Quantity":"500","Sprite":"Icon_Currency_Soft"},
	{"Calendar":"^","Type":"XPMaterials","Quantity":"3","GiftID":"CAKE_T1_Swamp","Texture":"UI/Icons_Calendar/CAL_SWAMPCAKE"},
	{"Calendar":"^","Type":"HardCurrency","Quantity":"25","Sprite":"Icon_Currency_Hard"},
	{"Calendar":"^","Type":"SocialCurrency","Quantity":"100","Sprite":"Icon_Currency_PVPCurrency"},
	{"Calendar":"^","Type":"CreatureTable","GiftID":"RareOnly","Texture":"UI/Icons_Calendar/Calendar_RewardChest_Gold"}
]
