[
	{"ID":"Default","Name":"!!CARDBACK_NAME_Default","3DTexture":"3dCard","UITexture":"UI_ActionCard_Frame_Back"},
	{"ID":"CardBack_01","Name":"!!CARDBACK_NAME_CardBack_01","3DTexture":"3dCard_01","UITexture":"UI_ActionCard_Frame_Back_01"},
	{"ID":"CardBack_02","Name":"!!CARDBACK_NAME_CardBack_02","3DTexture":"3dCard_02","UITexture":"UI_ActionCard_Frame_Back_02"},
	{"ID":"CardBack_03","Name":"!!CARDBACK_NAME_CardBack_03","3DTexture":"3dCard_03","UITexture":"UI_ActionCard_Frame_Back_03"},
	{"ID":"CardBack_04","Name":"!!CARDBACK_NAME_CardBack_04","3DTexture":"3dCard_04","UITexture":"UI_ActionCard_Frame_Back_04"},
	{"ID":"CardBack_05","Name":"!!CARDBACK_NAME_CardBack_05","3DTexture":"3dCard_05","UITexture":"UI_ActionCard_Frame_Back_05"},
	{"ID":"CardBack_06","Name":"!!CARDBACK_NAME_CardBack_06","3DTexture":"3dCard_06","UITexture":"UI_ActionCard_Frame_Back_06"},
	{"ID":"CardBack_07","Name":"!!CARDBACK_NAME_CardBack_07","3DTexture":"3dCard_07","UITexture":"UI_ActionCard_Frame_Back_07"},
	{"ID":"CardBack_08","Name":"!!CARDBACK_NAME_CardBack_08","3DTexture":"3dCard_08","UITexture":"UI_ActionCard_Frame_Back_08"},
	{"ID":"CardBack_09","Name":"!!CARDBACK_NAME_CardBack_09","3DTexture":"3dCard_09","UITexture":"UI_ActionCard_Frame_Back_09"},
	{"ID":"CardBack_10","Name":"!!CARDBACK_NAME_CardBack_10","3DTexture":"3dCard_10","UITexture":"UI_ActionCard_Frame_Back_10"},
	{"ID":"CardBack_11","Name":"!!CARDBACK_NAME_CardBack_11","3DTexture":"3dCard_11","UITexture":"UI_ActionCard_Frame_Back_11"},
	{"ID":"CardBack_12","Name":"Coffee Bottom","3DTexture":"3dCard_12","UITexture":"UI_ActionCard_Frame_Back_12"},
	{"ID":"CardBack_13","Name":"!!CARDBACK_NAME_CardBack_13","3DTexture":"3dCard_13","UITexture":"UI_ActionCard_Frame_Back_13"},
	{"ID":"CardBack_14","Name":"Tidecopper","3DTexture":"3dCard_14","UITexture":"UI_ActionCard_Frame_Back_14"},
	{"ID":"CardBack_15","Name":"Hard Obsidian","3DTexture":"3dCard_15","UITexture":"UI_ActionCard_Frame_Back_15"},
	{"ID":"CardBack_16","Name":"Sticky Raspberry","3DTexture":"3dCard_16","UITexture":"UI_ActionCard_Frame_Back_16"},
	{"ID":"CardBack_17","Name":"Christmas Special","3DTexture":"3dCard_17","UITexture":"UI_ActionCard_Frame_Back_17"},
	{"ID":"CardBack_18","Name":"Penguin Panda","3DTexture":"3dCard_18","UITexture":"UI_ActionCard_Frame_Back_18"},
	{"ID":"CardBack_19","Name":"Shockberry Swirl","3DTexture":"3dCard_19","UITexture":"UI_ActionCard_Frame_Back_19"},
	{"ID":"CardBack_20","Name":"Dark Mark","3DTexture":"3dCard_20","UITexture":"UI_ActionCard_Frame_Back_20"},
	{"ID":"CardBack_21","Name":"Magic Rose","3DTexture":"3dCard_21","UITexture":"UI_ActionCard_Frame_Back_21"},
	{"ID":"CardBack_22","Name":"Bamboo Green","3DTexture":"3dCard_22","UITexture":"UI_ActionCard_Frame_Back_22"},
	{"ID":"CardBack_23","Name":"Cool Oren","3DTexture":"3dCard_23","UITexture":"UI_ActionCard_Frame_Back_23"},
	{"ID":"CardBack_24","Name":"Classic Creamwhite","3DTexture":"3dCard_24","UITexture":"UI_ActionCard_Frame_Back_14"},
	{"ID":"CardBack_25","Name":"Blaze Forge","3DTexture":"3dCard_25","UITexture":"UI_ActionCard_Frame_Back_25"},
	{"ID":"CardBack_26","Name":"Green Moss","3DTexture":"3dCard_26","UITexture":"UI_ActionCard_Frame_Back_26"},
	{"ID":"CardBack_27","Name":"Antique White","3DTexture":"3dCard_27","UITexture":"UI_ActionCard_Frame_Back_27"},
	{"ID":"CardBack_28","Name":"Lumpy Space","3DTexture":"3dCard_28","UITexture":"UI_ActionCard_Frame_Back_28"}
]
