[
	{"ID":"FancyMeal","Conditions":"OnOrAfterTurn(2)","Actions":"PlayCreature(SteakChop_Base, Center)"},
	{"ID":"Friday","Conditions":"OnOrAfterTurn(2)","Actions":"PlayCreature(ColonelChicken_Base, Center)"},
	{"ID":"Monday","Conditions":"OnOrAfterTurn(2)","Actions":"PlayCreature(SgtSandwich_Base, Center)"},
	{"ID":"Saturday","Conditions":"OnOrAfterTurn(2)","Actions":"PlayCreature(Pieclops_Base, Center)"},
	{"ID":"SnackHour","Conditions":"OnOrAfterTurn(2)","Actions":"PlayCreature(WallOfChocolate_Base, Center)"},
	{"ID":"Sunday","Conditions":"OnOrAfterTurn(2)","Actions":"PlayCreature(Pickler_Base, Center)"},
	{"ID":"Thursday","Conditions":"OnOrAfterTurn(2)","Actions":"PlayCreature(LieutenantLemonade_Base, Center)"},
	{"ID":"Tuesday","Conditions":"OnOrAfterTurn(2)","Actions":"PlayCreature(CaptainTaco_Base, Center)"},
	{"ID":"Wednesday","Conditions":"OnOrAfterTurn(2)","Actions":"PlayCreature(DeputyHotDog_Base, Center)"},
	{"ID":"HUSKERDRAGON_T1","Conditions":"OnOrAfterTurn(0)","Actions":"PlayCreature(SPC_HuskerDragon_Yellow)"},
	{"ID":"^","Conditions":"OnOrAfterTurn(0)","Actions":"PlayCreature(SPC_HuskerDragon_White)"},
	{"ID":"^","Conditions":"OnOrAfterTurn(0)","Actions":"PlayCreature(SPC_HuskerDragon_Mix)"},
	{"ID":"^","Conditions":"OnOrAfterTurn(0)","Actions":"PlayCreature(HuskerDragon_Awaken, Center)"},
	{"ID":"HUSKERDRAGON_T2","Conditions":"OnOrAfterTurn(0)","Actions":"PlayCreature(SPC_HuskerDragon_Yellow)"},
	{"ID":"^","Conditions":"OnOrAfterTurn(0)","Actions":"PlayCreature(SPC_HuskerDragon_White)"},
	{"ID":"^","Conditions":"OnOrAfterTurn(0)","Actions":"PlayCreature(SPC_HuskerDragon_Mix)"},
	{"ID":"^","Conditions":"OnOrAfterTurn(0)","Actions":"PlayCreature(HuskerDragon_Awaken, Center)"},
	{"ID":"HUSKERDRAGON_T3","Conditions":"OnOrAfterTurn(0)","Actions":"PlayCreature(SPC_HuskerDragon_Yellow)"},
	{"ID":"^","Conditions":"OnOrAfterTurn(0)","Actions":"PlayCreature(SPC_HuskerDragon_White)"},
	{"ID":"^","Conditions":"OnOrAfterTurn(0)","Actions":"PlayCreature(SPC_HuskerDragon_Mix)"},
	{"ID":"^","Conditions":"OnOrAfterTurn(0)","Actions":"PlayCreature(HuskerDragon_Awaken, Center)"},
	{"ID":"HUSKERDRAGON_T4","Conditions":"OnOrAfterTurn(0)","Actions":"PlayCreature(SPC_HuskerDragon_Yellow)"},
	{"ID":"^","Conditions":"OnOrAfterTurn(0)","Actions":"PlayCreature(SPC_HuskerDragon_White)"},
	{"ID":"^","Conditions":"OnOrAfterTurn(0)","Actions":"PlayCreature(SPC_HuskerDragon_Mix)"},
	{"ID":"^","Conditions":"OnOrAfterTurn(0)","Actions":"PlayCreature(HuskerDragon_Awaken, Center)"},
	{"ID":"PLAINJANE_T1","Conditions":"CreatureMissingStatus(PlainJane_Awaken, Shield)","Actions":"PlayCard(DUNGEON_PLAINJANE_01, PlainJane_Awaken)"},
	{"ID":"^","Conditions":"OnOrAfterTurn(0)","Actions":"PlayCreature(Creature_Pig_Awaken)"},
	{"ID":"^","Conditions":"OnOrAfterTurn(0)","Actions":"PlayCreature(Creature_PlainJane_Awaken, Center)"},
	{"ID":"PLAINJANE_T2","Conditions":"CreatureMissingStatus(PlainJane_Awaken, Shield)","Actions":"PlayCard(DUNGEON_PLAINJANE_01, PlainJane_Awaken)"},
	{"ID":"^","Conditions":"OnOrAfterTurn(0)","Actions":"PlayCreature(Creature_Pig_Awaken)"},
	{"ID":"^","Conditions":"OnOrAfterTurn(1)","Actions":"PlayCreature(Creature_Pig_Awaken)"},
	{"ID":"^","Conditions":"OnOrAfterTurn(1)","Actions":"PlayCreature(Creature_PlainJane_Awaken, Center)"},
	{"ID":"PLAINJANE_T3","Conditions":"CreatureMissingStatus(PlainJane_Awaken, Shield)","Actions":"PlayCard(DUNGEON_PLAINJANE_01, PlainJane_Awaken)"},
	{"ID":"^","Conditions":"OnOrAfterTurn(0)","Actions":"PlayCreature(Creature_Pig_Awaken)"},
	{"ID":"^","Conditions":"OnOrAfterTurn(1)","Actions":"PlayCreature(Creature_Pig_Awaken)"},
	{"ID":"^","Conditions":"OnOrAfterTurn(1)","Actions":"PlayCreature(Creature_Pig_Awaken)"},
	{"ID":"^","Conditions":"OnOrAfterTurn(2)","Actions":"PlayCreature(Creature_PlainJane_Awaken, Center)"},
	{"ID":"PLAINJANE_T4","Conditions":"CreatureMissingStatus(PlainJane_Awaken, Shield)","Actions":"PlayCard(DUNGEON_PLAINJANE_01, PlainJane_Awaken)"},
	{"ID":"^","Conditions":"OnOrAfterTurn(0)","Actions":"PlayCreature(Creature_Pig_Awaken)"},
	{"ID":"^","Conditions":"OnOrAfterTurn(1)","Actions":"PlayCreature(Creature_Pig_Awaken)"},
	{"ID":"^","Conditions":"OnOrAfterTurn(1)","Actions":"PlayCreature(Creature_Pig_Awaken)"},
	{"ID":"^","Conditions":"OnOrAfterTurn(2)","Actions":"PlayCreature(Creature_Pig_Awaken)"},
	{"ID":"^","Conditions":"OnOrAfterTurn(2)","Actions":"PlayCreature(Creature_PlainJane_Awaken, Center)"},
	{"ID":"GENERIC_RandEnergy","Actions":"RandomEnergy()"},
	{"ID":"GENERIC_CritsOnly","Actions":"OnlyCritsDamage(User)"},
	{"ID":"LMANT_01","Conditions":"OnOrAfterTurn(0)","Actions":"PlayCreature(HumanBeast_TigerWarrior)"},
	{"ID":"^","Conditions":"OnOrAfterTurn(1)","Actions":"PlayCreature(HumanBeast_PantherArcher)"},
	{"ID":"^","Conditions":"OnOrAfterTurn(2)","Actions":"PlayCreature(HumanBeast_PantherArcher_Evo_01)"},
	{"ID":"^","Conditions":"OnOrAfterTurn(3)","Actions":"PlayCreature(HumanBeast_TigerWarrior_Evo_01)"},
	{"ID":"^","Conditions":"OnOrAfterTurn(4)","Actions":"PlayCreature(Manticore_Light_Base, Center)"},
	{"ID":"LMANT_02","Conditions":"OnOrAfterTurn(0)","Actions":"PlayCreature(HumanBeast_TigerWarrior)"},
	{"ID":"^","Conditions":"OnOrAfterTurn(1)","Actions":"PlayCreature(HumanBeast_PantherArcher)"},
	{"ID":"^","Conditions":"OnOrAfterTurn(2)","Actions":"PlayCreature(HumanBeast_PantherArcher_Evo_01)"},
	{"ID":"^","Conditions":"OnOrAfterTurn(3)","Actions":"PlayCreature(HumanBeast_TigerWarrior_Evo_01)"},
	{"ID":"^","Conditions":"OnOrAfterTurn(4)","Actions":"PlayCreature(Manticore_Light_Evo_01, Center)"},
	{"ID":"LMANT_03","Conditions":"OnOrAfterTurn(0)","Actions":"PlayCreature(HumanBeast_TigerWarrior)"},
	{"ID":"^","Conditions":"OnOrAfterTurn(1)","Actions":"PlayCreature(HumanBeast_PantherArcher)"},
	{"ID":"^","Conditions":"OnOrAfterTurn(2)","Actions":"PlayCreature(HumanBeast_PantherArcher_Evo_01)"},
	{"ID":"^","Conditions":"OnOrAfterTurn(3)","Actions":"PlayCreature(HumanBeast_TigerWarrior_Evo_01)"},
	{"ID":"^","Conditions":"OnOrAfterTurn(4)","Actions":"PlayCreature(Manticore_Light_Evo_01, Center)"},
	{"ID":"SPDKING","Actions":"StartWithCard(PLAINS_0004); StartWithCard(PLAINS_0020); StartWithCard(NICE_0016); StartWithCard(PLAINS_0006)"},
	{"ID":"^","Conditions":"!LostCreatures(12)","Actions":"ForbidPlayCard(PLAINS_0004); ForbidPlayCard(PLAINS_0020)"},
	{"ID":"^","Conditions":"LostCreatures(6)","Actions":"Dialog(!!SPDKING_TEXT_01, 4)"},
	{"ID":"^","Conditions":"LostCreatures(12)","Actions":"Dialog(!!SPDKING_TEXT_02, 4)"},
	{"ID":"^","Conditions":"LostCreatures(12)","Actions":"PlayCreature(VerminQueen_Spider)"},
	{"ID":"^","Conditions":"LostCreatures(12)","Actions":"PlayCreature(VerminQueen_Spider)"},
	{"ID":"^","Conditions":"LostCreatures(12)","Actions":"PlayCreature(VerminQueen_Spider_Evo_01, Center)"},
	{"ID":"^","Conditions":"LostCreatures(15)","Actions":"Dialog(!!SPDKING_TEXT_03, 4)"},
	{"ID":"^","Conditions":"LostCreatures(15)","Actions":"PlayCreature(SpiderKing_Evo_01)"},
	{"ID":"^","Conditions":"CreatureBelowHPPercent(SpiderKing_Evo_01, 75)","Actions":"Dialog(!!SPDKING_TEXT_04, 4)"},
	{"ID":"^","Conditions":"!CreatureBelowHPPercent(SpiderKing_Evo_01, 75)","Actions":"ForbidPlayCard(NICE_0016)"},
	{"ID":"^","Conditions":"CreatureBelowHPPercent(SpiderKing_Evo_01, 30)","Actions":"Dialog(!!SPDKING_TEXT_05, 4)"},
	{"ID":"^","Conditions":"!CreatureBelowHPPercent(SpiderKing_Evo_01, 30)","Actions":"ForbidPlayCard(PLAINS_0006)"},
	{"ID":"SCARECROW","Conditions":"OnOrAfterTurn(0)","Actions":"PlayCreature(Scarecrow_Base_Light)"},
	{"ID":"^","Conditions":"LostCreatures(1)","Actions":"PlayCreature(Scarecrow_Base_Green)"},
	{"ID":"^","Conditions":"LostCreatures(2)","Actions":"PlayCreature(Scarecrow_Base_Red)"},
	{"ID":"^","Conditions":"LostCreatures(3)","Actions":"PlayCreature(Scarecrow_Evo_01_Light); PlayCreature(Scarecrow_Evo_01_Green); PlayCreature(Scarecrow_Evo_01_Red)"},
	{"ID":"ZOMBIE","Actions":"NonCritDamageBonusVsAI(-100)"},
	{"ID":"^","Actions":"CritDamageBonusVsAI(0)"},
	{"ID":"Quest_002","Conditions":"OnOrAfterTurn(0)","Actions":"PlayCreature(CornBall_Base)"},
	{"ID":"^","Conditions":"OnOrAfterTurn(1)","Actions":"PlayCreature(CornWorm_Base)"},
	{"ID":"^","Conditions":"OnOrAfterTurn(2)","Actions":"PlayCreature(HuskerGiant_Base, Center)"},
	{"ID":"Quest_003","Conditions":"OnOrAfterTurn(0)","Actions":"PlayCreature(SkeletalWarrior_Base_Red)"},
	{"ID":"^","Conditions":"OnOrAfterTurn(1)","Actions":"PlayCreature(GiantBat_Base_Dark)"},
	{"ID":"^","Conditions":"OnOrAfterTurn(2)","Actions":"PlayCreature(SkeletalWarrior_Base_Red)"},
	{"ID":"^","Conditions":"LostCreatures(3)","Actions":"PlayCreature(LegendaryDragon_Light)"},
	{"ID":"WIZARD","Actions":"StartWithCard(LDR_Wizard_04); StartWithCard(LDR_Wizard_02); StartWithCard(LDR_Wizard_05)"},
	{"ID":"^","Conditions":"OnOrAfterTurn(0)","Actions":"PlayCreature(Mage_Evo_01_Blue)"},
	{"ID":"^","Conditions":"OnOrAfterTurn(1)","Actions":"PlayCreature(Mage_Evo_01_Light)"},
	{"ID":"^","Conditions":"!LostCreatures(1); OnEvenNumberedTurn()","Actions":"ForbidAllCreatureAction(Mage_Evo_01_Blue)"},
	{"ID":"^","Conditions":"!LostCreatures(1); OnOddNumberedTurn()","Actions":"ForbidAllCreatureAction(Mage_Evo_01_Light)"},
	{"ID":"^","Conditions":"!LostCreatures(1)","Actions":"ForbidPlayCard(LDR_Wizard_05)"},
	{"ID":"^","Conditions":"CreatureAboveHPPercent(Mage_Evo_01_Blue, 50); LostCreatures(1)","Actions":"ForbidPlayCard(LDR_Wizard_04)"},
	{"ID":"^","Conditions":"CreatureAboveHPPercent(Mage_Evo_01_Light, 50); LostCreatures(1)","Actions":"ForbidPlayCard(LDR_Wizard_04)"},
	{"ID":"^","Conditions":"!LostCreatures(1)","Actions":"ForbidPlayCard(LDR_Wizard_04)"},
	{"ID":"^","Conditions":"OnOrAfterTurn(0)","Actions":"Dialog(!!WIZARD_TEXT_01, 3)"},
	{"ID":"^","Conditions":"OnOrAfterTurn(1)","Actions":"Dialog(!!WIZARD_TEXT_02, 3)"},
	{"ID":"^","Conditions":"OnOrAfterTurn(2)","Actions":"Dialog(!!WIZARD_TEXT_03, 2)"},
	{"ID":"^","Conditions":"LostCreatures(1)","Actions":"Dialog(!!WIZARD_TEXT_04, 3)"},
	{"ID":"^","Conditions":"CreatureBelowHPPercent(Mage_Evo_01_Blue, 50); LostCreatures(1)","Actions":"Dialog(!!WIZARD_TEXT_05, 3)"},
	{"ID":"^","Conditions":"CreatureBelowHPPercent(Mage_Evo_01_Light, 50); LostCreatures(1)","Actions":"Dialog(!!WIZARD_TEXT_05, 3)"},
	{"ID":"^","Conditions":"CreatureBelowHPPercent(Mage_Evo_01_Blue, 10); LostCreatures(1)","Actions":"Dialog(!!WIZARD_TEXT_06, 3)"},
	{"ID":"^","Conditions":"CreatureBelowHPPercent(Mage_Evo_01_Light, 10); LostCreatures(1)","Actions":"Dialog(!!WIZARD_TEXT_07, 3)"},
	{"ID":"JESTER","Actions":"RandomEnergy()"},
	{"ID":"^","Actions":"StartWithCard(LDR_Medusa_04); StartWithCard(LDR_Medusa_01)"},
	{"ID":"^","Conditions":"!OnOrAfterTurn(9)","Actions":"ForbidPlayCard(LDR_Medusa_04); ForbidPlayCard(LDR_Medusa_01)"},
	{"ID":"^","Conditions":"OnOrAfterTurn(0)","Actions":"Dialog(!!JESTER_TEXT_01, 2)"},
	{"ID":"^","Conditions":"OnOrAfterTurn(1)","Actions":"Dialog(!!JESTER_TEXT_02, 2)"},
	{"ID":"^","Conditions":"OnOrAfterTurn(2)","Actions":"Dialog(!!JESTER_TEXT_03, 3)"},
	{"ID":"^","Conditions":"OnOrAfterTurn(3)","Actions":"Dialog(!!JESTER_TEXT_04, 3)"},
	{"ID":"^","Conditions":"OnOrAfterTurn(4)","Actions":"Dialog(!!JESTER_TEXT_05, 2)"},
	{"ID":"^","Conditions":"OnOrAfterTurn(5)","Actions":"Dialog(!!JESTER_TEXT_06, 2)"},
	{"ID":"^","Conditions":"OnOrAfterTurn(6)","Actions":"Dialog(!!JESTER_TEXT_07, 3)"},
	{"ID":"^","Conditions":"OnOrAfterTurn(7)","Actions":"Dialog(!!JESTER_TEXT_08, 3)"},
	{"ID":"^","Conditions":"OnOrAfterTurn(8)","Actions":"Dialog(!!JESTER_TEXT_09, 2)"},
	{"ID":"^","Conditions":"OnOrAfterTurn(9)","Actions":"Dialog(!!JESTER_TEXT_10, 3)"},
	{"ID":"WK_MON_T1_Set","Conditions":"OnOrAfterTurn(0)","Actions":"PlayCreature(DieBat_Base_Red)"},
	{"ID":"^","Conditions":"OnOrAfterTurn(1)","Actions":"PlayCreature(Porc_Base_Red)"},
	{"ID":"^","Conditions":"OnOrAfterTurn(4)","Actions":"PlayCreature(PhantomKnight_Base_Red, Center)"},
	{"ID":"^","Conditions":"OnOrAfterTurn(2)","Actions":"PlayCreature(Porc_Base_Red)"},
	{"ID":"^","Conditions":"OnOrAfterTurn(3)","Actions":"PlayCreature(Besnaker_Base_Red)"},
	{"ID":"WK_MON_T2_Set","Conditions":"OnOrAfterTurn(0)","Actions":"PlayCreature(Porc_Base_Red)"},
	{"ID":"^","Conditions":"OnOrAfterTurn(1)","Actions":"PlayCreature(Golem_Base_Red)"},
	{"ID":"^","Conditions":"OnOrAfterTurn(4)","Actions":"PlayCreature(EvilBeast_Diablo, Center)"},
	{"ID":"^","Conditions":"OnOrAfterTurn(2)","Actions":"PlayCreature(PhantomKnight_Base_Red)"},
	{"ID":"^","Conditions":"OnOrAfterTurn(3)","Actions":"PlayCreature(Pegasus_Base_Red)"},
	{"ID":"WK_MON_T3_Set","Conditions":"OnOrAfterTurn(0)","Actions":"PlayCreature(Mimic_Base_Red)"},
	{"ID":"^","Conditions":"OnOrAfterTurn(1)","Actions":"PlayCreature(EvilBeast_Diablo)"},
	{"ID":"^","Conditions":"OnOrAfterTurn(4)","Actions":"PlayCreature(LegendaryDragon_Red, Center)"},
	{"ID":"^","Conditions":"OnOrAfterTurn(2)","Actions":"PlayCreature(HonorableBeast_Phoenix)"},
	{"ID":"^","Conditions":"OnOrAfterTurn(3)","Actions":"PlayCreature(Genie_Base_Red)"},
	{"ID":"WK_TUE_T1_Set","Conditions":"OnOrAfterTurn(0)","Actions":"PlayCreature(MagicScroll_Base_Blue)"},
	{"ID":"^","Conditions":"OnOrAfterTurn(1)","Actions":"PlayCreature(Mushroom_Base_Blue)"},
	{"ID":"^","Conditions":"OnOrAfterTurn(4)","Actions":"PlayCreature(Genie_Base_Blue, Center)"},
	{"ID":"^","Conditions":"OnOrAfterTurn(2)","Actions":"PlayCreature(Pegasus_Base_Blue)"},
	{"ID":"^","Conditions":"OnOrAfterTurn(3)","Actions":"PlayCreature(Imp_Base_Blue)"},
	{"ID":"WK_TUE_T2_Set","Conditions":"OnOrAfterTurn(0)","Actions":"PlayCreature(Mushroom_Base_Blue)"},
	{"ID":"^","Conditions":"OnOrAfterTurn(1)","Actions":"PlayCreature(BabyDragon_Base_Blue)"},
	{"ID":"^","Conditions":"OnOrAfterTurn(4)","Actions":"PlayCreature(HumanBeast_PantherArcher, Center)"},
	{"ID":"^","Conditions":"OnOrAfterTurn(2)","Actions":"PlayCreature(Bard_Base_Blue)"},
	{"ID":"^","Conditions":"OnOrAfterTurn(3)","Actions":"PlayCreature(Pegasus_Base_Blue)"},
	{"ID":"WK_TUE_T3_Set","Conditions":"OnOrAfterTurn(0)","Actions":"PlayCreature(BabyDragon_Base_Blue)"},
	{"ID":"^","Conditions":"OnOrAfterTurn(1)","Actions":"PlayCreature(MythicGirls_Mermaid)"},
	{"ID":"^","Conditions":"OnOrAfterTurn(4)","Actions":"PlayCreature(LegendaryDragon_Blue, Center)"},
	{"ID":"^","Conditions":"OnOrAfterTurn(2)","Actions":"PlayCreature(HonorableBeast_Hippocamp)"},
	{"ID":"^","Conditions":"OnOrAfterTurn(3)","Actions":"PlayCreature(Bard_Base_Blue)"},
	{"ID":"WK_WED_T1_Set","Conditions":"OnOrAfterTurn(0)","Actions":"PlayCreature(EnchantedShield_Base_Green)"},
	{"ID":"^","Conditions":"OnOrAfterTurn(1)","Actions":"PlayCreature(Porc_Base_Green)"},
	{"ID":"^","Conditions":"OnOrAfterTurn(4)","Actions":"PlayCreature(Troll_Base_Green, Center)"},
	{"ID":"^","Conditions":"OnOrAfterTurn(2)","Actions":"PlayCreature(EnchantedShield_Base_Green)"},
	{"ID":"^","Conditions":"OnOrAfterTurn(3)","Actions":"PlayCreature(Mushroom_Base_Green)"},
	{"ID":"WK_WED_T2_Set","Conditions":"OnOrAfterTurn(0)","Actions":"PlayCreature(Mushroom_Base_Green)"},
	{"ID":"^","Conditions":"OnOrAfterTurn(1)","Actions":"PlayCreature(Golem_Base_Green)"},
	{"ID":"^","Conditions":"OnOrAfterTurn(4)","Actions":"PlayCreature(HonorableBeast_Ent, Center)"},
	{"ID":"^","Conditions":"OnOrAfterTurn(2)","Actions":"PlayCreature(Elemental_Base_Green)"},
	{"ID":"^","Conditions":"OnOrAfterTurn(3)","Actions":"PlayCreature(SkeletalWarrior_Base_Green)"},
	{"ID":"WK_WED_T3_Set","Conditions":"OnOrAfterTurn(0)","Actions":"PlayCreature(Golem_Base_Green)"},
	{"ID":"^","Conditions":"OnOrAfterTurn(1)","Actions":"PlayCreature(GiantBeast_WarBeast)"},
	{"ID":"^","Conditions":"OnOrAfterTurn(4)","Actions":"PlayCreature(LegendaryDragon_Green, Center)"},
	{"ID":"^","Conditions":"OnOrAfterTurn(2)","Actions":"PlayCreature(GiantBeast_Cyclops)"},
	{"ID":"^","Conditions":"OnOrAfterTurn(3)","Actions":"PlayCreature(Elemental_Base_Green)"},
	{"ID":"WK_THU_T1_Set","Conditions":"OnOrAfterTurn(0)","Actions":"PlayCreature(MagicScroll_Base_Light)"},
	{"ID":"^","Conditions":"OnOrAfterTurn(1)","Actions":"PlayCreature(Pegasus_Base_Light)"},
	{"ID":"^","Conditions":"OnOrAfterTurn(4)","Actions":"PlayCreature(Vampire_Base_Light, Center)"},
	{"ID":"^","Conditions":"OnOrAfterTurn(2)","Actions":"PlayCreature(Mushroom_Base_Light)"},
	{"ID":"^","Conditions":"OnOrAfterTurn(3)","Actions":"PlayCreature(WillOWisp_Base_Light)"},
	{"ID":"WK_THU_T2_Set","Conditions":"OnOrAfterTurn(0)","Actions":"PlayCreature(Mushroom_Base_Light)"},
	{"ID":"^","Conditions":"OnOrAfterTurn(1)","Actions":"PlayCreature(MagicOrb_Base_Light)"},
	{"ID":"^","Conditions":"OnOrAfterTurn(4)","Actions":"PlayCreature(MythicGirls_Nymph, Center)"},
	{"ID":"^","Conditions":"OnOrAfterTurn(2)","Actions":"PlayCreature(PhantomKnight_Base_Light)"},
	{"ID":"^","Conditions":"OnOrAfterTurn(3)","Actions":"PlayCreature(Pegasus_Base_Light)"},
	{"ID":"WK_THU_T3_Set","Conditions":"OnOrAfterTurn(0)","Actions":"PlayCreature(MagicOrb_Base_Light)"},
	{"ID":"^","Conditions":"OnOrAfterTurn(1)","Actions":"PlayCreature(MythicGirls_Pixie)"},
	{"ID":"^","Conditions":"OnOrAfterTurn(4)","Actions":"PlayCreature(VerminQueen_Bee, Center)"},
	{"ID":"^","Conditions":"OnOrAfterTurn(2)","Actions":"PlayCreature(HonorableBeast_Unicorn)"},
	{"ID":"^","Conditions":"OnOrAfterTurn(3)","Actions":"PlayCreature(PhantomKnight_Base_Light)"},
	{"ID":"WK_FRI_T1_Set","Conditions":"OnOrAfterTurn(0)","Actions":"PlayCreature(Archer_Base_Dark)"},
	{"ID":"^","Conditions":"OnOrAfterTurn(1)","Actions":"PlayCreature(Snake_Base_Dark)"},
	{"ID":"^","Conditions":"OnOrAfterTurn(4)","Actions":"PlayCreature(Elemental_Base_Dark, Center)"},
	{"ID":"^","Conditions":"OnOrAfterTurn(2)","Actions":"PlayCreature(Porc_Base_Dark)"},
	{"ID":"^","Conditions":"OnOrAfterTurn(3)","Actions":"PlayCreature(Besnaker_Base_Dark)"},
	{"ID":"WK_FRI_T2_Set","Conditions":"OnOrAfterTurn(0)","Actions":"PlayCreature(SkeletalWarrior_Base_Dark)"},
	{"ID":"^","Conditions":"OnOrAfterTurn(1)","Actions":"PlayCreature(Genie_Base_Dark)"},
	{"ID":"^","Conditions":"OnOrAfterTurn(4)","Actions":"PlayCreature(MythicGirls_Siren, Center)"},
	{"ID":"^","Conditions":"OnOrAfterTurn(2)","Actions":"PlayCreature(Troll_Base_Dark)"},
	{"ID":"^","Conditions":"OnOrAfterTurn(3)","Actions":"PlayCreature(GiantBat_Base_Dark)"},
	{"ID":"WK_FRI_T3_Set","Conditions":"OnOrAfterTurn(0)","Actions":"PlayCreature(Genie_Base_Dark)"},
	{"ID":"^","Conditions":"OnOrAfterTurn(1)","Actions":"PlayCreature(EvilBeast_Medusa)"},
	{"ID":"^","Conditions":"OnOrAfterTurn(4)","Actions":"PlayCreature(Human_SkullShaman, Center)"},
	{"ID":"^","Conditions":"OnOrAfterTurn(2)","Actions":"PlayCreature(HonorableBeast_Manticore)"},
	{"ID":"^","Conditions":"OnOrAfterTurn(3)","Actions":"PlayCreature(Troll_Base_Dark)"},
	{"ID":"RNBRUNE_T1_Set","Conditions":"OnOrAfterTurn(0)","Actions":"PlayCreature(Genie_Base_Green)"},
	{"ID":"^","Conditions":"OnOrAfterTurn(1)","Actions":"PlayCreature(MythicGirls_Mermaid)"},
	{"ID":"^","Conditions":"OnOrAfterTurn(4)","Actions":"PlayCreature(VerminQueen_Butterfly, Center)"},
	{"ID":"^","Conditions":"OnOrAfterTurn(2)","Actions":"PlayCreature(MythicGirls_Firefly)"},
	{"ID":"^","Conditions":"OnOrAfterTurn(3)","Actions":"PlayCreature(Elemental_Base_Light)"},
	{"ID":"RNBRUNE_T2_Set","Conditions":"OnOrAfterTurn(0)","Actions":"PlayCreature(Genie_Base_Green)"},
	{"ID":"^","Conditions":"OnOrAfterTurn(1)","Actions":"PlayCreature(MythicGirls_Mermaid)"},
	{"ID":"^","Conditions":"OnOrAfterTurn(4)","Actions":"PlayCreature(VerminQueen_Butterfly, Center)"},
	{"ID":"^","Conditions":"OnOrAfterTurn(2)","Actions":"PlayCreature(MythicGirls_Firefly)"},
	{"ID":"^","Conditions":"OnOrAfterTurn(3)","Actions":"PlayCreature(Elemental_Base_Light)"},
	{"ID":"RNBRUNE_T3_Set","Conditions":"OnOrAfterTurn(0)","Actions":"PlayCreature(Genie_Evo_01_Green)"},
	{"ID":"^","Conditions":"OnOrAfterTurn(1)","Actions":"PlayCreature(MythicGirls_Mermaid_Evo_01)"},
	{"ID":"^","Conditions":"OnOrAfterTurn(4)","Actions":"PlayCreature(VerminQueen_Butterfly_Evo_01, Center)"},
	{"ID":"^","Conditions":"OnOrAfterTurn(2)","Actions":"PlayCreature(MythicGirls_Firefly_Evo_01)"},
	{"ID":"^","Conditions":"OnOrAfterTurn(3)","Actions":"PlayCreature(Elemental_Evo_01_Light)"},
	{"ID":"ENERGYDRINK","Actions":"ForceEnergy(10)"},
	{"ID":"^","Conditions":"OnOrAfterTurn(0)","Actions":"PlayCreature(Fluffantry_Base)"},
	{"ID":"^","Conditions":"OnOrAfterTurn(0)","Actions":"PlayCreature(MotherFluffBucket_Base)"},
	{"ID":"^","Conditions":"OnOrAfterTurn(0)","Actions":"PlayCreature(HeartAngel_Base"},
	{"ID":"^","Conditions":"OnOrAfterTurn(0)","Actions":"PlayCreature(Cow_Awaken)"},
	{"ID":"^","Conditions":"OnOrAfterTurn(0)","Actions":"PlayCreature(KingFluff_Base)"},
	{"ID":"SPIDER","Conditions":"OnOrAfterTurn(0)","Actions":"PlayCreature(ExtraordinarySpider_Awaken)"},
	{"ID":"^","Conditions":"OnOrAfterTurn(1)","Actions":"PlayCreature(ExtraordinarySpider_Base)"},
	{"ID":"^","Conditions":"OnOrAfterTurn(1)","Actions":"PlayCreature(ExtraordinarySpider_Awaken)"},
	{"ID":"^","Conditions":"OnOrAfterTurn(1)","Actions":"PlayCreature(WallOfSand_Base)"},
	{"ID":"^","Conditions":"OnOrAfterTurn(1)","Actions":"PlayCard(DUNGEON_SPIDER_01, ExtraordinarySpider_Awaken)"},
	{"ID":"^","Conditions":"OnOrAfterTurn(1)","Actions":"PlayCard(DUNGEON_SPIDER_02, ExtraordinarySpider_Awaken)"},
	{"ID":"^","Conditions":"OnOrAfterTurn(1)","Actions":"PlayCard(DUNGEON_SPIDER_03, ExtraordinarySpider_Awaken)"},
	{"ID":"BULL","Conditions":"OnOrAfterTurn(1)","Actions":"PlayCreature(Bull_Base)"},
	{"ID":"^","Conditions":"OnOrAfterTurn(0)","Actions":"PlayCreature(Bull_Base)"},
	{"ID":"^","Conditions":"OnOrAfterTurn(2)","Actions":"PlayCreature(Bull_Awaken, Center)"},
	{"ID":"^","Conditions":"OnOrAfterTurn(2)","Actions":"PlayCard(DUNGEON_BULL_01, Bull_Awaken)"},
	{"ID":"SLUDGER_T1","Conditions":"OnOrAfterTurn(0)","Actions":"PlayCreature(Sludger_Base, Center)"},
	{"ID":"^","Conditions":"OnOrAfterTurn(2)","Actions":"PlayCard(DUNGEON_SLUDGER_01, Sludger_Base)"},
	{"ID":"^","Conditions":"OnOrAfterTurn(1)","Actions":"PlayCard(DUNGEON_SLUDGER_02, Sludger_Base)"},
	{"ID":"SLUDGER_T2","Conditions":"OnOrAfterTurn(0)","Actions":"PlayCreature(Sludger_Awaken, Center)"},
	{"ID":"^","Conditions":"OnOrAfterTurn(2)","Actions":"PlayCard(DUNGEON_SLUDGER_03, Sludger_Awaken)"},
	{"ID":"^","Conditions":"OnOrAfterTurn(1)","Actions":"PlayCard(DUNGEON_SLUDGER_04, Sludger_Awaken)"},
	{"ID":"MUTANTZOMBIEREX","Conditions":"OnOrAfterTurn(1)","Actions":"PlayCreature(EyeGuy_Base)"},
	{"ID":"^","Conditions":"OnOrAfterTurn(1)","Actions":"PlayCreature(MouthBall_Base)"},
	{"ID":"^","Conditions":"OnOrAfterTurn(2)","Actions":"PlayCreature(MouthBall_Base)"},
	{"ID":"^","Conditions":"OnOrAfterTurn(0)","Actions":"PlayCreature(MutantZombieRex_Awaken, Center)"},
	{"ID":"^","Conditions":"OnOrAfterTurn(3)","Actions":"PlayCreature(EyeGuy_Base)"},
	{"ID":"^","Conditions":"OnOrAfterTurn(2)","Actions":"PlayCard(DUNGEON_MUTANTZOMBIEREX_01, MutantZombieRex_Awaken)"},
	{"ID":"^","Conditions":"OnOrAfterTurn(2)","Actions":"PlayCard(DUNGEON_MUTANTZOMBIEREX_02, MutantZombieRex_Awaken)"},
	{"ID":"EARL","Conditions":"OnOrAfterTurn(0)","Actions":"PlayCreature(Earl_Awaken)"},
	{"ID":"^","Conditions":"OnOrAfterTurn(1)","Actions":"PlayCard(DUNGEON_EARL_03, Earl_Awaken)"},
	{"ID":"ALECSANDER","Conditions":"OnOrAfterTurn(1)","Actions":"PlayCreature(Sandwitch_Base)"},
	{"ID":"^","Conditions":"OnOrAfterTurn(1)","Actions":"PlayCreature(SandKnight_Base)"},
	{"ID":"^","Conditions":"OnOrAfterTurn(0)","Actions":"PlayCreature(Sandor_Awaken)"},
	{"ID":"^","Conditions":"OnOrAfterTurn(1)","Actions":"PlayCreature(WallOfSand_Base)"},
	{"ID":"^","Conditions":"CreatureMissingStatus(Sandwitch_Base, Sandylands)","Actions":"PlayCard(DUNGEON_ALECSANDER_01, Sandwitch_Base)"},
	{"ID":"^","Conditions":"CreatureMissingStatus(SandKnight_Base, Revenge)","Actions":"PlayCard(DUNGEON_ALECSANDER_02, SandKnight_Base)"},
	{"ID":"^","Conditions":"CreatureMissingStatus(WallOfSand_Base, BoostDef)","Actions":"PlayCard(DUNGEON_ALECSANDER_03, WallOfSand_Base)"},
	{"ID":"^","Conditions":"!HasCreature(Sandor_Awaken)","Actions":"ForbidPlayCreature(Sandwitch_Base)"},
	{"ID":"^","Conditions":"!HasCreature(Sandor_Awaken)","Actions":"ForbidPlayCreature(SandKnight_Base)"},
	{"ID":"^","Conditions":"!HasCreature(Sandor_Awaken)","Actions":"ForbidPlayCreature(WallOfSand_Base)"}
]
