[
	{"Index":"0","Type":"SoftCurrency","Quantity":"10000","Name":"!!CURRENCY_SOFT","Icon":"Icon_Currency_Soft","Weight":"10"},
	{"Index":"1","Type":"PvPCurrency","Quantity":"50","Name":"!!CURRENCY_PVP","Icon":"Icon_Currency_PVPCurrency","Weight":"50"},
	{"Index":"2","Type":"HardCurrency","Quantity":"1","Name":"!!CURRENCY_HARD","Icon":"Icon_Currency_Hard","Weight":"50"},
	{"Index":"3","Type":"StaminaPvP","Quantity":"3","Name":"!!PVP_ENERGY","Icon":"Icon_Currency_PVPEnergy","Weight":"100"},
	{"Index":"4","Type":"SoftCurrency","Quantity":"1000","Name":"!!CURRENCY_SOFT","Icon":"Icon_Currency_Soft","Weight":"100"},
	{"Index":"5","Type":"StaminaPvE","Quantity":"5","Name":"!!BATTLE_ENERGY","Icon":"Icon_Currency_BattleEnergy","Weight":"100"},
	{"Index":"6","Type":"SoftCurrency","Quantity":"100","Name":"!!CURRENCY_SOFT","Icon":"Icon_Currency_Soft","Weight":"100"},
	{"Index":"7","Type":"HardCurrency","Quantity":"3","Name":"!!CURRENCY_HARD","Icon":"Icon_Currency_Hard","Weight":"5"},
	{"Index":"8","Type":"PvPCurrency","Quantity":"500","Name":"!!CURRENCY_PVP","Icon":"Icon_Currency_PVPCurrency","Weight":"50"},
	{"Index":"9","Type":"StaminaPvP","Quantity":"5","Name":"!!PVP_ENERGY","Icon":"Icon_Currency_PVPEnergy","Weight":"100"},
	{"Index":"10","Type":"HardCurrency","Quantity":"5","Name":"!!CURRENCY_HARD","Icon":"Icon_Currency_Hard","Weight":"1"},
	{"Index":"11","Type":"StaminaPvE","Quantity":"10","Name":"!!BATTLE_ENERGY","Icon":"Icon_Currency_BattleEnergy","Weight":"100"}
]
