[
	{"ID":"EPD_RankXP_Short_T1","Name":"!!EXPEDITION_NAME_1","UITexture":"UI_ActionCard_Portrait_006","TicketCost":"1","Type":"Training","Duration":"1h","MinRank":"16","LootTable":"EPD_RankXP_Short_T1","Creatures":"3","ExtraLevelBonus":"1","FavoredClassBonus":"5","BaseSuccessChance":"35","FailRolls":"1","SuccessMainRolls":"1","SuccessExtraRolls":"1","BigSuccessBonusExtraRolls":"1"},
	{"ID":"EPD_RankXP_Med_T1","Name":"!!EXPEDITION_NAME_2","UITexture":"UI_ActionCard_Portrait_013","TicketCost":"6","Type":"Training","Duration":"8h","MinRank":"17","LootTable":"EPD_RankXP_Med_T1","Creatures":"3","ExtraLevelBonus":"1","FavoredClassBonus":"5","BaseSuccessChance":"35","FailRolls":"1","SuccessMainRolls":"1","SuccessExtraRolls":"1","BigSuccessBonusExtraRolls":"1"},
	{"ID":"EPD_RankXP_Long_T1","Name":"!!EXPEDITION_NAME_3","UITexture":"UI_ActionCard_Portrait_004","TicketCost":"18","Type":"Training","Duration":"24h","MinRank":"18","LootTable":"EPD_RankXP_Long_T1","Creatures":"3","ExtraLevelBonus":"1","FavoredClassBonus":"5","BaseSuccessChance":"35","FailRolls":"1","SuccessMainRolls":"1","SuccessExtraRolls":"1","BigSuccessBonusExtraRolls":"1"},
	{"ID":"EPD_RankXP_Short_T2","Name":"!!EXPEDITION_NAME_4","UITexture":"UI_ActionCard_Portrait_005","TicketCost":"2","Type":"Training","Duration":"2h","MinRank":"50","LootTable":"EPD_RankXP_Short_T2","Creatures":"4","MinLevel":"20","ExtraLevelBonus":"1","FavoredClassBonus":"4","BaseSuccessChance":"20","FailRolls":"1","SuccessMainRolls":"1","SuccessExtraRolls":"1","BigSuccessBonusExtraRolls":"1"},
	{"ID":"EPD_RankXP_Med_T2","Name":"!!EXPEDITION_NAME_5","UITexture":"UI_ActionCard_Portrait_018","TicketCost":"9","Type":"Training","Duration":"12h","MinRank":"50","LootTable":"EPD_RankXP_Med_T2","Creatures":"4","MinLevel":"20","ExtraLevelBonus":"1","FavoredClassBonus":"4","BaseSuccessChance":"20","FailRolls":"1","SuccessMainRolls":"1","SuccessExtraRolls":"1","BigSuccessBonusExtraRolls":"1"},
	{"ID":"EPD_RankXP_Long_T2","Name":"!!EXPEDITION_NAME_6","UITexture":"UI_ActionCard_Portrait_003","TicketCost":"27","Type":"Training","Duration":"36h","MinRank":"50","LootTable":"EPD_RankXP_Long_T2","Creatures":"4","MinLevel":"20","ExtraLevelBonus":"1","FavoredClassBonus":"4","BaseSuccessChance":"20","FailRolls":"1","SuccessMainRolls":"1","SuccessExtraRolls":"1","BigSuccessBonusExtraRolls":"1"},
	{"ID":"EPD_RankXP_Short_T3","Name":"!!EXPEDITION_NAME_7","UITexture":"UI_ActionCard_Portrait_038","TicketCost":"3","Type":"Training","Duration":"3h","MinRank":"100","LootTable":"EPD_RankXP_Short_T3","Creatures":"5","MinLevel":"40","ExtraLevelBonus":"1","FavoredClassBonus":"3","BaseSuccessChance":"5","FailRolls":"1","SuccessMainRolls":"1","SuccessExtraRolls":"1","BigSuccessBonusExtraRolls":"1"},
	{"ID":"EPD_RankXP_Med_T3","Name":"!!EXPEDITION_NAME_8","UITexture":"UI_ActionCard_Portrait_022","TicketCost":"12","Type":"Training","Duration":"16h","MinRank":"100","LootTable":"EPD_RankXP_Med_T3","Creatures":"5","MinLevel":"40","ExtraLevelBonus":"1","FavoredClassBonus":"3","BaseSuccessChance":"5","FailRolls":"1","SuccessMainRolls":"1","SuccessExtraRolls":"1","BigSuccessBonusExtraRolls":"1"},
	{"ID":"EPD_RankXP_Long_T3","Name":"!!EXPEDITION_NAME_9","UITexture":"UI_ActionCard_Portrait_040","TicketCost":"36","Type":"Training","Duration":"48h","MinRank":"100","LootTable":"EPD_RankXP_Long_T3","Creatures":"5","MinLevel":"40","ExtraLevelBonus":"1","FavoredClassBonus":"3","BaseSuccessChance":"5","FailRolls":"1","SuccessMainRolls":"1","SuccessExtraRolls":"1","BigSuccessBonusExtraRolls":"1"},
	{"ID":"EPD_Maps_T1","Name":"!!EXPEDITION_NAME_10","UITexture":"UI_ActionCard_Portrait_207","TicketCost":"18","Type":"Map","Duration":"24h","MinRank":"15","LootTable":"EPD_Maps_T1","Creatures":"3","ExtraLevelBonus":"1","FavoredClassBonus":"5","BaseSuccessChance":"35","FailRolls":"1","SuccessMainRolls":"1","SuccessExtraRolls":"1","BigSuccessBonusMainRolls":"1","BigSuccessBonusExtraRolls":"1"},
	{"ID":"EPD_Maps_T2","Name":"!!EXPEDITION_NAME_11","UITexture":"UI_ActionCard_Portrait_140","TicketCost":"27","Type":"Map","Duration":"36h","MinRank":"50","LootTable":"EPD_Maps_T2","Creatures":"4","MinLevel":"20","ExtraLevelBonus":"1","FavoredClassBonus":"4","BaseSuccessChance":"20","FailRolls":"1","SuccessMainRolls":"1","SuccessExtraRolls":"1","BigSuccessBonusMainRolls":"1","BigSuccessBonusExtraRolls":"1"},
	{"ID":"EPD_Maps_T3","Name":"!!EXPEDITION_NAME_12","UITexture":"UI_ActionCard_Portrait_100","TicketCost":"36","Type":"Map","Duration":"48h","MinRank":"100","LootTable":"EPD_Maps_T3","Creatures":"5","MinLevel":"40","ExtraLevelBonus":"1","FavoredClassBonus":"3","BaseSuccessChance":"5","FailRolls":"1","SuccessMainRolls":"1","SuccessExtraRolls":"1","BigSuccessBonusMainRolls":"1","BigSuccessBonusExtraRolls":"1"},
	{"ID":"EPD_Dieclops_T1","Name":"!!EXPEDITION_NAME_13","UITexture":"UI_ActionCard_Portrait_099","TicketCost":"18","Type":"Dieclops","Duration":"24h","MinRank":"19","LootTable":"EPD_Dieclops_T1","Creatures":"3","ExtraLevelBonus":"1","FavoredClassBonus":"5","BaseSuccessChance":"35","FailRolls":"1","SuccessMainRolls":"1","SuccessExtraRolls":"1","BigSuccessBonusMainRolls":"1","BigSuccessBonusExtraRolls":"1"},
	{"ID":"EPD_Dieclops_T2","Name":"!!EXPEDITION_NAME_14","UITexture":"UI_ActionCard_Portrait_019","TicketCost":"36","Type":"Dieclops","Duration":"48h","MinRank":"50","LootTable":"EPD_Dieclops_T2","Creatures":"4","MinLevel":"20","ExtraLevelBonus":"1","FavoredClassBonus":"4","BaseSuccessChance":"20","FailRolls":"1","SuccessMainRolls":"2","SuccessExtraRolls":"1","BigSuccessBonusMainRolls":"1","BigSuccessBonusExtraRolls":"1"},
	{"ID":"EPD_Dieclops_T3","Name":"!!EXPEDITION_NAME_15","UITexture":"UI_ActionCard_Portrait_224","TicketCost":"54","Type":"Dieclops","Duration":"72h","MinRank":"100","LootTable":"EPD_Dieclops_T3","Creatures":"5","MinLevel":"40","ExtraLevelBonus":"1","FavoredClassBonus":"3","BaseSuccessChance":"5","FailRolls":"1","SuccessMainRolls":"3","SuccessExtraRolls":"1","BigSuccessBonusMainRolls":"1","BigSuccessBonusExtraRolls":"1"},
	{"ID":"EPD_Rune_Red_T1","Name":"!!EXPEDITION_NAME_16","UITexture":"UI_ActionCard_Portrait_184","TicketCost":"9","Type":"Rune","Duration":"12h","MinRank":"10","LootTable":"EPD_Rune_Red_T1","Creatures":"3","ExtraLevelBonus":"1","FavoredClass":"Red","FavoredClassBonus":"5","BaseSuccessChance":"35","FailRolls":"1","SuccessMainRolls":"1","SuccessExtraRolls":"1","BigSuccessBonusMainRolls":"1","BigSuccessBonusExtraRolls":"1"},
	{"ID":"EPD_Rune_Blue_T1","Name":"!!EXPEDITION_NAME_17","UITexture":"UI_ActionCard_Portrait_182","TicketCost":"9","Type":"Rune","Duration":"12h","MinRank":"11","LootTable":"EPD_Rune_Blue_T1","Creatures":"3","ExtraLevelBonus":"1","FavoredClass":"Blue","FavoredClassBonus":"5","BaseSuccessChance":"35","FailRolls":"1","SuccessMainRolls":"1","SuccessExtraRolls":"1","BigSuccessBonusMainRolls":"1","BigSuccessBonusExtraRolls":"1"},
	{"ID":"EPD_Rune_Green_T1","Name":"!!EXPEDITION_NAME_18","UITexture":"UI_ActionCard_Portrait_186","TicketCost":"9","Type":"Rune","Duration":"12h","MinRank":"12","LootTable":"EPD_Rune_Green_T1","Creatures":"3","ExtraLevelBonus":"1","FavoredClass":"Green","FavoredClassBonus":"5","BaseSuccessChance":"35","FailRolls":"1","SuccessMainRolls":"1","SuccessExtraRolls":"1","BigSuccessBonusMainRolls":"1","BigSuccessBonusExtraRolls":"1"},
	{"ID":"EPD_Rune_Light_T1","Name":"!!EXPEDITION_NAME_19","UITexture":"UI_ActionCard_Portrait_127","TicketCost":"9","Type":"Rune","Duration":"12h","MinRank":"13","LootTable":"EPD_Rune_Light_T1","Creatures":"3","ExtraLevelBonus":"1","FavoredClass":"Light","FavoredClassBonus":"5","BaseSuccessChance":"35","FailRolls":"1","SuccessMainRolls":"1","SuccessExtraRolls":"1","BigSuccessBonusMainRolls":"1","BigSuccessBonusExtraRolls":"1"},
	{"ID":"EPD_Rune_Dark_T1","Name":"!!EXPEDITION_NAME_20","UITexture":"UI_ActionCard_Portrait_185","TicketCost":"9","Type":"Rune","Duration":"12h","MinRank":"14","LootTable":"EPD_Rune_Dark_T1","Creatures":"3","ExtraLevelBonus":"1","FavoredClass":"Dark","FavoredClassBonus":"5","BaseSuccessChance":"35","FailRolls":"1","SuccessMainRolls":"1","SuccessExtraRolls":"1","BigSuccessBonusMainRolls":"1","BigSuccessBonusExtraRolls":"1"},
	{"ID":"EPD_Rune_Red_T2","Name":"!!EXPEDITION_NAME_21","UITexture":"UI_ActionCard_Portrait_082","TicketCost":"18","Type":"Rune","Duration":"24h","MinRank":"50","LootTable":"EPD_Rune_Red_T2","Creatures":"4","MinLevel":"20","ExtraLevelBonus":"1","FavoredClass":"Red","FavoredClassBonus":"4","BaseSuccessChance":"20","FailRolls":"1","SuccessMainRolls":"1","SuccessExtraRolls":"1","BigSuccessBonusMainRolls":"1","BigSuccessBonusExtraRolls":"1"},
	{"ID":"EPD_Rune_Blue_T2","Name":"!!EXPEDITION_NAME_22","UITexture":"UI_ActionCard_Portrait_227","TicketCost":"18","Type":"Rune","Duration":"24h","MinRank":"50","LootTable":"EPD_Rune_Blue_T2","Creatures":"4","MinLevel":"20","ExtraLevelBonus":"1","FavoredClass":"Blue","FavoredClassBonus":"4","BaseSuccessChance":"20","FailRolls":"1","SuccessMainRolls":"1","SuccessExtraRolls":"1","BigSuccessBonusMainRolls":"1","BigSuccessBonusExtraRolls":"1"},
	{"ID":"EPD_Rune_Green_T2","Name":"!!EXPEDITION_NAME_23","UITexture":"UI_ActionCard_Portrait_189","TicketCost":"18","Type":"Rune","Duration":"24h","MinRank":"50","LootTable":"EPD_Rune_Green_T2","Creatures":"4","MinLevel":"20","ExtraLevelBonus":"1","FavoredClass":"Green","FavoredClassBonus":"4","BaseSuccessChance":"20","FailRolls":"1","SuccessMainRolls":"1","SuccessExtraRolls":"1","BigSuccessBonusMainRolls":"1","BigSuccessBonusExtraRolls":"1"},
	{"ID":"EPD_Rune_Light_T2","Name":"!!EXPEDITION_NAME_24","UITexture":"UI_ActionCard_Portrait_180","TicketCost":"18","Type":"Rune","Duration":"24h","MinRank":"50","LootTable":"EPD_Rune_Light_T2","Creatures":"4","MinLevel":"20","ExtraLevelBonus":"1","FavoredClass":"Light","FavoredClassBonus":"4","BaseSuccessChance":"20","FailRolls":"1","SuccessMainRolls":"1","SuccessExtraRolls":"1","BigSuccessBonusMainRolls":"1","BigSuccessBonusExtraRolls":"1"},
	{"ID":"EPD_Rune_Dark_T2","Name":"!!EXPEDITION_NAME_25","UITexture":"UI_ActionCard_Portrait_190","TicketCost":"18","Type":"Rune","Duration":"24h","MinRank":"50","LootTable":"EPD_Rune_Dark_T2","Creatures":"4","MinLevel":"20","ExtraLevelBonus":"1","FavoredClass":"Dark","FavoredClassBonus":"4","BaseSuccessChance":"20","FailRolls":"1","SuccessMainRolls":"1","SuccessExtraRolls":"1","BigSuccessBonusMainRolls":"1","BigSuccessBonusExtraRolls":"1"},
	{"ID":"EPD_Rune_Red_T3","Name":"!!EXPEDITION_NAME_26","UITexture":"UI_ActionCard_Portrait_125","TicketCost":"27","Type":"Rune","Duration":"36h","MinRank":"100","LootTable":"EPD_Rune_Red_T3","Creatures":"5","MinLevel":"40","ExtraLevelBonus":"1","FavoredClass":"Red","FavoredClassBonus":"3","BaseSuccessChance":"5","FailRolls":"1","SuccessMainRolls":"1","SuccessExtraRolls":"1","BigSuccessBonusMainRolls":"1","BigSuccessBonusExtraRolls":"1"},
	{"ID":"EPD_Rune_Blue_T3","Name":"!!EXPEDITION_NAME_27","UITexture":"UI_ActionCard_Portrait_223","TicketCost":"27","Type":"Rune","Duration":"36h","MinRank":"100","LootTable":"EPD_Rune_Blue_T3","Creatures":"5","MinLevel":"40","ExtraLevelBonus":"1","FavoredClass":"Blue","FavoredClassBonus":"3","BaseSuccessChance":"5","FailRolls":"1","SuccessMainRolls":"1","SuccessExtraRolls":"1","BigSuccessBonusMainRolls":"1","BigSuccessBonusExtraRolls":"1"},
	{"ID":"EPD_Rune_Green_T3","Name":"!!EXPEDITION_NAME_28","UITexture":"UI_ActionCard_Portrait_226","TicketCost":"27","Type":"Rune","Duration":"36h","MinRank":"100","LootTable":"EPD_Rune_Green_T3","Creatures":"5","MinLevel":"40","ExtraLevelBonus":"1","FavoredClass":"Green","FavoredClassBonus":"3","BaseSuccessChance":"5","FailRolls":"1","SuccessMainRolls":"1","SuccessExtraRolls":"1","BigSuccessBonusMainRolls":"1","BigSuccessBonusExtraRolls":"1"},
	{"ID":"EPD_Rune_Light_T3","Name":"!!EXPEDITION_NAME_29","UITexture":"UI_ActionCard_Portrait_183","TicketCost":"27","Type":"Rune","Duration":"36h","MinRank":"100","LootTable":"EPD_Rune_Light_T3","Creatures":"5","MinLevel":"40","ExtraLevelBonus":"1","FavoredClass":"Light","FavoredClassBonus":"3","BaseSuccessChance":"5","FailRolls":"1","SuccessMainRolls":"1","SuccessExtraRolls":"1","BigSuccessBonusMainRolls":"1","BigSuccessBonusExtraRolls":"1"},
	{"ID":"EPD_Rune_Dark_T3","Name":"!!EXPEDITION_NAME_30","UITexture":"UI_ActionCard_Portrait_176","TicketCost":"27","Type":"Rune","Duration":"36h","MinRank":"100","LootTable":"EPD_Rune_Dark_T3","Creatures":"5","MinLevel":"40","ExtraLevelBonus":"1","FavoredClass":"Dark","FavoredClassBonus":"3","BaseSuccessChance":"5","FailRolls":"1","SuccessMainRolls":"1","SuccessExtraRolls":"1","BigSuccessBonusMainRolls":"1","BigSuccessBonusExtraRolls":"1"},
	{"ID":"EPD_Soft_Short_T1","Name":"!!EXPEDITION_NAME_31","UITexture":"UI_ActionCard_Portrait_095","TicketCost":"1","Type":"Gold","Duration":"1h","LootTable":"EPD_Soft_Short_T1","Creatures":"3","ExtraLevelBonus":"1","FavoredClassBonus":"5","BaseSuccessChance":"35","FailRolls":"1","SuccessMainRolls":"1","SuccessExtraRolls":"1","BigSuccessBonusExtraRolls":"1"},
	{"ID":"EPD_Soft_Med_T1","Name":"!!EXPEDITION_NAME_32","UITexture":"UI_ActionCard_Portrait_085","TicketCost":"6","Type":"Gold","Duration":"8h","LootTable":"EPD_Soft_Med_T1","Creatures":"3","ExtraLevelBonus":"1","FavoredClassBonus":"5","BaseSuccessChance":"35","FailRolls":"1","SuccessMainRolls":"1","SuccessExtraRolls":"1","BigSuccessBonusExtraRolls":"1"},
	{"ID":"EPD_Soft_Long_T1","Name":"!!EXPEDITION_NAME_33","UITexture":"UI_ActionCard_Portrait_086","TicketCost":"18","Type":"Gold","Duration":"24h","LootTable":"EPD_Soft_Long_T1","Creatures":"3","ExtraLevelBonus":"1","FavoredClassBonus":"5","BaseSuccessChance":"35","FailRolls":"1","SuccessMainRolls":"1","SuccessExtraRolls":"1","BigSuccessBonusExtraRolls":"1"},
	{"ID":"EPD_Soft_Short_T2","Name":"!!EXPEDITION_NAME_34","UITexture":"UI_ActionCard_Portrait_201","TicketCost":"2","Type":"Gold","Duration":"2h","MinRank":"50","LootTable":"EPD_Soft_Short_T2","Creatures":"4","MinLevel":"20","ExtraLevelBonus":"1","FavoredClassBonus":"4","BaseSuccessChance":"20","FailRolls":"1","SuccessMainRolls":"1","SuccessExtraRolls":"1","BigSuccessBonusExtraRolls":"1"},
	{"ID":"EPD_Soft_Med_T2","Name":"!!EXPEDITION_NAME_35","UITexture":"UI_ActionCard_Portrait_111","TicketCost":"9","Type":"Gold","Duration":"12h","MinRank":"50","LootTable":"EPD_Soft_Med_T2","Creatures":"4","MinLevel":"20","ExtraLevelBonus":"1","FavoredClassBonus":"4","BaseSuccessChance":"20","FailRolls":"1","SuccessMainRolls":"1","SuccessExtraRolls":"1","BigSuccessBonusExtraRolls":"1"},
	{"ID":"EPD_Soft_Long_T2","Name":"!!EXPEDITION_NAME_36","UITexture":"UI_ActionCard_Portrait_161","TicketCost":"27","Type":"Gold","Duration":"36h","MinRank":"50","LootTable":"EPD_Soft_Long_T2","Creatures":"4","MinLevel":"20","ExtraLevelBonus":"1","FavoredClassBonus":"4","BaseSuccessChance":"20","FailRolls":"1","SuccessMainRolls":"1","SuccessExtraRolls":"1","BigSuccessBonusExtraRolls":"1"},
	{"ID":"EPD_Soft_Short_T3","Name":"!!EXPEDITION_NAME_37","UITexture":"UI_ActionCard_Portrait_243","TicketCost":"3","Type":"Gold","Duration":"3h","MinRank":"100","LootTable":"EPD_Soft_Short_T3","Creatures":"5","MinLevel":"40","ExtraLevelBonus":"1","FavoredClassBonus":"3","BaseSuccessChance":"5","FailRolls":"1","SuccessMainRolls":"1","SuccessExtraRolls":"1","BigSuccessBonusExtraRolls":"1"},
	{"ID":"EPD_Soft_Med_T3","Name":"!!EXPEDITION_NAME_38","UITexture":"UI_ActionCard_Portrait_198","TicketCost":"12","Type":"Gold","Duration":"16h","MinRank":"100","LootTable":"EPD_Soft_Med_T3","Creatures":"5","MinLevel":"40","ExtraLevelBonus":"1","FavoredClassBonus":"3","BaseSuccessChance":"5","FailRolls":"1","SuccessMainRolls":"1","SuccessExtraRolls":"1","BigSuccessBonusExtraRolls":"1"},
	{"ID":"EPD_Soft_Long_T3","Name":"!!EXPEDITION_NAME_39","UITexture":"UI_ActionCard_Portrait_225","TicketCost":"36","Type":"Gold","Duration":"48h","MinRank":"100","LootTable":"EPD_Soft_Long_T3","Creatures":"5","MinLevel":"40","ExtraLevelBonus":"1","FavoredClassBonus":"3","BaseSuccessChance":"5","FailRolls":"1","SuccessMainRolls":"1","SuccessExtraRolls":"1","BigSuccessBonusExtraRolls":"1"},
	{"ID":"EPD_Social_Short_T1","Name":"!!EXPEDITION_NAME_40","UITexture":"UI_ActionCard_Portrait_097","TicketCost":"1","Type":"Fangs","Duration":"1h","LootTable":"EPD_Social_Short_T1","Creatures":"3","ExtraLevelBonus":"1","FavoredClassBonus":"5","BaseSuccessChance":"35","FailRolls":"1","SuccessMainRolls":"1","SuccessExtraRolls":"1","BigSuccessBonusExtraRolls":"1"},
	{"ID":"EPD_Social_Med_T1","Name":"!!EXPEDITION_NAME_41","UITexture":"UI_ActionCard_Portrait_080","TicketCost":"6","Type":"Fangs","Duration":"8h","LootTable":"EPD_Social_Med_T1","Creatures":"3","ExtraLevelBonus":"1","FavoredClassBonus":"5","BaseSuccessChance":"35","FailRolls":"1","SuccessMainRolls":"1","SuccessExtraRolls":"1","BigSuccessBonusExtraRolls":"1"},
	{"ID":"EPD_Social_Long_T1","Name":"!!EXPEDITION_NAME_42","UITexture":"UI_ActionCard_Portrait_076","TicketCost":"18","Type":"Fangs","Duration":"24h","LootTable":"EPD_Social_Long_T1","Creatures":"3","ExtraLevelBonus":"1","FavoredClassBonus":"5","BaseSuccessChance":"35","FailRolls":"1","SuccessMainRolls":"1","SuccessExtraRolls":"1","BigSuccessBonusExtraRolls":"1"},
	{"ID":"EPD_Social_Short_T2","Name":"!!EXPEDITION_NAME_43","UITexture":"UI_ActionCard_Portrait_069","TicketCost":"2","Type":"Fangs","Duration":"2h","MinRank":"50","LootTable":"EPD_Social_Short_T2","Creatures":"4","MinLevel":"20","ExtraLevelBonus":"1","FavoredClassBonus":"4","BaseSuccessChance":"20","FailRolls":"1","SuccessMainRolls":"1","SuccessExtraRolls":"1","BigSuccessBonusExtraRolls":"1"},
	{"ID":"EPD_Social_Med_T2","Name":"!!EXPEDITION_NAME_44","UITexture":"UI_ActionCard_Portrait_041","TicketCost":"9","Type":"Fangs","Duration":"12h","MinRank":"50","LootTable":"EPD_Social_Med_T2","Creatures":"4","MinLevel":"20","ExtraLevelBonus":"1","FavoredClassBonus":"4","BaseSuccessChance":"20","FailRolls":"1","SuccessMainRolls":"1","SuccessExtraRolls":"1","BigSuccessBonusExtraRolls":"1"},
	{"ID":"EPD_Social_Long_T2","Name":"!!EXPEDITION_NAME_45","UITexture":"UI_ActionCard_Portrait_088","TicketCost":"27","Type":"Fangs","Duration":"36h","MinRank":"50","LootTable":"EPD_Social_Long_T2","Creatures":"4","MinLevel":"20","ExtraLevelBonus":"1","FavoredClassBonus":"4","BaseSuccessChance":"20","FailRolls":"1","SuccessMainRolls":"1","SuccessExtraRolls":"1","BigSuccessBonusExtraRolls":"1"},
	{"ID":"EPD_Social_Short_T3","Name":"!!EXPEDITION_NAME_46","UITexture":"UI_ActionCard_Portrait_147","TicketCost":"3","Type":"Fangs","Duration":"3h","MinRank":"100","LootTable":"EPD_Social_Short_T3","Creatures":"5","MinLevel":"40","ExtraLevelBonus":"1","FavoredClassBonus":"3","BaseSuccessChance":"5","FailRolls":"1","SuccessMainRolls":"1","SuccessExtraRolls":"1","BigSuccessBonusExtraRolls":"1"},
	{"ID":"EPD_Social_Med_T3","Name":"!!EXPEDITION_NAME_47","UITexture":"UI_ActionCard_Portrait_142","TicketCost":"12","Type":"Fangs","Duration":"16h","MinRank":"100","LootTable":"EPD_Social_Med_T3","Creatures":"5","MinLevel":"40","ExtraLevelBonus":"1","FavoredClassBonus":"3","BaseSuccessChance":"5","FailRolls":"1","SuccessMainRolls":"1","SuccessExtraRolls":"1","BigSuccessBonusExtraRolls":"1"},
	{"ID":"EPD_Social_Long_T3","Name":"!!EXPEDITION_NAME_48","UITexture":"UI_ActionCard_Portrait_010","TicketCost":"36","Type":"Fangs","Duration":"48h","MinRank":"100","LootTable":"EPD_Social_Long_T3","Creatures":"5","MinLevel":"40","ExtraLevelBonus":"1","FavoredClassBonus":"3","BaseSuccessChance":"5","FailRolls":"1","SuccessMainRolls":"1","SuccessExtraRolls":"1","BigSuccessBonusExtraRolls":"1"},
	{"ID":"EPD_Random_Short_T1","Name":"!!EXPEDITION_NAME_49","UITexture":"UI_ActionCard_Portrait_047","TicketCost":"6","Type":"Fangs","Duration":"8h","MinRank":"10","LootTable":"EPD_Random_T1","Creatures":"3","ExtraLevelBonus":"1","FavoredClassBonus":"5","BaseSuccessChance":"35","FailRolls":"1","SuccessExtraRolls":"1","BigSuccessBonusExtraRolls":"1"},
	{"ID":"EPD_Random_Med_T1","Name":"!!EXPEDITION_NAME_50","UITexture":"UI_ActionCard_Portrait_045","TicketCost":"12","Type":"Random","Duration":"16h","MinRank":"10","LootTable":"EPD_Random_T1","Creatures":"3","ExtraLevelBonus":"1","FavoredClassBonus":"5","BaseSuccessChance":"35","FailRolls":"1","SuccessExtraRolls":"2","BigSuccessBonusExtraRolls":"2"},
	{"ID":"EPD_Random_Long_T1","Name":"!!EXPEDITION_NAME_51","UITexture":"UI_ActionCard_Portrait_101","TicketCost":"18","Type":"Random","Duration":"24h","MinRank":"10","LootTable":"EPD_Random_T1","Creatures":"3","ExtraLevelBonus":"1","FavoredClassBonus":"5","BaseSuccessChance":"35","FailRolls":"1","SuccessExtraRolls":"3","BigSuccessBonusExtraRolls":"3"},
	{"ID":"EPD_Random_Short_T2","Name":"!!EXPEDITION_NAME_52","UITexture":"UI_ActionCard_Portrait_036","TicketCost":"6","Type":"Random","Duration":"8h","MinRank":"50","LootTable":"EPD_Random_T2","Creatures":"4","MinLevel":"20","ExtraLevelBonus":"1","FavoredClassBonus":"4","BaseSuccessChance":"20","FailRolls":"1","SuccessExtraRolls":"1","BigSuccessBonusExtraRolls":"1"},
	{"ID":"EPD_Random_Med_T2","Name":"!!EXPEDITION_NAME_53","UITexture":"UI_ActionCard_Portrait_001","TicketCost":"12","Type":"Random","Duration":"16h","MinRank":"50","LootTable":"EPD_Random_T2","Creatures":"4","MinLevel":"20","ExtraLevelBonus":"1","FavoredClassBonus":"4","BaseSuccessChance":"20","FailRolls":"1","SuccessExtraRolls":"2","BigSuccessBonusExtraRolls":"2"},
	{"ID":"EPD_Random_Long_T2","Name":"!!EXPEDITION_NAME_54","UITexture":"UI_ActionCard_Portrait_102","TicketCost":"18","Type":"Random","Duration":"24h","MinRank":"50","LootTable":"EPD_Random_T2","Creatures":"4","MinLevel":"20","ExtraLevelBonus":"1","FavoredClassBonus":"4","BaseSuccessChance":"20","FailRolls":"1","SuccessExtraRolls":"3","BigSuccessBonusExtraRolls":"3"},
	{"ID":"EPD_Random_Short_T3","Name":"!!EXPEDITION_NAME_55","UITexture":"UI_ActionCard_Portrait_119","TicketCost":"6","Type":"Random","Duration":"8h","MinRank":"100","LootTable":"EPD_Random_T3","Creatures":"5","MinLevel":"40","ExtraLevelBonus":"1","FavoredClassBonus":"3","BaseSuccessChance":"5","FailRolls":"1","SuccessExtraRolls":"1","BigSuccessBonusExtraRolls":"1"},
	{"ID":"EPD_Random_Med_T3","Name":"!!EXPEDITION_NAME_56","UITexture":"UI_ActionCard_Portrait_008","TicketCost":"12","Type":"Random","Duration":"16h","MinRank":"100","LootTable":"EPD_Random_T3","Creatures":"5","MinLevel":"40","ExtraLevelBonus":"1","FavoredClassBonus":"3","BaseSuccessChance":"5","FailRolls":"1","SuccessExtraRolls":"2","BigSuccessBonusExtraRolls":"2"},
	{"ID":"EPD_Random_Long_T3","Name":"!!EXPEDITION_NAME_57","UITexture":"UI_ActionCard_Portrait_196","TicketCost":"18","Type":"Random","Duration":"24h","MinRank":"100","LootTable":"EPD_Random_T3","Creatures":"5","MinLevel":"40","ExtraLevelBonus":"1","FavoredClassBonus":"3","BaseSuccessChance":"5","FailRolls":"1","SuccessExtraRolls":"3","BigSuccessBonusExtraRolls":"3"},
	{"ID":"EPD_T1_Red_Random_2h","Name":"!!EXPEDITION_NAME_1","UITexture":"UI_ActionCard_Portrait_047","Cost":"100","TicketCost":"1","Type":"Random","Duration":"2h","MinRank":"99999","LootTable":"EPD_T1_All","Creatures":"1","ExtraLevelBonus":"1","FavoredClass":"Red","FavoredClassBonus":"10","BaseSuccessChance":"40","FailRolls":"1","SuccessMainRolls":"2","SuccessExtraRolls":"1","BigSuccessBonusMainRolls":"0","BigSuccessBonusExtraRolls":"2"},
	{"ID":"EPD_T1_Red_Random_4h","Name":"!!EXPEDITION_NAME_2","UITexture":"UI_ActionCard_Portrait_045","Cost":"150","TicketCost":"2","Type":"Random","Duration":"4h","MinRank":"99999","LootTable":"EPD_T1_All","Creatures":"2","ExtraLevelBonus":"1","FavoredClass":"Red","FavoredClassBonus":"15","BaseSuccessChance":"30","FailRolls":"1","SuccessMainRolls":"2","SuccessExtraRolls":"2","BigSuccessBonusMainRolls":"0","BigSuccessBonusExtraRolls":"2"},
	{"ID":"EPD_T1_Red_Random_8h","Name":"!!EXPEDITION_NAME_3","UITexture":"UI_ActionCard_Portrait_101","Cost":"200","TicketCost":"4","Type":"Random","Duration":"8h","MinRank":"99999","LootTable":"EPD_T1_All","Creatures":"3","ExtraLevelBonus":"1","FavoredClass":"Red","FavoredClassBonus":"15","BaseSuccessChance":"20","FailRolls":"1","SuccessMainRolls":"3","SuccessExtraRolls":"2","BigSuccessBonusMainRolls":"0","BigSuccessBonusExtraRolls":"2"},
	{"ID":"EPD_T1_Blue_Random_2h","Name":"!!EXPEDITION_NAME_4","UITexture":"UI_ActionCard_Portrait_047","Cost":"100","TicketCost":"2","Type":"Random","Duration":"2h","MinRank":"99999","LootTable":"EPD_T1_All","Creatures":"1","ExtraLevelBonus":"1","FavoredClass":"Blue","FavoredClassBonus":"15","BaseSuccessChance":"40","FailRolls":"1","SuccessMainRolls":"2","SuccessExtraRolls":"1","BigSuccessBonusMainRolls":"0","BigSuccessBonusExtraRolls":"2"},
	{"ID":"EPD_T1_Blue_Random_4h","Name":"!!EXPEDITION_NAME_5","UITexture":"UI_ActionCard_Portrait_045","Cost":"150","TicketCost":"1","Type":"Random","Duration":"4h","MinRank":"99999","LootTable":"EPD_T1_All","Creatures":"2","ExtraLevelBonus":"1","FavoredClass":"Blue","FavoredClassBonus":"15","BaseSuccessChance":"30","FailRolls":"1","SuccessMainRolls":"2","SuccessExtraRolls":"2","BigSuccessBonusMainRolls":"0","BigSuccessBonusExtraRolls":"2"},
	{"ID":"EPD_T1_Blue_Random_8h","Name":"!!EXPEDITION_NAME_6","UITexture":"UI_ActionCard_Portrait_101","Cost":"200","TicketCost":"4","Type":"Random","Duration":"8h","MinRank":"99999","LootTable":"EPD_T1_All","Creatures":"3","ExtraLevelBonus":"1","FavoredClass":"Blue","FavoredClassBonus":"15","BaseSuccessChance":"20","FailRolls":"1","SuccessMainRolls":"3","SuccessExtraRolls":"2","BigSuccessBonusMainRolls":"0","BigSuccessBonusExtraRolls":"2"},
	{"ID":"EPD_T1_Green_Random_2h","Name":"!!EXPEDITION_NAME_7","UITexture":"UI_ActionCard_Portrait_047","Cost":"100","TicketCost":"1","Type":"Random","Duration":"2h","MinRank":"99999","LootTable":"EPD_T1_All","Creatures":"1","ExtraLevelBonus":"1","FavoredClass":"Green","FavoredClassBonus":"15","BaseSuccessChance":"40","FailRolls":"1","SuccessMainRolls":"2","SuccessExtraRolls":"1","BigSuccessBonusMainRolls":"0","BigSuccessBonusExtraRolls":"2"},
	{"ID":"EPD_T1_Green_Random_4h","Name":"!!EXPEDITION_NAME_8","UITexture":"UI_ActionCard_Portrait_045","Cost":"150","TicketCost":"2","Type":"Random","Duration":"4h","MinRank":"99999","LootTable":"EPD_T1_All","Creatures":"2","ExtraLevelBonus":"1","FavoredClass":"Green","FavoredClassBonus":"15","BaseSuccessChance":"30","FailRolls":"1","SuccessMainRolls":"2","SuccessExtraRolls":"2","BigSuccessBonusMainRolls":"0","BigSuccessBonusExtraRolls":"2"},
	{"ID":"EPD_T1_Green_Random_8h","Name":"!!EXPEDITION_NAME_9","UITexture":"UI_ActionCard_Portrait_101","Cost":"200","TicketCost":"4","Type":"Random","Duration":"8h","MinRank":"99999","LootTable":"EPD_T1_All","Creatures":"3","ExtraLevelBonus":"1","FavoredClass":"Green","FavoredClassBonus":"15","BaseSuccessChance":"20","FailRolls":"1","SuccessMainRolls":"3","SuccessExtraRolls":"2","BigSuccessBonusMainRolls":"0","BigSuccessBonusExtraRolls":"2"},
	{"ID":"EPD_T1_Light_Random_2h","Name":"!!EXPEDITION_NAME_10","UITexture":"UI_ActionCard_Portrait_047","Cost":"100","TicketCost":"1","Type":"Random","Duration":"2h","MinRank":"99999","LootTable":"EPD_T1_All","Creatures":"1","ExtraLevelBonus":"1","FavoredClass":"Light","FavoredClassBonus":"15","BaseSuccessChance":"40","FailRolls":"1","SuccessMainRolls":"2","SuccessExtraRolls":"1","BigSuccessBonusMainRolls":"0","BigSuccessBonusExtraRolls":"2"},
	{"ID":"EPD_T1_Light_Random_4h","Name":"!!EXPEDITION_NAME_11","UITexture":"UI_ActionCard_Portrait_045","Cost":"150","TicketCost":"2","Type":"Random","Duration":"4h","MinRank":"99999","LootTable":"EPD_T1_All","Creatures":"2","ExtraLevelBonus":"1","FavoredClass":"Light","FavoredClassBonus":"15","BaseSuccessChance":"30","FailRolls":"1","SuccessMainRolls":"2","SuccessExtraRolls":"2","BigSuccessBonusMainRolls":"0","BigSuccessBonusExtraRolls":"2"},
	{"ID":"EPD_T1_Light_Random_8h","Name":"!!EXPEDITION_NAME_12","UITexture":"UI_ActionCard_Portrait_101","Cost":"200","TicketCost":"4","Type":"Random","Duration":"8h","MinRank":"99999","LootTable":"EPD_T1_All","Creatures":"3","ExtraLevelBonus":"1","FavoredClass":"Light","FavoredClassBonus":"15","BaseSuccessChance":"20","FailRolls":"1","SuccessMainRolls":"3","SuccessExtraRolls":"2","BigSuccessBonusMainRolls":"0","BigSuccessBonusExtraRolls":"2"},
	{"ID":"EPD_T1_Dark_Random_2h","Name":"!!EXPEDITION_NAME_13","UITexture":"UI_ActionCard_Portrait_047","Cost":"100","TicketCost":"1","Type":"Random","Duration":"2h","MinRank":"99999","LootTable":"EPD_T1_All","Creatures":"1","ExtraLevelBonus":"1","FavoredClass":"Dark","FavoredClassBonus":"15","BaseSuccessChance":"40","FailRolls":"1","SuccessMainRolls":"2","SuccessExtraRolls":"1","BigSuccessBonusMainRolls":"0","BigSuccessBonusExtraRolls":"2"},
	{"ID":"EPD_T1_Dark_Random_4h","Name":"!!EXPEDITION_NAME_14","UITexture":"UI_ActionCard_Portrait_045","Cost":"150","TicketCost":"2","Type":"Random","Duration":"4h","MinRank":"99999","LootTable":"EPD_T1_All","Creatures":"2","ExtraLevelBonus":"1","FavoredClass":"Dark","FavoredClassBonus":"15","BaseSuccessChance":"30","FailRolls":"1","SuccessMainRolls":"2","SuccessExtraRolls":"2","BigSuccessBonusMainRolls":"0","BigSuccessBonusExtraRolls":"2"},
	{"ID":"EPD_T1_Dark_Random_8h","Name":"!!EXPEDITION_NAME_15","UITexture":"UI_ActionCard_Portrait_101","Cost":"200","TicketCost":"4","Type":"Random","Duration":"8h","MinRank":"99999","LootTable":"EPD_T1_All","Creatures":"3","ExtraLevelBonus":"1","FavoredClass":"Dark","FavoredClassBonus":"15","BaseSuccessChance":"20","FailRolls":"1","SuccessMainRolls":"3","SuccessExtraRolls":"2","BigSuccessBonusMainRolls":"0","BigSuccessBonusExtraRolls":"2"},
	{"ID":"EPD_T1_Red_Rune_24h","Name":"!!EXPEDITION_NAME_16","UITexture":"UI_ActionCard_Portrait_184","Cost":"250","TicketCost":"12","Type":"Rune","Duration":"24h","MinRank":"99999","LootTable":"EPD_T1_Rune_Red","Creatures":"3","ExtraLevelBonus":"1","FavoredClass":"Red","FavoredClassBonus":"5","BaseSuccessChance":"20","FailRolls":"1","SuccessMainRolls":"1","SuccessExtraRolls":"1","BigSuccessBonusMainRolls":"0","BigSuccessBonusExtraRolls":"1"},
	{"ID":"EPD_T1_Blue_Rune_24h","Name":"!!EXPEDITION_NAME_17","UITexture":"UI_ActionCard_Portrait_182","Cost":"250","TicketCost":"12","Type":"Rune","Duration":"24h","MinRank":"99999","LootTable":"EPD_T1_Rune_Blue","Creatures":"3","ExtraLevelBonus":"1","FavoredClass":"Blue","FavoredClassBonus":"5","BaseSuccessChance":"20","FailRolls":"1","SuccessMainRolls":"1","SuccessExtraRolls":"1","BigSuccessBonusMainRolls":"0","BigSuccessBonusExtraRolls":"1"},
	{"ID":"EPD_T1_Green_Rune_24h","Name":"!!EXPEDITION_NAME_18","UITexture":"UI_ActionCard_Portrait_186","Cost":"250","TicketCost":"12","Type":"Rune","Duration":"24h","MinRank":"99999","LootTable":"EPD_T1_Rune_Green","Creatures":"3","ExtraLevelBonus":"1","FavoredClass":"Green","FavoredClassBonus":"5","BaseSuccessChance":"20","FailRolls":"1","SuccessMainRolls":"1","SuccessExtraRolls":"1","BigSuccessBonusMainRolls":"0","BigSuccessBonusExtraRolls":"1"},
	{"ID":"EPD_T1_Light_Rune_24h","Name":"!!EXPEDITION_NAME_19","UITexture":"UI_ActionCard_Portrait_127","Cost":"250","TicketCost":"12","Type":"Rune","Duration":"24h","MinRank":"99999","LootTable":"EPD_T1_Rune_Light","Creatures":"3","ExtraLevelBonus":"1","FavoredClass":"Light","FavoredClassBonus":"5","BaseSuccessChance":"20","FailRolls":"1","SuccessMainRolls":"1","SuccessExtraRolls":"1","BigSuccessBonusMainRolls":"0","BigSuccessBonusExtraRolls":"1"},
	{"ID":"EPD_T1_Dark_Rune_24h","Name":"!!EXPEDITION_NAME_20","UITexture":"UI_ActionCard_Portrait_185","Cost":"250","TicketCost":"12","Type":"Rune","Duration":"24h","MinRank":"99999","LootTable":"EPD_T1_Rune_Dark","Creatures":"3","ExtraLevelBonus":"1","FavoredClass":"Dark","FavoredClassBonus":"5","BaseSuccessChance":"20","FailRolls":"1","SuccessMainRolls":"1","SuccessExtraRolls":"1","BigSuccessBonusMainRolls":"0","BigSuccessBonusExtraRolls":"1"},
	{"ID":"EPD_T1_Red_Dieclops_24h","Name":"!!EXPEDITION_NAME_21","UITexture":"UI_ActionCard_Portrait_099","Cost":"250","TicketCost":"12","Type":"Dieclops","Duration":"24h","MinRank":"99999","LootTable":"EPD_T1_Dieclops_Red","Creatures":"3","ExtraLevelBonus":"1","FavoredClass":"Red","FavoredClassBonus":"5","BaseSuccessChance":"20","FailRolls":"1","SuccessMainRolls":"1","SuccessExtraRolls":"1","BigSuccessBonusMainRolls":"0","BigSuccessBonusExtraRolls":"1"},
	{"ID":"EPD_T1_Blue_Dieclops_24h","Name":"!!EXPEDITION_NAME_22","UITexture":"UI_ActionCard_Portrait_099","Cost":"250","TicketCost":"12","Type":"Dieclops","Duration":"24h","MinRank":"99999","LootTable":"EPD_T1_Dieclops_Blue","Creatures":"3","ExtraLevelBonus":"1","FavoredClass":"Blue","FavoredClassBonus":"5","BaseSuccessChance":"20","FailRolls":"1","SuccessMainRolls":"1","SuccessExtraRolls":"1","BigSuccessBonusMainRolls":"0","BigSuccessBonusExtraRolls":"1"},
	{"ID":"EPD_T1_Green_Dieclops_24h","Name":"!!EXPEDITION_NAME_23","UITexture":"UI_ActionCard_Portrait_099","Cost":"250","TicketCost":"12","Type":"Dieclops","Duration":"24h","MinRank":"99999","LootTable":"EPD_T1_Dieclops_Green","Creatures":"3","ExtraLevelBonus":"1","FavoredClass":"Green","FavoredClassBonus":"5","BaseSuccessChance":"20","FailRolls":"1","SuccessMainRolls":"1","SuccessExtraRolls":"1","BigSuccessBonusMainRolls":"0","BigSuccessBonusExtraRolls":"1"},
	{"ID":"EPD_T1_Light_Dieclops_24h","Name":"!!EXPEDITION_NAME_24","UITexture":"UI_ActionCard_Portrait_099","Cost":"250","TicketCost":"12","Type":"Dieclops","Duration":"24h","MinRank":"99999","LootTable":"EPD_T1_Dieclops_Light","Creatures":"3","ExtraLevelBonus":"1","FavoredClass":"Light","FavoredClassBonus":"5","BaseSuccessChance":"20","FailRolls":"1","SuccessMainRolls":"1","SuccessExtraRolls":"1","BigSuccessBonusMainRolls":"0","BigSuccessBonusExtraRolls":"1"},
	{"ID":"EPD_T1_Dark_Dieclops_24h","Name":"!!EXPEDITION_NAME_25","UITexture":"UI_ActionCard_Portrait_099","Cost":"250","TicketCost":"12","Type":"Dieclops","Duration":"24h","MinRank":"99999","LootTable":"EPD_T1_Dieclops_Dark","Creatures":"3","ExtraLevelBonus":"1","FavoredClass":"Dark","FavoredClassBonus":"5","BaseSuccessChance":"20","FailRolls":"1","SuccessMainRolls":"1","SuccessExtraRolls":"1","BigSuccessBonusMainRolls":"0","BigSuccessBonusExtraRolls":"1"},
	{"ID":"EPD_T2_Red_Random_8h","Name":"!!EXPEDITION_NAME_26","UITexture":"UI_ActionCard_Portrait_036","Cost":"2000","TicketCost":"4","Type":"Random","Duration":"8h","MinRank":"99999","LootTable":"EPD_T2_All","Creatures":"2","MinLevel":"10","ExtraLevelBonus":"1","FavoredClass":"Red","FavoredClassBonus":"10","BaseSuccessChance":"30","FailRolls":"1","SuccessMainRolls":"2","SuccessExtraRolls":"1","BigSuccessBonusMainRolls":"0","BigSuccessBonusExtraRolls":"2"},
	{"ID":"EPD_T2_Red_Random_12h","Name":"!!EXPEDITION_NAME_27","UITexture":"UI_ActionCard_Portrait_001","Cost":"3000","TicketCost":"6","Type":"Random","Duration":"12h","MinRank":"99999","LootTable":"EPD_T2_All","Creatures":"3","MinLevel":"10","ExtraLevelBonus":"1","FavoredClass":"Red","FavoredClassBonus":"10","BaseSuccessChance":"20","FailRolls":"1","SuccessMainRolls":"2","SuccessExtraRolls":"2","BigSuccessBonusMainRolls":"0","BigSuccessBonusExtraRolls":"2"},
	{"ID":"EPD_T2_Red_Random_16h","Name":"!!EXPEDITION_NAME_28","UITexture":"UI_ActionCard_Portrait_102","Cost":"4000","TicketCost":"8","Type":"Random","Duration":"16h","MinRank":"99999","LootTable":"EPD_T2_All","Creatures":"4","MinLevel":"10","ExtraLevelBonus":"1","FavoredClass":"Red","FavoredClassBonus":"10","BaseSuccessChance":"10","FailRolls":"1","SuccessMainRolls":"3","SuccessExtraRolls":"2","BigSuccessBonusMainRolls":"0","BigSuccessBonusExtraRolls":"2"},
	{"ID":"EPD_T2_Blue_Random_8h","Name":"!!EXPEDITION_NAME_29","UITexture":"UI_ActionCard_Portrait_036","Cost":"2000","TicketCost":"4","Type":"Random","Duration":"8h","MinRank":"99999","LootTable":"EPD_T2_All","Creatures":"2","MinLevel":"10","ExtraLevelBonus":"1","FavoredClass":"Blue","FavoredClassBonus":"10","BaseSuccessChance":"30","FailRolls":"1","SuccessMainRolls":"2","SuccessExtraRolls":"1","BigSuccessBonusMainRolls":"0","BigSuccessBonusExtraRolls":"2"},
	{"ID":"EPD_T2_Blue_Random_12h","Name":"!!EXPEDITION_NAME_30","UITexture":"UI_ActionCard_Portrait_001","Cost":"3000","TicketCost":"6","Type":"Random","Duration":"12h","MinRank":"99999","LootTable":"EPD_T2_All","Creatures":"3","MinLevel":"10","ExtraLevelBonus":"1","FavoredClass":"Blue","FavoredClassBonus":"10","BaseSuccessChance":"20","FailRolls":"1","SuccessMainRolls":"2","SuccessExtraRolls":"2","BigSuccessBonusMainRolls":"0","BigSuccessBonusExtraRolls":"2"},
	{"ID":"EPD_T2_Blue_Random_16h","Name":"!!EXPEDITION_NAME_31","UITexture":"UI_ActionCard_Portrait_102","Cost":"4000","TicketCost":"8","Type":"Random","Duration":"16h","MinRank":"99999","LootTable":"EPD_T2_All","Creatures":"4","MinLevel":"10","ExtraLevelBonus":"1","FavoredClass":"Blue","FavoredClassBonus":"10","BaseSuccessChance":"10","FailRolls":"1","SuccessMainRolls":"3","SuccessExtraRolls":"2","BigSuccessBonusMainRolls":"0","BigSuccessBonusExtraRolls":"2"},
	{"ID":"EPD_T2_Green_Random_8h","Name":"!!EXPEDITION_NAME_32","UITexture":"UI_ActionCard_Portrait_036","Cost":"2000","TicketCost":"4","Type":"Random","Duration":"8h","MinRank":"99999","LootTable":"EPD_T2_All","Creatures":"2","MinLevel":"10","ExtraLevelBonus":"1","FavoredClass":"Green","FavoredClassBonus":"10","BaseSuccessChance":"30","FailRolls":"1","SuccessMainRolls":"2","SuccessExtraRolls":"1","BigSuccessBonusMainRolls":"0","BigSuccessBonusExtraRolls":"2"},
	{"ID":"EPD_T2_Green_Random_12h","Name":"!!EXPEDITION_NAME_33","UITexture":"UI_ActionCard_Portrait_001","Cost":"3000","TicketCost":"6","Type":"Random","Duration":"12h","MinRank":"99999","LootTable":"EPD_T2_All","Creatures":"3","MinLevel":"10","ExtraLevelBonus":"1","FavoredClass":"Green","FavoredClassBonus":"10","BaseSuccessChance":"20","FailRolls":"1","SuccessMainRolls":"2","SuccessExtraRolls":"2","BigSuccessBonusMainRolls":"0","BigSuccessBonusExtraRolls":"2"},
	{"ID":"EPD_T2_Green_Random_16h","Name":"!!EXPEDITION_NAME_34","UITexture":"UI_ActionCard_Portrait_102","Cost":"4000","TicketCost":"8","Type":"Random","Duration":"16h","MinRank":"99999","LootTable":"EPD_T2_All","Creatures":"4","MinLevel":"10","ExtraLevelBonus":"1","FavoredClass":"Green","FavoredClassBonus":"10","BaseSuccessChance":"10","FailRolls":"1","SuccessMainRolls":"3","SuccessExtraRolls":"2","BigSuccessBonusMainRolls":"0","BigSuccessBonusExtraRolls":"2"},
	{"ID":"EPD_T2_Light_Random_8h","Name":"!!EXPEDITION_NAME_35","UITexture":"UI_ActionCard_Portrait_036","Cost":"2000","TicketCost":"4","Type":"Random","Duration":"8h","MinRank":"99999","LootTable":"EPD_T2_All","Creatures":"2","MinLevel":"10","ExtraLevelBonus":"1","FavoredClass":"Light","FavoredClassBonus":"10","BaseSuccessChance":"30","FailRolls":"1","SuccessMainRolls":"2","SuccessExtraRolls":"1","BigSuccessBonusMainRolls":"0","BigSuccessBonusExtraRolls":"2"},
	{"ID":"EPD_T2_Light_Random_12h","Name":"!!EXPEDITION_NAME_36","UITexture":"UI_ActionCard_Portrait_001","Cost":"3000","TicketCost":"6","Type":"Random","Duration":"12h","MinRank":"99999","LootTable":"EPD_T2_All","Creatures":"3","MinLevel":"10","ExtraLevelBonus":"1","FavoredClass":"Light","FavoredClassBonus":"10","BaseSuccessChance":"20","FailRolls":"1","SuccessMainRolls":"2","SuccessExtraRolls":"2","BigSuccessBonusMainRolls":"0","BigSuccessBonusExtraRolls":"2"},
	{"ID":"EPD_T2_Light_Random_16h","Name":"!!EXPEDITION_NAME_37","UITexture":"UI_ActionCard_Portrait_102","Cost":"4000","TicketCost":"8","Type":"Random","Duration":"16h","MinRank":"99999","LootTable":"EPD_T2_All","Creatures":"4","MinLevel":"10","ExtraLevelBonus":"1","FavoredClass":"Light","FavoredClassBonus":"10","BaseSuccessChance":"10","FailRolls":"1","SuccessMainRolls":"3","SuccessExtraRolls":"2","BigSuccessBonusMainRolls":"0","BigSuccessBonusExtraRolls":"2"},
	{"ID":"EPD_T2_Dark_Random_8h","Name":"!!EXPEDITION_NAME_38","UITexture":"UI_ActionCard_Portrait_036","Cost":"2000","TicketCost":"4","Type":"Random","Duration":"8h","MinRank":"99999","LootTable":"EPD_T2_All","Creatures":"2","MinLevel":"10","ExtraLevelBonus":"1","FavoredClass":"Dark","FavoredClassBonus":"10","BaseSuccessChance":"30","FailRolls":"1","SuccessMainRolls":"2","SuccessExtraRolls":"1","BigSuccessBonusMainRolls":"0","BigSuccessBonusExtraRolls":"2"},
	{"ID":"EPD_T2_Dark_Random_12h","Name":"!!EXPEDITION_NAME_39","UITexture":"UI_ActionCard_Portrait_001","Cost":"3000","TicketCost":"6","Type":"Random","Duration":"12h","MinRank":"99999","LootTable":"EPD_T2_All","Creatures":"3","MinLevel":"10","ExtraLevelBonus":"1","FavoredClass":"Dark","FavoredClassBonus":"10","BaseSuccessChance":"20","FailRolls":"1","SuccessMainRolls":"2","SuccessExtraRolls":"2","BigSuccessBonusMainRolls":"0","BigSuccessBonusExtraRolls":"2"},
	{"ID":"EPD_T2_Dark_Random_16h","Name":"!!EXPEDITION_NAME_40","UITexture":"UI_ActionCard_Portrait_102","Cost":"4000","TicketCost":"8","Type":"Random","Duration":"16h","MinRank":"99999","LootTable":"EPD_T2_All","Creatures":"4","MinLevel":"10","ExtraLevelBonus":"1","FavoredClass":"Dark","FavoredClassBonus":"10","BaseSuccessChance":"10","FailRolls":"1","SuccessMainRolls":"3","SuccessExtraRolls":"2","BigSuccessBonusMainRolls":"0","BigSuccessBonusExtraRolls":"2"},
	{"ID":"EPD_T2_Red_Rune_48h","Name":"!!EXPEDITION_NAME_41","UITexture":"UI_ActionCard_Portrait_082","Cost":"5000","TicketCost":"24","Type":"Rune","Duration":"48h","MinRank":"99999","LootTable":"EPD_T2_Rune_Red","Creatures":"4","MinLevel":"10","ExtraLevelBonus":"1","FavoredClass":"Red","FavoredClassBonus":"5","BaseSuccessChance":"15","FailRolls":"1","SuccessMainRolls":"1","SuccessExtraRolls":"1","BigSuccessBonusMainRolls":"0","BigSuccessBonusExtraRolls":"1"},
	{"ID":"EPD_T2_Blue_Rune_48h","Name":"!!EXPEDITION_NAME_42","UITexture":"UI_ActionCard_Portrait_227","Cost":"5000","TicketCost":"24","Type":"Rune","Duration":"48h","MinRank":"99999","LootTable":"EPD_T2_Rune_Blue","Creatures":"4","MinLevel":"10","ExtraLevelBonus":"1","FavoredClass":"Blue","FavoredClassBonus":"5","BaseSuccessChance":"15","FailRolls":"1","SuccessMainRolls":"1","SuccessExtraRolls":"1","BigSuccessBonusMainRolls":"0","BigSuccessBonusExtraRolls":"1"},
	{"ID":"EPD_T2_Green_Rune_48h","Name":"!!EXPEDITION_NAME_43","UITexture":"UI_ActionCard_Portrait_189","Cost":"5000","TicketCost":"24","Type":"Rune","Duration":"48h","MinRank":"99999","LootTable":"EPD_T2_Rune_Green","Creatures":"4","MinLevel":"10","ExtraLevelBonus":"1","FavoredClass":"Green","FavoredClassBonus":"5","BaseSuccessChance":"15","FailRolls":"1","SuccessMainRolls":"1","SuccessExtraRolls":"1","BigSuccessBonusMainRolls":"0","BigSuccessBonusExtraRolls":"1"},
	{"ID":"EPD_T2_Light_Rune_48h","Name":"!!EXPEDITION_NAME_44","UITexture":"UI_ActionCard_Portrait_180","Cost":"5000","TicketCost":"24","Type":"Rune","Duration":"48h","MinRank":"99999","LootTable":"EPD_T2_Rune_Light","Creatures":"4","MinLevel":"10","ExtraLevelBonus":"1","FavoredClass":"Light","FavoredClassBonus":"5","BaseSuccessChance":"15","FailRolls":"1","SuccessMainRolls":"1","SuccessExtraRolls":"1","BigSuccessBonusMainRolls":"0","BigSuccessBonusExtraRolls":"1"},
	{"ID":"EPD_T2_Dark_Rune_48h","Name":"!!EXPEDITION_NAME_45","UITexture":"UI_ActionCard_Portrait_190","Cost":"5000","TicketCost":"24","Type":"Rune","Duration":"48h","MinRank":"99999","LootTable":"EPD_T2_Rune_Dark","Creatures":"4","MinLevel":"10","ExtraLevelBonus":"1","FavoredClass":"Dark","FavoredClassBonus":"5","BaseSuccessChance":"15","FailRolls":"1","SuccessMainRolls":"1","SuccessExtraRolls":"1","BigSuccessBonusMainRolls":"0","BigSuccessBonusExtraRolls":"1"},
	{"ID":"EPD_T2_Red_Dieclops_48h","Name":"!!EXPEDITION_NAME_46","UITexture":"UI_ActionCard_Portrait_019","Cost":"5000","TicketCost":"24","Type":"Dieclops","Duration":"48h","MinRank":"99999","LootTable":"EPD_T2_Dieclops_Red","Creatures":"4","MinLevel":"10","ExtraLevelBonus":"1","FavoredClass":"Red","FavoredClassBonus":"5","BaseSuccessChance":"15","FailRolls":"1","SuccessMainRolls":"1","SuccessExtraRolls":"1","BigSuccessBonusMainRolls":"0","BigSuccessBonusExtraRolls":"1"},
	{"ID":"EPD_T2_Blue_Dieclops_48h","Name":"!!EXPEDITION_NAME_47","UITexture":"UI_ActionCard_Portrait_019","Cost":"5000","TicketCost":"24","Type":"Dieclops","Duration":"48h","MinRank":"99999","LootTable":"EPD_T2_Dieclops_Blue","Creatures":"4","MinLevel":"10","ExtraLevelBonus":"1","FavoredClass":"Blue","FavoredClassBonus":"5","BaseSuccessChance":"15","FailRolls":"1","SuccessMainRolls":"1","SuccessExtraRolls":"1","BigSuccessBonusMainRolls":"0","BigSuccessBonusExtraRolls":"1"},
	{"ID":"EPD_T2_Green_Dieclops_48h","Name":"!!EXPEDITION_NAME_48","UITexture":"UI_ActionCard_Portrait_019","Cost":"5000","TicketCost":"24","Type":"Dieclops","Duration":"48h","MinRank":"99999","LootTable":"EPD_T2_Dieclops_Green","Creatures":"4","MinLevel":"10","ExtraLevelBonus":"1","FavoredClass":"Green","FavoredClassBonus":"5","BaseSuccessChance":"15","FailRolls":"1","SuccessMainRolls":"1","SuccessExtraRolls":"1","BigSuccessBonusMainRolls":"0","BigSuccessBonusExtraRolls":"1"},
	{"ID":"EPD_T2_Light_Dieclops_48h","Name":"!!EXPEDITION_NAME_49","UITexture":"UI_ActionCard_Portrait_019","Cost":"5000","TicketCost":"24","Type":"Dieclops","Duration":"48h","MinRank":"99999","LootTable":"EPD_T2_Dieclops_Light","Creatures":"4","MinLevel":"10","ExtraLevelBonus":"1","FavoredClass":"Light","FavoredClassBonus":"5","BaseSuccessChance":"15","FailRolls":"1","SuccessMainRolls":"1","SuccessExtraRolls":"1","BigSuccessBonusMainRolls":"0","BigSuccessBonusExtraRolls":"1"},
	{"ID":"EPD_T2_Dark_Dieclops_48h","Name":"!!EXPEDITION_NAME_50","UITexture":"UI_ActionCard_Portrait_019","Cost":"5000","TicketCost":"24","Type":"Dieclops","Duration":"48h","MinRank":"99999","LootTable":"EPD_T2_Dieclops_Dark","Creatures":"4","MinLevel":"10","ExtraLevelBonus":"1","FavoredClass":"Dark","FavoredClassBonus":"5","BaseSuccessChance":"15","FailRolls":"1","SuccessMainRolls":"1","SuccessExtraRolls":"1","BigSuccessBonusMainRolls":"0","BigSuccessBonusExtraRolls":"1"},
	{"ID":"EPD_T3_Red_Random_16h","Name":"!!EXPEDITION_NAME_51","UITexture":"UI_ActionCard_Portrait_119","Cost":"8000","TicketCost":"8","Type":"Random","Duration":"16h","MinRank":"99999","LootTable":"EPD_T3_All","Creatures":"3","MinLevel":"25","ExtraLevelBonus":"1","FavoredClass":"Red","FavoredClassBonus":"5","BaseSuccessChance":"25","FailRolls":"1","SuccessMainRolls":"2","SuccessExtraRolls":"1","BigSuccessBonusMainRolls":"0","BigSuccessBonusExtraRolls":"2"},
	{"ID":"EPD_T3_Red_Random_24h","Name":"!!EXPEDITION_NAME_52","UITexture":"UI_ActionCard_Portrait_008","Cost":"9000","TicketCost":"12","Type":"Random","Duration":"24h","MinRank":"99999","LootTable":"EPD_T3_All","Creatures":"4","MinLevel":"25","ExtraLevelBonus":"1","FavoredClass":"Red","FavoredClassBonus":"5","BaseSuccessChance":"15","FailRolls":"1","SuccessMainRolls":"2","SuccessExtraRolls":"2","BigSuccessBonusMainRolls":"0","BigSuccessBonusExtraRolls":"2"},
	{"ID":"EPD_T3_Red_Random_32h","Name":"!!EXPEDITION_NAME_53","UITexture":"UI_ActionCard_Portrait_196","Cost":"10000","TicketCost":"16","Type":"Random","Duration":"32h","MinRank":"99999","LootTable":"EPD_T3_All","Creatures":"5","MinLevel":"25","ExtraLevelBonus":"1","FavoredClass":"Red","FavoredClassBonus":"5","BaseSuccessChance":"10","FailRolls":"1","SuccessMainRolls":"3","SuccessExtraRolls":"2","BigSuccessBonusMainRolls":"0","BigSuccessBonusExtraRolls":"2"},
	{"ID":"EPD_T3_Blue_Random_16h","Name":"!!EXPEDITION_NAME_54","UITexture":"UI_ActionCard_Portrait_119","Cost":"8000","TicketCost":"8","Type":"Random","Duration":"16h","MinRank":"99999","LootTable":"EPD_T3_All","Creatures":"3","MinLevel":"25","ExtraLevelBonus":"1","FavoredClass":"Blue","FavoredClassBonus":"5","BaseSuccessChance":"25","FailRolls":"1","SuccessMainRolls":"2","SuccessExtraRolls":"1","BigSuccessBonusMainRolls":"0","BigSuccessBonusExtraRolls":"2"},
	{"ID":"EPD_T3_Blue_Random_24h","Name":"!!EXPEDITION_NAME_55","UITexture":"UI_ActionCard_Portrait_008","Cost":"9000","TicketCost":"12","Type":"Random","Duration":"24h","MinRank":"99999","LootTable":"EPD_T3_All","Creatures":"4","MinLevel":"25","ExtraLevelBonus":"1","FavoredClass":"Blue","FavoredClassBonus":"5","BaseSuccessChance":"15","FailRolls":"1","SuccessMainRolls":"2","SuccessExtraRolls":"2","BigSuccessBonusMainRolls":"0","BigSuccessBonusExtraRolls":"2"},
	{"ID":"EPD_T3_Blue_Random_32h","Name":"!!EXPEDITION_NAME_56","UITexture":"UI_ActionCard_Portrait_196","Cost":"10000","TicketCost":"16","Type":"Random","Duration":"32h","MinRank":"99999","LootTable":"EPD_T3_All","Creatures":"5","MinLevel":"25","ExtraLevelBonus":"1","FavoredClass":"Blue","FavoredClassBonus":"5","BaseSuccessChance":"10","FailRolls":"1","SuccessMainRolls":"3","SuccessExtraRolls":"2","BigSuccessBonusMainRolls":"0","BigSuccessBonusExtraRolls":"2"},
	{"ID":"EPD_T3_Green_Random_16h","Name":"!!EXPEDITION_NAME_57","UITexture":"UI_ActionCard_Portrait_119","Cost":"8000","TicketCost":"8","Type":"Random","Duration":"16h","MinRank":"99999","LootTable":"EPD_T3_All","Creatures":"3","MinLevel":"25","ExtraLevelBonus":"1","FavoredClass":"Green","FavoredClassBonus":"5","BaseSuccessChance":"25","FailRolls":"1","SuccessMainRolls":"2","SuccessExtraRolls":"1","BigSuccessBonusMainRolls":"0","BigSuccessBonusExtraRolls":"2"},
	{"ID":"EPD_T3_Green_Random_24h","Name":"!!EXPEDITION_NAME_58","UITexture":"UI_ActionCard_Portrait_008","Cost":"9000","TicketCost":"12","Type":"Random","Duration":"24h","MinRank":"99999","LootTable":"EPD_T3_All","Creatures":"4","MinLevel":"25","ExtraLevelBonus":"1","FavoredClass":"Green","FavoredClassBonus":"5","BaseSuccessChance":"15","FailRolls":"1","SuccessMainRolls":"2","SuccessExtraRolls":"2","BigSuccessBonusMainRolls":"0","BigSuccessBonusExtraRolls":"2"},
	{"ID":"EPD_T3_Green_Random_32h","Name":"!!EXPEDITION_NAME_59","UITexture":"UI_ActionCard_Portrait_196","Cost":"10000","TicketCost":"16","Type":"Random","Duration":"32h","MinRank":"99999","LootTable":"EPD_T3_All","Creatures":"5","MinLevel":"25","ExtraLevelBonus":"1","FavoredClass":"Green","FavoredClassBonus":"5","BaseSuccessChance":"10","FailRolls":"1","SuccessMainRolls":"3","SuccessExtraRolls":"2","BigSuccessBonusMainRolls":"0","BigSuccessBonusExtraRolls":"2"},
	{"ID":"EPD_T3_Light_Random_16h","Name":"!!EXPEDITION_NAME_60","UITexture":"UI_ActionCard_Portrait_119","Cost":"8000","TicketCost":"8","Type":"Random","Duration":"16h","MinRank":"99999","LootTable":"EPD_T3_All","Creatures":"3","MinLevel":"25","ExtraLevelBonus":"1","FavoredClass":"Light","FavoredClassBonus":"5","BaseSuccessChance":"25","FailRolls":"1","SuccessMainRolls":"2","SuccessExtraRolls":"1","BigSuccessBonusMainRolls":"0","BigSuccessBonusExtraRolls":"2"},
	{"ID":"EPD_T3_Light_Random_24h","Name":"!!EXPEDITION_NAME_61","UITexture":"UI_ActionCard_Portrait_008","Cost":"9000","TicketCost":"12","Type":"Random","Duration":"24h","MinRank":"99999","LootTable":"EPD_T3_All","Creatures":"4","MinLevel":"25","ExtraLevelBonus":"1","FavoredClass":"Light","FavoredClassBonus":"5","BaseSuccessChance":"15","FailRolls":"1","SuccessMainRolls":"2","SuccessExtraRolls":"2","BigSuccessBonusMainRolls":"0","BigSuccessBonusExtraRolls":"2"},
	{"ID":"EPD_T3_Light_Random_32h","Name":"!!EXPEDITION_NAME_62","UITexture":"UI_ActionCard_Portrait_196","Cost":"10000","TicketCost":"16","Type":"Random","Duration":"32h","MinRank":"99999","LootTable":"EPD_T3_All","Creatures":"5","MinLevel":"25","ExtraLevelBonus":"1","FavoredClass":"Light","FavoredClassBonus":"5","BaseSuccessChance":"10","FailRolls":"1","SuccessMainRolls":"3","SuccessExtraRolls":"2","BigSuccessBonusMainRolls":"0","BigSuccessBonusExtraRolls":"2"},
	{"ID":"EPD_T3_Dark_Random_16h","Name":"!!EXPEDITION_NAME_63","UITexture":"UI_ActionCard_Portrait_119","Cost":"8000","TicketCost":"8","Type":"Random","Duration":"16h","MinRank":"99999","LootTable":"EPD_T3_All","Creatures":"3","MinLevel":"25","ExtraLevelBonus":"1","FavoredClass":"Dark","FavoredClassBonus":"5","BaseSuccessChance":"25","FailRolls":"1","SuccessMainRolls":"2","SuccessExtraRolls":"1","BigSuccessBonusMainRolls":"0","BigSuccessBonusExtraRolls":"2"},
	{"ID":"EPD_T3_Dark_Random_24h","Name":"!!EXPEDITION_NAME_64","UITexture":"UI_ActionCard_Portrait_008","Cost":"9000","TicketCost":"12","Type":"Random","Duration":"24h","MinRank":"99999","LootTable":"EPD_T3_All","Creatures":"4","MinLevel":"25","ExtraLevelBonus":"1","FavoredClass":"Dark","FavoredClassBonus":"5","BaseSuccessChance":"15","FailRolls":"1","SuccessMainRolls":"2","SuccessExtraRolls":"2","BigSuccessBonusMainRolls":"0","BigSuccessBonusExtraRolls":"2"},
	{"ID":"EPD_T3_Dark_Random_32h","Name":"!!EXPEDITION_NAME_65","UITexture":"UI_ActionCard_Portrait_196","Cost":"10000","TicketCost":"16","Type":"Random","Duration":"32h","MinRank":"99999","LootTable":"EPD_T3_All","Creatures":"5","MinLevel":"25","ExtraLevelBonus":"1","FavoredClass":"Dark","FavoredClassBonus":"5","BaseSuccessChance":"10","FailRolls":"1","SuccessMainRolls":"3","SuccessExtraRolls":"2","BigSuccessBonusMainRolls":"0","BigSuccessBonusExtraRolls":"2"},
	{"ID":"EPD_T3_Red_Rune_72h","Name":"!!EXPEDITION_NAME_66","UITexture":"UI_ActionCard_Portrait_125","Cost":"15000","TicketCost":"36","Type":"Rune","Duration":"72h","MinRank":"99999","LootTable":"EPD_T3_Rune_Red","Creatures":"5","MinLevel":"25","ExtraLevelBonus":"1","FavoredClass":"Red","FavoredClassBonus":"5","BaseSuccessChance":"10","FailRolls":"1","SuccessMainRolls":"1","SuccessExtraRolls":"1","BigSuccessBonusMainRolls":"0","BigSuccessBonusExtraRolls":"1"},
	{"ID":"EPD_T3_Blue_Rune_72h","Name":"!!EXPEDITION_NAME_67","UITexture":"UI_ActionCard_Portrait_223","Cost":"15000","TicketCost":"36","Type":"Rune","Duration":"72h","MinRank":"99999","LootTable":"EPD_T3_Rune_Blue","Creatures":"5","MinLevel":"25","ExtraLevelBonus":"1","FavoredClass":"Blue","FavoredClassBonus":"5","BaseSuccessChance":"10","FailRolls":"1","SuccessMainRolls":"1","SuccessExtraRolls":"1","BigSuccessBonusMainRolls":"0","BigSuccessBonusExtraRolls":"1"},
	{"ID":"EPD_T3_Green_Rune_72h","Name":"!!EXPEDITION_NAME_68","UITexture":"UI_ActionCard_Portrait_226","Cost":"15000","TicketCost":"36","Type":"Rune","Duration":"72h","MinRank":"99999","LootTable":"EPD_T3_Rune_Green","Creatures":"5","MinLevel":"25","ExtraLevelBonus":"1","FavoredClass":"Green","FavoredClassBonus":"5","BaseSuccessChance":"10","FailRolls":"1","SuccessMainRolls":"1","SuccessExtraRolls":"1","BigSuccessBonusMainRolls":"0","BigSuccessBonusExtraRolls":"1"},
	{"ID":"EPD_T3_Light_Rune_72h","Name":"!!EXPEDITION_NAME_69","UITexture":"UI_ActionCard_Portrait_183","Cost":"15000","TicketCost":"36","Type":"Rune","Duration":"72h","MinRank":"99999","LootTable":"EPD_T3_Rune_Light","Creatures":"5","MinLevel":"25","ExtraLevelBonus":"1","FavoredClass":"Light","FavoredClassBonus":"5","BaseSuccessChance":"10","FailRolls":"1","SuccessMainRolls":"1","SuccessExtraRolls":"1","BigSuccessBonusMainRolls":"0","BigSuccessBonusExtraRolls":"1"},
	{"ID":"EPD_T3_Dark_Rune_72h","Name":"!!EXPEDITION_NAME_70","UITexture":"UI_ActionCard_Portrait_176","Cost":"15000","TicketCost":"36","Type":"Rune","Duration":"72h","MinRank":"99999","LootTable":"EPD_T3_Rune_Dark","Creatures":"5","MinLevel":"25","ExtraLevelBonus":"1","FavoredClass":"Dark","FavoredClassBonus":"5","BaseSuccessChance":"10","FailRolls":"1","SuccessMainRolls":"1","SuccessExtraRolls":"1","BigSuccessBonusMainRolls":"0","BigSuccessBonusExtraRolls":"1"},
	{"ID":"EPD_T3_Red_Dieclops_72h","Name":"!!EXPEDITION_NAME_71","UITexture":"UI_ActionCard_Portrait_224","Cost":"15000","TicketCost":"36","Type":"Dieclops","Duration":"72h","MinRank":"99999","LootTable":"EPD_T3_Dieclops_Red","Creatures":"5","MinLevel":"25","ExtraLevelBonus":"1","FavoredClass":"Red","FavoredClassBonus":"5","BaseSuccessChance":"10","FailRolls":"1","SuccessMainRolls":"1","SuccessExtraRolls":"1","BigSuccessBonusMainRolls":"0","BigSuccessBonusExtraRolls":"1"},
	{"ID":"EPD_T3_Blue_Dieclops_72h","Name":"!!EXPEDITION_NAME_72","UITexture":"UI_ActionCard_Portrait_224","Cost":"15000","TicketCost":"36","Type":"Dieclops","Duration":"72h","MinRank":"99999","LootTable":"EPD_T3_Dieclops_Blue","Creatures":"5","MinLevel":"25","ExtraLevelBonus":"1","FavoredClass":"Blue","FavoredClassBonus":"5","BaseSuccessChance":"10","FailRolls":"1","SuccessMainRolls":"1","SuccessExtraRolls":"1","BigSuccessBonusMainRolls":"0","BigSuccessBonusExtraRolls":"1"},
	{"ID":"EPD_T3_Green_Dieclops_72h","Name":"!!EXPEDITION_NAME_73","UITexture":"UI_ActionCard_Portrait_224","Cost":"15000","TicketCost":"36","Type":"Dieclops","Duration":"72h","MinRank":"99999","LootTable":"EPD_T3_Dieclops_Green","Creatures":"5","MinLevel":"25","ExtraLevelBonus":"1","FavoredClass":"Green","FavoredClassBonus":"5","BaseSuccessChance":"10","FailRolls":"1","SuccessMainRolls":"1","SuccessExtraRolls":"1","BigSuccessBonusMainRolls":"0","BigSuccessBonusExtraRolls":"1"},
	{"ID":"EPD_T3_Light_Dieclops_72h","Name":"!!EXPEDITION_NAME_74","UITexture":"UI_ActionCard_Portrait_224","Cost":"15000","TicketCost":"36","Type":"Dieclops","Duration":"72h","MinRank":"99999","LootTable":"EPD_T3_Dieclops_Light","Creatures":"5","MinLevel":"25","ExtraLevelBonus":"1","FavoredClass":"Light","FavoredClassBonus":"5","BaseSuccessChance":"10","FailRolls":"1","SuccessMainRolls":"1","SuccessExtraRolls":"1","BigSuccessBonusMainRolls":"0","BigSuccessBonusExtraRolls":"1"},
	{"ID":"EPD_T3_Dark_Dieclops_72h","Name":"!!EXPEDITION_NAME_75","UITexture":"UI_ActionCard_Portrait_224","Cost":"15000","TicketCost":"36","Type":"Dieclops","Duration":"72h","MinRank":"99999","LootTable":"EPD_T3_Dieclops_Dark","Creatures":"5","MinLevel":"25","ExtraLevelBonus":"1","FavoredClass":"Dark","FavoredClassBonus":"5","BaseSuccessChance":"10","FailRolls":"1","SuccessMainRolls":"1","SuccessExtraRolls":"1","BigSuccessBonusMainRolls":"0","BigSuccessBonusExtraRolls":"1"}
]
