[
	{"ID":"1","Name":"!!EXPEDITION_NAME1","Texture":"Spell_Corn_RosCreditCard","Difficulty":"1"},
	{"ID":"2","Name":"!!EXPEDITION_NAME2","Texture":"Spell_UnemptyCoffin","Difficulty":"1"},
	{"ID":"3","Name":"!!EXPEDITION_NAME3","Texture":"Spell_ElfBlood","Difficulty":"1"},
	{"ID":"4","Name":"!!EXPEDITION_NAME4","Texture":"Spell_Migraine","Difficulty":"1"},
	{"ID":"5","Name":"!!EXPEDITION_NAME5","Texture":"Spell_Corn_Brazenness","Difficulty":"1"},
	{"ID":"6","Name":"!!EXPEDITION_NAME6","Texture":"Spell_BananaButt","Difficulty":"2"},
	{"ID":"7","Name":"!!EXPEDITION_NAME7","Texture":"Spell_Sands_ShieldofWeakness","Difficulty":"2"},
	{"ID":"8","Name":"!!EXPEDITION_NAME8","Texture":"Spell_Swamps_BlindingToxins","Difficulty":"2"},
	{"ID":"9","Name":"!!EXPEDITION_NAME9","Texture":"Spell_DarkPortal","Difficulty":"2"},
	{"ID":"10","Name":"!!EXPEDITION_NAME10","Texture":"Spell_UselessSwamp","Difficulty":"2"},
	{"ID":"11","Name":"!!EXPEDITION_NAME11","Texture":"Spell_Swamps_FogOfIsolation","Difficulty":"3"},
	{"ID":"12","Name":"!!EXPEDITION_NAME12","Texture":"Spell_Nicelands_JustBrunch","Difficulty":"3"},
	{"ID":"13","Name":"!!EXPEDITION_NAME13","Texture":"Spell_BluePlains_PayToWin","Difficulty":"3"},
	{"ID":"14","Name":"!!EXPEDITION_NAME14","Texture":"Spell_MusicalChair","Difficulty":"3"},
	{"ID":"15","Name":"!!EXPEDITION_NAME15","Texture":"Spell_FountainOfForgiveness","Difficulty":"3"},
	{"ID":"16","Name":"!!EXPEDITION_NAME16","Texture":"Spell_hamburgerMeteorShower","Difficulty":"4"},
	{"ID":"17","Name":"!!EXPEDITION_NAME17","Texture":"Spell_Swamps_StormofCoughs","Difficulty":"4"},
	{"ID":"18","Name":"!!EXPEDITION_NAME18","Texture":"Spell_StrengthCrystal","Difficulty":"4"},
	{"ID":"19","Name":"!!EXPEDITION_NAME19","Texture":"Spell_Swamps_SwampySavings","Difficulty":"4"},
	{"ID":"20","Name":"!!EXPEDITION_NAME20","Texture":"Spell_TaxReduction","Difficulty":"4"},
	{"ID":"21","Name":"!!EXPEDITION_NAME21","Texture":"Spell_WizardRawk","Difficulty":"5"},
	{"ID":"22","Name":"!!EXPEDITION_NAME22","Texture":"Spell_Corn_FieldDressing","Difficulty":"5"},
	{"ID":"23","Name":"!!EXPEDITION_NAME23","Texture":"Spell_Corn_Brazenness","Difficulty":"5"},
	{"ID":"24","Name":"!!EXPEDITION_NAME24","Texture":"Spell_Corn_AggressiveGrowth","Difficulty":"5"},
	{"ID":"25","Name":"!!EXPEDITION_NAME25","Texture":"Spell_IceVolcano","Difficulty":"5"},
	{"ID":"26","Name":"!!EXPEDITION_NAME26","Texture":"Spell_IncrediblePants","Difficulty":"6"},
	{"ID":"27","Name":"!!EXPEDITION_NAME27","Texture":"Spell_MagicBraces","Difficulty":"6"},
	{"ID":"28","Name":"!!EXPEDITION_NAME28","Texture":"Spell_MagicLamp","Difficulty":"6"},
	{"ID":"29","Name":"!!EXPEDITION_NAME29","Texture":"Spell_UFOabduction","Difficulty":"6"},
	{"ID":"30","Name":"!!EXPEDITION_NAME30","Texture":"Spell_WitchSlap","Difficulty":"6"}
]
