[
	{"Difficulty":"1","Name":"!!EXPEDITION_DIFFICULTY_1","Chance":"25","StarRequirement":"3","Durations":"2h","1CreatureWeight":"20","2CreatureWeight":"20","3CreatureWeight":"20","4CreatureWeight":"20","MinRarity":"1","MaxRarity":"1","RankXP":"1000-1250","SoftCurrency":"100-125","MinSoftCurrency":"75","MaxSoftCurrency":"250","HardCurrency":"50-100","MinHardCurrency":"100-100","MaxHardCurrency":"100-100","XPMaterials":"1 @10%","EnhanceMaterials":"0-1 @1"},
	{"Difficulty":"2","Name":"!!EXPEDITION_DIFFICULTY_2","Chance":"25","StarRequirement":"6","Durations":"3h","2CreatureWeight":"20","3CreatureWeight":"20","4CreatureWeight":"20","5CreatureWeight":"20","MinRarity":"2","MaxRarity":"2","RankXP":"900-1000","SoftCurrency":"150-250","MinSoftCurrency":"150","MaxSoftCurrency":"250","HardCurrency":"60-120","MinHardCurrency":"130","MaxHardCurrency":"130","XPMaterials":"1 @25%","EnhanceMaterials":"0-2 @1","SpeedUps":"5 @10%"},
	{"Difficulty":"3","Name":"!!EXPEDITION_DIFFICULTY_3","Chance":"8","StarRequirement":"10","Durations":"3h","2CreatureWeight":"20","3CreatureWeight":"20","4CreatureWeight":"20","5CreatureWeight":"20","MinRarity":"3","MaxRarity":"3","RankXP":"1000-1000","SoftCurrency":"450-750","MinSoftCurrency":"450","MaxSoftCurrency":"750","HardCurrency":"70-140","MinHardCurrency":"130","MaxHardCurrency":"140","XPMaterials":"1 @50%","EnhanceMaterials":"0-1 @1, 0-1 @2","SpeedUps":"5 @10%, 15 @10%"},
	{"Difficulty":"4","Name":"!!EXPEDITION_DIFFICULTY_4","Chance":"8","StarRequirement":"15","Durations":"5h","3CreatureWeight":"20","4CreatureWeight":"20","5CreatureWeight":"20","MinRarity":"3","MaxRarity":"3","RankXP":"900-1500","SoftCurrency":"900-1500","MinSoftCurrency":"900","MaxSoftCurrency":"1500","HardCurrency":"150-200","MinHardCurrency":"150-200","MaxHardCurrency":"150-200","XPMaterials":"1 @95%","EnhanceMaterials":"1 @1, 0-1","SpeedUps":"5 @10%, 15 @10%, 30 @10%"},
	{"Difficulty":"5","Name":"!!EXPEDITION_DIFFICULTY_5","Chance":"8","StarRequirement":"21","Durations":"21h","4CreatureWeight":"20","5CreatureWeight":"20","MinRarity":"3","MaxRarity":"3","RankXP":"1800-3000","SoftCurrency":"1800-3000","MinSoftCurrency":"1800","MaxSoftCurrency":"3000","HardCurrency":"200-300","MinHardCurrency":"20-300","MaxHardCurrency":"1-350","XPMaterials":"1-2","EnhanceMaterials":"1 @2, 0-1","SpeedUps":"5 @10%, 15 @10%, 30 @10%, 60 @10%"},
	{"Difficulty":"6","Name":"!!EXPEDITION_DIFFICULTY_6","Chance":"7","StarRequirement":"28","Durations":"24h","5CreatureWeight":"20","MinRarity":"3","MaxRarity":"3","RankXP":"5000-10000","SoftCurrency":"3600-6000","MinSoftCurrency":"3600","MaxSoftCurrency":"6000","HardCurrency":"350-350","MinHardCurrency":"350","MaxHardCurrency":"350","XPMaterials":"2-3","EnhanceMaterials":"1 @3, 0-1","SpeedUps":"5 @10%, 15 @10%, 30 @10%, 60 @10%, 120 @10%"}
]
