[
	{"ID":"Evo_Mat_PeanutButter","Name":"!!Evo_Mat_PeanutButter_NAME","CardFrame":"UI/CardFrames/UI_IngredientCard_Frame_Generic","UITexture":"UI/Icons_Materials/Dweeb_PeanutButter","SellPrice":"50000","Rarity":"1","Faction":"Red"},
	{"ID":"Evo_Mat_CaptainChipChips","Name":"!!Evo_Mat_CaptainChipChips_NAME","CardFrame":"UI/CardFrames/UI_IngredientCard_Frame_Generic","UITexture":"UI/Icons_Materials/Dweeb_CaptainChipChips","SellPrice":"50000","Rarity":"2","Faction":"Blue"},
	{"ID":"Evo_Mat_GreenKetchup","Name":"!!Evo_Mat_GreenKetchup_NAME","CardFrame":"UI/CardFrames/UI_IngredientCard_Frame_Generic","UITexture":"UI/Icons_Materials/Dweeb_GreenKetchup","SellPrice":"50000","Rarity":"3","Faction":"Green"},
	{"ID":"Evo_Mat_HamChunkJuice","Name":"!!Evo_Mat_HamChunkJuice_NAME","CardFrame":"UI/CardFrames/UI_IngredientCard_Frame_Generic","UITexture":"UI/Icons_Materials/Dweeb_HamChunkJuice","SellPrice":"50000","Rarity":"3","Faction":"Light"},
	{"ID":"Evo_Mat_Kimchi","Name":"!!Evo_Mat_Kimchi_NAME","CardFrame":"UI/CardFrames/UI_IngredientCard_Frame_Generic","UITexture":"UI/Icons_Materials/Dweeb_Kimchi","SellPrice":"50000","Rarity":"3","Faction":"Dark"},
	{"ID":"Evo_Mat_PeeledGrapes","Name":"!!Evo_Mat_PeeledGrapes_NAME","CardFrame":"UI/CardFrames/UI_IngredientCard_Frame_Generic","UITexture":"UI/Icons_Materials/Dweeb_PeeledGrapes","SellPrice":"50000","Rarity":"2","Faction":"Colorless"},
	{"ID":"Evo_Mat_SourMilk","Name":"!!Evo_Mat_SourMilk_NAME","CardFrame":"UI/CardFrames/UI_IngredientCard_Frame_Generic","UITexture":"UI/Icons_Materials/Dweeb_SourMilk","SellPrice":"50000","Rarity":"3","Faction":"Colorless"},
	{"ID":"MAT_MON_T1","Name":"!!MAT_MON_T1_NAME","CardFrame":"UI/CardFrames/UI_IngredientCard_Frame_Generic","UITexture":"UI/Icons_Materials/Dweeb_HalfEatenSandwich","SellPrice":"100","Rarity":"1","Faction":"Colorless"},
	{"ID":"MAT_MON_T2","Name":"!!MAT_MON_T2_NAME","CardFrame":"UI/CardFrames/UI_IngredientCard_Frame_Generic","UITexture":"UI/Icons_Materials/Dweeb_PeanutButter","SellPrice":"250","Rarity":"2","Faction":"Colorless"},
	{"ID":"MAT_MON_T3","Name":"!!MAT_MON_T3_NAME","CardFrame":"UI/CardFrames/UI_IngredientCard_Frame_Generic","UITexture":"UI/Icons_Materials/Dweeb_GrapeJelly","SellPrice":"500","Rarity":"2","Faction":"Colorless"},
	{"ID":"MAT_MON_T4","Name":"!!MAT_MON_T4_NAME","CardFrame":"UI/CardFrames/UI_IngredientCard_Frame_Generic","UITexture":"UI/Icons_Materials/Dweeb_LargeSandwich","SellPrice":"1000","Rarity":"3","Faction":"Colorless"},
	{"ID":"MAT_TUE_T1","Name":"!!MAT_TUE_T1_NAME","CardFrame":"UI/CardFrames/UI_IngredientCard_Frame_Generic","UITexture":"UI/Icons_Materials/ATime_Ingredients_Tortilla3_Crop","SellPrice":"100","Rarity":"1","Faction":"Colorless"},
	{"ID":"MAT_TUE_T2","Name":"!!MAT_TUE_T2_NAME","CardFrame":"UI/CardFrames/UI_IngredientCard_Frame_Generic","UITexture":"UI/Icons_Materials/Dweeb_ChessyCheese","SellPrice":"250","Rarity":"2","Faction":"Colorless"},
	{"ID":"MAT_TUE_T3","Name":"!!MAT_TUE_T3_NAME","CardFrame":"UI/CardFrames/UI_IngredientCard_Frame_Generic","UITexture":"UI/Icons_Materials/ATime_Ingredients_Carnitas4_Crop","SellPrice":"500","Rarity":"2","Faction":"Colorless"},
	{"ID":"MAT_TUE_T4","Name":"!!MAT_TUE_T4_NAME","CardFrame":"UI/CardFrames/UI_IngredientCard_Frame_Generic","UITexture":"UI/Icons_Materials/ATime_Ingredients_HotPepperSalsa3_Crop","SellPrice":"1000","Rarity":"3","Faction":"Colorless"},
	{"ID":"MAT_WED_T1","Name":"!!MAT_WED_T1_NAME","CardFrame":"UI/CardFrames/UI_IngredientCard_Frame_Generic","UITexture":"UI/Icons_Materials/Dweeb_Mustard","SellPrice":"100","Rarity":"1","Faction":"Colorless"},
	{"ID":"MAT_WED_T2","Name":"!!MAT_WED_T2_NAME","CardFrame":"UI/CardFrames/UI_IngredientCard_Frame_Generic","UITexture":"UI/Icons_Materials/ATime_Ingredients_Bratwurst4_Crop","SellPrice":"250","Rarity":"2","Faction":"Colorless"},
	{"ID":"MAT_WED_T3","Name":"!!MAT_WED_T3_NAME","CardFrame":"UI/CardFrames/UI_IngredientCard_Frame_Generic","UITexture":"UI/Icons_Materials/Dweeb_GreenKetchup","SellPrice":"500","Rarity":"2","Faction":"Colorless"},
	{"ID":"MAT_WED_T4","Name":"!!MAT_WED_T4_NAME","CardFrame":"UI/CardFrames/UI_IngredientCard_Frame_Generic","UITexture":"UI/Icons_Materials/ATime_Ingredients_PristinePickles5_Crop","SellPrice":"1000","Rarity":"3","Faction":"Colorless"},
	{"ID":"MAT_THU_T1","Name":"!!MAT_THU_T1_NAME","CardFrame":"UI/CardFrames/UI_IngredientCard_Frame_Generic","UITexture":"UI/Icons_Materials/Dweeb_SourMilk","SellPrice":"100","Rarity":"1","Faction":"Colorless"},
	{"ID":"MAT_THU_T2","Name":"!!MAT_THU_T2_NAME","CardFrame":"UI/CardFrames/UI_IngredientCard_Frame_Generic","UITexture":"UI/Icons_Materials/Dweeb_ColdCocoa","SellPrice":"250","Rarity":"2","Faction":"Colorless"},
	{"ID":"MAT_THU_T3","Name":"!!MAT_THU_T3_NAME","CardFrame":"UI/CardFrames/UI_IngredientCard_Frame_Generic","UITexture":"UI/Icons_Materials/Dweeb_TotalSodaOrange","SellPrice":"500","Rarity":"2","Faction":"Colorless"},
	{"ID":"MAT_THU_T4","Name":"!!MAT_THU_T4_NAME","CardFrame":"UI/CardFrames/UI_IngredientCard_Frame_Generic","UITexture":"UI/Icons_Materials/Dweeb_HamChunkJuice","SellPrice":"1000","Rarity":"3","Faction":"Colorless"},
	{"ID":"MAT_FRI_T1","Name":"!!MAT_FRI_T1_NAME","CardFrame":"UI/CardFrames/UI_IngredientCard_Frame_Generic","UITexture":"UI/Icons_Materials/Dweeb_JakesLeftovers","SellPrice":"100","Rarity":"1","Faction":"Colorless"},
	{"ID":"MAT_FRI_T2","Name":"!!MAT_FRI_T2_NAME","CardFrame":"UI/CardFrames/UI_IngredientCard_Frame_Generic","UITexture":"UI/Icons_Materials/ATime_Ingredients_FriedBanana3_Crop","SellPrice":"250","Rarity":"2","Faction":"Colorless"},
	{"ID":"MAT_FRI_T3","Name":"!!MAT_FRI_T3_NAME","CardFrame":"UI/CardFrames/UI_IngredientCard_Frame_Generic","UITexture":"UI/Icons_Materials/ATime_Ingredients_ChickenFingers4_Crop","SellPrice":"500","Rarity":"2","Faction":"Colorless"},
	{"ID":"MAT_FRI_T4","Name":"!!MAT_FRI_T4_NAME","CardFrame":"UI/CardFrames/UI_IngredientCard_Frame_Generic","UITexture":"UI/Icons_Materials/Dweeb_BaconNuggets","SellPrice":"1000","Rarity":"3","Faction":"Colorless"},
	{"ID":"MAT_SAT_T1","Name":"!!MAT_SAT_T1_NAME","CardFrame":"UI/CardFrames/UI_IngredientCard_Frame_Generic","UITexture":"UI/Icons_Materials/Dweeb_JellyDonut","SellPrice":"100","Rarity":"1","Faction":"Colorless"},
	{"ID":"MAT_SAT_T2","Name":"!!MAT_SAT_T2_NAME","CardFrame":"UI/CardFrames/UI_IngredientCard_Frame_Generic","UITexture":"UI/Icons_Materials/Dweeb_LemonCake","SellPrice":"250","Rarity":"2","Faction":"Colorless"},
	{"ID":"MAT_SAT_T3","Name":"!!MAT_SAT_T3_NAME","CardFrame":"UI/CardFrames/UI_IngredientCard_Frame_Generic","UITexture":"UI/Icons_Materials/Dweeb_ApplePie","SellPrice":"500","Rarity":"2","Faction":"Colorless"},
	{"ID":"MAT_SAT_T4","Name":"!!MAT_SAT_T4_NAME","CardFrame":"UI/CardFrames/UI_IngredientCard_Frame_Generic","UITexture":"UI/Icons_Materials/Dweeb_QuartofIceCream","SellPrice":"1000","Rarity":"3","Faction":"Colorless"},
	{"ID":"MAT_SUN_T1","Name":"!!MAT_SUN_T1_NAME","CardFrame":"UI/CardFrames/UI_IngredientCard_Frame_Generic","UITexture":"UI/Icons_Materials/Dweeb_BeetleButter","SellPrice":"100","Rarity":"1","Faction":"Colorless"},
	{"ID":"MAT_SUN_T2","Name":"!!MAT_SUN_T2_NAME","CardFrame":"UI/CardFrames/UI_IngredientCard_Frame_Generic","UITexture":"UI/Icons_Materials/Dweeb_ArmpitFlakes","SellPrice":"250","Rarity":"2","Faction":"Colorless"},
	{"ID":"MAT_SUN_T3","Name":"!!MAT_SUN_T3_NAME","CardFrame":"UI/CardFrames/UI_IngredientCard_Frame_Generic","UITexture":"UI/Icons_Materials/Dweeb_SmellySock","SellPrice":"500","Rarity":"2","Faction":"Colorless"},
	{"ID":"MAT_SUN_T4","Name":"!!MAT_SUN_T4_NAME","CardFrame":"UI/CardFrames/UI_IngredientCard_Frame_Generic","UITexture":"UI/Icons_Materials/Dweeb_DemonHeart","SellPrice":"1000","Rarity":"3","Faction":"Colorless"},
	{"ID":"MAT_RND1_T1","Name":"!!MAT_RND1_T1_NAME","CardFrame":"UI/CardFrames/UI_IngredientCard_Frame_Generic","UITexture":"UI/Icons_Materials/Dweeb_ApplewithWorm","SellPrice":"100","Rarity":"1","Faction":"Colorless"},
	{"ID":"MAT_RND1_T2","Name":"!!MAT_RND1_T2_NAME","CardFrame":"UI/CardFrames/UI_IngredientCard_Frame_Generic","UITexture":"UI/Icons_Materials/Dweeb_TrailMix","SellPrice":"250","Rarity":"2","Faction":"Colorless"},
	{"ID":"MAT_RND1_T3","Name":"!!MAT_RND1_T3_NAME","CardFrame":"UI/CardFrames/UI_IngredientCard_Frame_Generic","UITexture":"UI/Icons_Materials/Dweeb_CaptainChipChips","SellPrice":"500","Rarity":"2","Faction":"Colorless"},
	{"ID":"MAT_RND1_T4","Name":"!!MAT_RND1_T4_NAME","CardFrame":"UI/CardFrames/UI_IngredientCard_Frame_Generic","UITexture":"UI/Icons_Materials/Dweeb_HairballChips","SellPrice":"1000","Rarity":"3","Faction":"Colorless"},
	{"ID":"MAT_EVENT1_T1","Name":"!!MAT_EVENT1_T1_NAME","CardFrame":"UI/CardFrames/UI_IngredientCard_Frame_Generic","UITexture":"UI/Icons_Materials/Dweeb_SpaghettiandMeatballs","SellPrice":"100","Rarity":"1","Faction":"Colorless"},
	{"ID":"MAT_EVENT1_T2","Name":"!!MAT_EVENT1_T2_NAME","CardFrame":"UI/CardFrames/UI_IngredientCard_Frame_Generic","UITexture":"UI/Icons_Materials/ATime_Ingredients_SteakAndPotatoes3_Crop","SellPrice":"250","Rarity":"2","Faction":"Colorless"},
	{"ID":"MAT_EVENT1_T3","Name":"!!MAT_EVENT1_T3_NAME","CardFrame":"UI/CardFrames/UI_IngredientCard_Frame_Generic","UITexture":"UI/Icons_Materials/ATime_Ingredients_SweatyLobster3_Crop","SellPrice":"500","Rarity":"2","Faction":"Colorless"},
	{"ID":"MAT_EVENT1_T4","Name":"!!MAT_EVENT1_T4_NAME","CardFrame":"UI/CardFrames/UI_IngredientCard_Frame_Generic","UITexture":"UI/Icons_Materials/ATime_Ingredients_Turducken5_Crop","SellPrice":"1000","Rarity":"3","Faction":"Colorless"},
	{"ID":"AWK_MAT_AncientScholar_Base","Name":"SHARD: Ancient Scholar","CardFrame":"UI/CardFrames/UI_IngredientCard_Frame_Generic","UITexture":"UI/Icons_Creatures/Creature_AncientScholar_evo","SellPrice":"1000","Rarity":"2","Faction":"Blue","AwakenMat":"True","ExpeditionDrop":"True"},
	{"ID":"AWK_MAT_AngelOfSand_Base","Name":"SHARD: Angel Of Sand","CardFrame":"UI/CardFrames/UI_IngredientCard_Frame_Generic","UITexture":"UI/Icons_Creatures/Creature_AngelOfSand","SellPrice":"1000","Rarity":"3","Faction":"Green","AwakenMat":"True","ExpeditionDrop":"True"},
	{"ID":"AWK_MAT_ArcherDan_Base","Name":"SHARD: Archer Dan","CardFrame":"UI/CardFrames/UI_IngredientCard_Frame_Generic","UITexture":"UI/Icons_Creatures/Creature_ArcherDan_Evo","SellPrice":"1000","Rarity":"2","Faction":"Red","AwakenMat":"True","ExpeditionDrop":"True"},
	{"ID":"AWK_MAT_BaldingMan_Base","Name":"SHARD: Balding Man","CardFrame":"UI/CardFrames/UI_IngredientCard_Frame_Generic","UITexture":"UI/Icons_Creatures/Creature_WanderingBaldMan_Evo","SellPrice":"1000","Rarity":"1","Faction":"Dark","AwakenMat":"True","ExpeditionDrop":"True"},
	{"ID":"AWK_MAT_BaldmansThrone_Base","Name":"SHARD: Baldman's Throne","CardFrame":"UI/CardFrames/UI_IngredientCard_Frame_Generic","UITexture":"UI/Icons_Creatures/Creature_BaldMansThrone","SellPrice":"1000","Rarity":"2","Faction":"Dark","AwakenMat":"True"},
	{"ID":"AWK_MAT_BeachMum_Base","Name":"SHARD: Beach Mum","CardFrame":"UI/CardFrames/UI_IngredientCard_Frame_Generic","UITexture":"UI/Icons_Creatures/Creature_BeachMum","SellPrice":"1000","Rarity":"2","Faction":"Green","AwakenMat":"True"},
	{"ID":"AWK_MAT_BespectacledOgre_Base","Name":"SHARD: Bespectacled Ogre","CardFrame":"UI/CardFrames/UI_IngredientCard_Frame_Generic","UITexture":"UI/Icons_Creatures/Creature_BespectacledOgre","SellPrice":"1000","Rarity":"3","Faction":"Dark","AwakenMat":"True","ExpeditionDrop":"True"},
	{"ID":"AWK_MAT_BogBanSheAngel_Base","Name":"SHARD: Bog BanShe Angel","CardFrame":"UI/CardFrames/UI_IngredientCard_Frame_Generic","UITexture":"UI/Icons_Creatures/Creature_BogBanSheAngel_Evo","SellPrice":"1000","Rarity":"3","Faction":"Dark","AwakenMat":"True","ExpeditionDrop":"True"},
	{"ID":"AWK_MAT_BogFrogBomb_Base","Name":"SHARD: Bog Frog Bomb","CardFrame":"UI/CardFrames/UI_IngredientCard_Frame_Generic","UITexture":"UI/Icons_Creatures/Creature_BogFrogBomb","SellPrice":"1000","Rarity":"1","Faction":"Dark","AwakenMat":"True","ExpeditionDrop":"True"},
	{"ID":"AWK_MAT_CactusBall_Base","Name":"SHARD: Cactus Ball","CardFrame":"UI/CardFrames/UI_IngredientCard_Frame_Generic","UITexture":"UI/Icons_Creatures/Creature_CactusBall","SellPrice":"1000","Rarity":"1","Faction":"Green","AwakenMat":"True"},
	{"ID":"AWK_MAT_CactusThug_Base","Name":"SHARD: Cactus Thug","CardFrame":"UI/CardFrames/UI_IngredientCard_Frame_Generic","UITexture":"UI/Icons_Creatures/Creature_CactusThug_Evo","SellPrice":"1000","Rarity":"2","Faction":"Green","AwakenMat":"True","ExpeditionDrop":"True"},
	{"ID":"AWK_MAT_CaptainTaco_Base","Name":"SHARD: Captain Taco","CardFrame":"UI/CardFrames/UI_IngredientCard_Frame_Generic","UITexture":"UI/Icons_Creatures/Creature_CaptainTaco","SellPrice":"1000","Rarity":"3","Faction":"Red","AwakenMat":"True"},
	{"ID":"AWK_MAT_ChestBurster_Base","Name":"SHARD: Chest Burster","CardFrame":"UI/CardFrames/UI_IngredientCard_Frame_Generic","UITexture":"UI/Icons_Creatures/Creature_ChestBurster","SellPrice":"1000","Rarity":"3","Faction":"Dark","AwakenMat":"True"},
	{"ID":"AWK_MAT_CoolDog_Base","Name":"SHARD: Cool Dog","CardFrame":"UI/CardFrames/UI_IngredientCard_Frame_Generic","UITexture":"UI/Icons_Creatures/Creature_CoolDog_Evo","SellPrice":"1000","Rarity":"1","Faction":"Blue","AwakenMat":"True","ExpeditionDrop":"True"},
	{"ID":"AWK_MAT_Cornataur_Base","Name":"SHARD: Cornataur","CardFrame":"UI/CardFrames/UI_IngredientCard_Frame_Generic","UITexture":"UI/Icons_Creatures/Creature_Cornataur","SellPrice":"1000","Rarity":"3","Faction":"Red","AwakenMat":"True","ExpeditionDrop":"True"},
	{"ID":"AWK_MAT_CornBall_Base","Name":"SHARD: Corn Ball","CardFrame":"UI/CardFrames/UI_IngredientCard_Frame_Generic","UITexture":"UI/Icons_Creatures/Creature_CornBall_Evo","SellPrice":"1000","Rarity":"1","Faction":"Red","AwakenMat":"True","ExpeditionDrop":"True"},
	{"ID":"AWK_MAT_CornDog_Base","Name":"SHARD: Corn Dog","CardFrame":"UI/CardFrames/UI_IngredientCard_Frame_Generic","UITexture":"UI/Icons_Creatures/Creature_CornDog_Evo","SellPrice":"1000","Rarity":"1","Faction":"Red","AwakenMat":"True","ExpeditionDrop":"True"},
	{"ID":"AWK_MAT_CornEyeBat_Base","Name":"SHARD: Corn Eye Bat","CardFrame":"UI/CardFrames/UI_IngredientCard_Frame_Generic","UITexture":"UI/Icons_Creatures/Creature_CornEyeBat","SellPrice":"1000","Rarity":"1","Faction":"Red","AwakenMat":"True"},
	{"ID":"AWK_MAT_CornLord_Base","Name":"SHARD: Corn Lord","CardFrame":"UI/CardFrames/UI_IngredientCard_Frame_Generic","UITexture":"UI/Icons_Creatures/Creature_CornLord_Evo","SellPrice":"1000","Rarity":"3","Faction":"Red","AwakenMat":"True","ExpeditionDrop":"True"},
	{"ID":"AWK_MAT_CornRonin_Base","Name":"SHARD: Corn Ronin","CardFrame":"UI/CardFrames/UI_IngredientCard_Frame_Generic","UITexture":"UI/Icons_Creatures/Creature_CornRonin","SellPrice":"1000","Rarity":"3","Faction":"Red","AwakenMat":"True","ExpeditionDrop":"True"},
	{"ID":"AWK_MAT_CornWall_Base","Name":"SHARD: Corn Wall","CardFrame":"UI/CardFrames/UI_IngredientCard_Frame_Generic","UITexture":"UI/Icons_Creatures/Creature_CornWall_Evo","SellPrice":"1000","Rarity":"1","Faction":"Red","AwakenMat":"True"},
	{"ID":"AWK_MAT_CottonEyeBat_Base","Name":"SHARD: Cotton Eye Bat","CardFrame":"UI/CardFrames/UI_IngredientCard_Frame_Generic","UITexture":"UI/Icons_Creatures/Creature_CottonEyeBat","SellPrice":"1000","Rarity":"1","Faction":"Light","AwakenMat":"True"},
	{"ID":"AWK_MAT_CottonSaurusRex_Base","Name":"SHARD: CottonSaurus Rex","CardFrame":"UI/CardFrames/UI_IngredientCard_Frame_Generic","UITexture":"UI/Icons_Creatures/Creature_CottonsaurusRex","SellPrice":"1000","Rarity":"2","Faction":"Light","AwakenMat":"True","ExpeditionDrop":"True"},
	{"ID":"AWK_MAT_Cow_Base","Name":"SHARD: Cow","CardFrame":"UI/CardFrames/UI_IngredientCard_Frame_Generic","UITexture":"UI/Icons_Creatures/Creature_Cow_Evo","SellPrice":"1000","Rarity":"2","Faction":"Light","AwakenMat":"True","ExpeditionDrop":"True"},
	{"ID":"AWK_MAT_DiamondDan_Base","Name":"SHARD: Diamond Dan","CardFrame":"UI/CardFrames/UI_IngredientCard_Frame_Generic","UITexture":"UI/Icons_Creatures/Creature_DiamondDan","SellPrice":"1000","Rarity":"3","Faction":"Blue","AwakenMat":"True"},
	{"ID":"AWK_MAT_DrDeath_Base","Name":"SHARD: Dr. Death","CardFrame":"UI/CardFrames/UI_IngredientCard_Frame_Generic","UITexture":"UI/Icons_Creatures/Creature_DrDeath_Evo","SellPrice":"1000","Rarity":"2","Faction":"Dark","AwakenMat":"True","ExpeditionDrop":"True"},
	{"ID":"AWK_MAT_DrStuffenstein_Base","Name":"SHARD: Dr. Stuffenstein","CardFrame":"UI/CardFrames/UI_IngredientCard_Frame_Generic","UITexture":"UI/Icons_Creatures/Creature_DrStuffenstein","SellPrice":"1000","Rarity":"3","Faction":"Light","AwakenMat":"True"},
	{"ID":"AWK_MAT_Earl_Base","Name":"SHARD: Earl","CardFrame":"UI/CardFrames/UI_IngredientCard_Frame_Generic","UITexture":"UI/Icons_Creatures/Creature_Earl_Evo","SellPrice":"1000","Rarity":"2","Faction":"Blue","AwakenMat":"True","ExpeditionDrop":"True"},
	{"ID":"AWK_MAT_ElfChief_Base","Name":"SHARD: Elf Chief","CardFrame":"UI/CardFrames/UI_IngredientCard_Frame_Generic","UITexture":"UI/Icons_Creatures/Creature_ElfChief_Evo","SellPrice":"1000","Rarity":"3","Faction":"Blue","AwakenMat":"True","ExpeditionDrop":"True"},
	{"ID":"AWK_MAT_ElfMarauder_Base","Name":"SHARD: Elf Marauder","CardFrame":"UI/CardFrames/UI_IngredientCard_Frame_Generic","UITexture":"UI/Icons_Creatures/Creature_ElfMarauder","SellPrice":"1000","Rarity":"3","Faction":"Blue","AwakenMat":"True","ExpeditionDrop":"True"},
	{"ID":"AWK_MAT_EmbarrassingBard_Base","Name":"SHARD: Embarrassing Bard","CardFrame":"UI/CardFrames/UI_IngredientCard_Frame_Generic","UITexture":"UI/Icons_Creatures/Creature_EmbarrassingBard","SellPrice":"1000","Rarity":"3","Faction":"Blue","AwakenMat":"True","ExpeditionDrop":"True"},
	{"ID":"AWK_MAT_ExtraordinarySpider_Base","Name":"SHARD: Extraordinary Spider","CardFrame":"UI/CardFrames/UI_IngredientCard_Frame_Generic","UITexture":"UI/Icons_Creatures/Creature_ExtraordinarySpider_Evo","SellPrice":"1000","Rarity":"2","Faction":"Dark","AwakenMat":"True","ExpeditionDrop":"True"},
	{"ID":"AWK_MAT_EyeGuy_Base","Name":"SHARD: Eye Guy","CardFrame":"UI/CardFrames/UI_IngredientCard_Frame_Generic","UITexture":"UI/Icons_Creatures/Creature_EyeGuy","SellPrice":"1000","Rarity":"3","Faction":"Dark","AwakenMat":"True","ExpeditionDrop":"True"},
	{"ID":"AWK_MAT_FarmerTom_Base","Name":"SHARD: Farmer Tom","CardFrame":"UI/CardFrames/UI_IngredientCard_Frame_Generic","UITexture":"UI/Icons_Creatures/Creature_FarmerTom","SellPrice":"1000","Rarity":"1","Faction":"Light","AwakenMat":"True"},
	{"ID":"AWK_MAT_FieldReaper_Base","Name":"SHARD: Field Reaper","CardFrame":"UI/CardFrames/UI_IngredientCard_Frame_Generic","UITexture":"UI/Icons_Creatures/Creature_FieldReaper","SellPrice":"1000","Rarity":"3","Faction":"Red","AwakenMat":"True"},
	{"ID":"AWK_MAT_Fluffantry_Base","Name":"SHARD: Fluffantry","CardFrame":"UI/CardFrames/UI_IngredientCard_Frame_Generic","UITexture":"UI/Icons_Creatures/Creature_Fluffantry","SellPrice":"1000","Rarity":"1","Faction":"Light","AwakenMat":"True"},
	{"ID":"AWK_MAT_Flufflapillar_Base","Name":"SHARD: Flufflapillar","CardFrame":"UI/CardFrames/UI_IngredientCard_Frame_Generic","UITexture":"UI/Icons_Creatures/Creature_Flufflapillar","SellPrice":"1000","Rarity":"2","Faction":"Light","AwakenMat":"True"},
	{"ID":"AWK_MAT_Fummy_Base","Name":"SHARD: Fummy","CardFrame":"UI/CardFrames/UI_IngredientCard_Frame_Generic","UITexture":"UI/Icons_Creatures/Creature_Fummy","SellPrice":"1000","Rarity":"1","Faction":"Green","AwakenMat":"True"},
	{"ID":"AWK_MAT_GreenMermaid_Base","Name":"SHARD: Green Mermaid","CardFrame":"UI/CardFrames/UI_IngredientCard_Frame_Generic","UITexture":"UI/Icons_Creatures/Creature_GreenMermaid_Evo","SellPrice":"1000","Rarity":"1","Faction":"Dark","AwakenMat":"True","ExpeditionDrop":"True"},
	{"ID":"AWK_MAT_HeartAngel_Base","Name":"SHARD: Heart Angel","CardFrame":"UI/CardFrames/UI_IngredientCard_Frame_Generic","UITexture":"UI/Icons_Creatures/Creature_AngelHeart_Evo","SellPrice":"1000","Rarity":"1","Faction":"Light","AwakenMat":"True","ExpeditionDrop":"True"},
	{"ID":"AWK_MAT_Herculeye_Base","Name":"SHARD: Herculeye","CardFrame":"UI/CardFrames/UI_IngredientCard_Frame_Generic","UITexture":"UI/Icons_Creatures/Creature_Herculeye_Evo","SellPrice":"1000","Rarity":"1","Faction":"Dark","AwakenMat":"True","ExpeditionDrop":"True"},
	{"ID":"AWK_MAT_HuskerGiant_Base","Name":"SHARD: Husker Giant","CardFrame":"UI/CardFrames/UI_IngredientCard_Frame_Generic","UITexture":"UI/Icons_Creatures/Creature_HuskerGiant_Evo","SellPrice":"1000","Rarity":"2","Faction":"Red","AwakenMat":"True","ExpeditionDrop":"True"},
	{"ID":"AWK_MAT_HuskerKnight_Base","Name":"SHARD: Husker Knight","CardFrame":"UI/CardFrames/UI_IngredientCard_Frame_Generic","UITexture":"UI/Icons_Creatures/Creature_HuskerKnight_Evo","SellPrice":"1000","Rarity":"2","Faction":"Red","AwakenMat":"True","ExpeditionDrop":"True"},
	{"ID":"AWK_MAT_KingFluff_Base","Name":"SHARD: King Fluff","CardFrame":"UI/CardFrames/UI_IngredientCard_Frame_Generic","UITexture":"UI/Icons_Creatures/Creature_KingFluff_Evo","SellPrice":"1000","Rarity":"3","Faction":"Light","AwakenMat":"True","ExpeditionDrop":"True"},
	{"ID":"AWK_MAT_KnightOfObesity_Base","Name":"SHARD: Knight Of Obesity","CardFrame":"UI/CardFrames/UI_IngredientCard_Frame_Generic","UITexture":"UI/Icons_Creatures/Creature_KnightOfObesity_Evo","SellPrice":"1000","Rarity":"2","Faction":"Blue","AwakenMat":"True"},
	{"ID":"AWK_MAT_LadyScarab_Base","Name":"SHARD: Lady Scarab","CardFrame":"UI/CardFrames/UI_IngredientCard_Frame_Generic","UITexture":"UI/Icons_Creatures/Creature_LadyScarab_Evo","SellPrice":"1000","Rarity":"2","Faction":"Green","AwakenMat":"True","ExpeditionDrop":"True"},
	{"ID":"AWK_MAT_LegionOfEarlings_Base","Name":"SHARD: Legion Of Earlings","CardFrame":"UI/CardFrames/UI_IngredientCard_Frame_Generic","UITexture":"UI/Icons_Creatures/Creature_LegionOfEarlings","SellPrice":"1000","Rarity":"2","Faction":"Red","AwakenMat":"True"},
	{"ID":"AWK_MAT_LostGolem_Base","Name":"SHARD: Lost Golem","CardFrame":"UI/CardFrames/UI_IngredientCard_Frame_Generic","UITexture":"UI/Icons_Creatures/Creature_LostGolem_Evo","SellPrice":"1000","Rarity":"3","Faction":"Green","AwakenMat":"True","ExpeditionDrop":"True"},
	{"ID":"AWK_MAT_MaiseWalker_Base","Name":"SHARD: Maise Walker","CardFrame":"UI/CardFrames/UI_IngredientCard_Frame_Generic","UITexture":"UI/Icons_Creatures/Creature_MaizeWalker_Evo","SellPrice":"1000","Rarity":"2","Faction":"Dark","AwakenMat":"True","ExpeditionDrop":"True"},
	{"ID":"AWK_MAT_ManowarElf_Base","Name":"SHARD: Manowar Elf","CardFrame":"UI/CardFrames/UI_IngredientCard_Frame_Generic","UITexture":"UI/Icons_Creatures/Creature_ManowarElf","SellPrice":"1000","Rarity":"1","Faction":"Blue","AwakenMat":"True"},
	{"ID":"AWK_MAT_ManWitch_Base","Name":"SHARD: Man Witch","CardFrame":"UI/CardFrames/UI_IngredientCard_Frame_Generic","UITexture":"UI/Icons_Creatures/Creature_ManWitch","SellPrice":"1000","Rarity":"3","Faction":"Dark","AwakenMat":"True"},
	{"ID":"AWK_MAT_MotherFluffBucket_Base","Name":"SHARD: Mother Fluff Bucket","CardFrame":"UI/CardFrames/UI_IngredientCard_Frame_Generic","UITexture":"UI/Icons_Creatures/Creature_MotherFluffBucket","SellPrice":"1000","Rarity":"2","Faction":"Light","AwakenMat":"True"},
	{"ID":"AWK_MAT_MsMummy_Base","Name":"SHARD: Ms. Mummy","CardFrame":"UI/CardFrames/UI_IngredientCard_Frame_Generic","UITexture":"UI/Icons_Creatures/Creature_MsMummy_Evo","SellPrice":"1000","Rarity":"1","Faction":"Green","AwakenMat":"True","ExpeditionDrop":"True"},
	{"ID":"AWK_MAT_Ninja_Base","Name":"SHARD: Ninja","CardFrame":"UI/CardFrames/UI_IngredientCard_Frame_Generic","UITexture":"UI/Icons_Creatures/Creature_Ninja_Evo","SellPrice":"1000","Rarity":"1","Faction":"Blue","AwakenMat":"True","ExpeditionDrop":"True"},
	{"ID":"AWK_MAT_Phyllis_Base","Name":"SHARD: Phyllis","CardFrame":"UI/CardFrames/UI_IngredientCard_Frame_Generic","UITexture":"UI/Icons_Creatures/Creature_Phyllis","SellPrice":"1000","Rarity":"2","Faction":"Blue","AwakenMat":"True"},
	{"ID":"AWK_MAT_Pig_Base","Name":"SHARD: Pig","CardFrame":"UI/CardFrames/UI_IngredientCard_Frame_Generic","UITexture":"UI/Icons_Creatures/Creature_Pig_Evo","SellPrice":"1000","Rarity":"1","Faction":"Blue","AwakenMat":"True","ExpeditionDrop":"True"},
	{"ID":"AWK_MAT_PirateBear_Base","Name":"SHARD: Pirate Bear","CardFrame":"UI/CardFrames/UI_IngredientCard_Frame_Generic","UITexture":"UI/Icons_Creatures/Creature_PirateBear_Evo","SellPrice":"1000","Rarity":"3","Faction":"Light","AwakenMat":"True","ExpeditionDrop":"True"},
	{"ID":"AWK_MAT_PunkCat_Base","Name":"SHARD: Punk Cat","CardFrame":"UI/CardFrames/UI_IngredientCard_Frame_Generic","UITexture":"UI/Icons_Creatures/Creature_PunkCat","SellPrice":"1000","Rarity":"3","Faction":"Blue","AwakenMat":"True"},
	{"ID":"AWK_MAT_RainbowBarfer_Base","Name":"SHARD: Rainbow Barfer","CardFrame":"UI/CardFrames/UI_IngredientCard_Frame_Generic","UITexture":"UI/Icons_Creatures/Creature_RainbowBarfer","SellPrice":"1000","Rarity":"3","Faction":"Dark","AwakenMat":"True"},
	{"ID":"AWK_MAT_SackOfPain_Base","Name":"SHARD: Sack Of Pain","CardFrame":"UI/CardFrames/UI_IngredientCard_Frame_Generic","UITexture":"UI/Icons_Creatures/Creature_SackOfPain","SellPrice":"1000","Rarity":"1","Faction":"Light","AwakenMat":"True"},
	{"ID":"AWK_MAT_SandasaurusRex_Base","Name":"SHARD: Sandasaurus Rex","CardFrame":"UI/CardFrames/UI_IngredientCard_Frame_Generic","UITexture":"UI/Icons_Creatures/Creature_SandasaurusRex","SellPrice":"1000","Rarity":"3","Faction":"Green","AwakenMat":"True"},
	{"ID":"AWK_MAT_SandEyeBat_Base","Name":"SHARD: Sand EyeBat","CardFrame":"UI/CardFrames/UI_IngredientCard_Frame_Generic","UITexture":"UI/Icons_Creatures/Creature_SandEyeBat","SellPrice":"1000","Rarity":"1","Faction":"Green","AwakenMat":"True"},
	{"ID":"AWK_MAT_SandJackal_Base","Name":"SHARD: Sand Jackal","CardFrame":"UI/CardFrames/UI_IngredientCard_Frame_Generic","UITexture":"UI/Icons_Creatures/Creature_SandJackal","SellPrice":"1000","Rarity":"2","Faction":"Green","AwakenMat":"True"},
	{"ID":"AWK_MAT_SandKnight_Base","Name":"SHARD: Sand Knight","CardFrame":"UI/CardFrames/UI_IngredientCard_Frame_Generic","UITexture":"UI/Icons_Creatures/Creature_SandKnight","SellPrice":"1000","Rarity":"1","Faction":"Green","AwakenMat":"True"},
	{"ID":"AWK_MAT_SandShark_Base","Name":"SHARD: Sand Shark","CardFrame":"UI/CardFrames/UI_IngredientCard_Frame_Generic","UITexture":"UI/Icons_Creatures/Creature_SandShark","SellPrice":"1000","Rarity":"3","Faction":"Green","AwakenMat":"True"},
	{"ID":"AWK_MAT_Sandwitch_Base","Name":"SHARD: Sandwitch","CardFrame":"UI/CardFrames/UI_IngredientCard_Frame_Generic","UITexture":"UI/Icons_Creatures/Creature_SandwichWitch_Evo","SellPrice":"1000","Rarity":"2","Faction":"Green","AwakenMat":"True","ExpeditionDrop":"True"},
	{"ID":"AWK_MAT_Shepard_Base","Name":"SHARD: Shepard","CardFrame":"UI/CardFrames/UI_IngredientCard_Frame_Generic","UITexture":"UI/Icons_Creatures/Creature_FairyShepard_Evo","SellPrice":"1000","Rarity":"2","Faction":"Light","AwakenMat":"True","ExpeditionDrop":"True"},
	{"ID":"AWK_MAT_SnakeMint_Base","Name":"SHARD: Snake Mint","CardFrame":"UI/CardFrames/UI_IngredientCard_Frame_Generic","UITexture":"UI/Icons_Creatures/Creature_SnakeMint_Evo","SellPrice":"1000","Rarity":"1","Faction":"Light","AwakenMat":"True","ExpeditionDrop":"True"},
	{"ID":"AWK_MAT_SnuggleTree_Base","Name":"SHARD: Snuggle Tree","CardFrame":"UI/CardFrames/UI_IngredientCard_Frame_Generic","UITexture":"UI/Icons_Creatures/Creature_SnuggleTree","SellPrice":"1000","Rarity":"1","Faction":"Light","AwakenMat":"True"},
	{"ID":"AWK_MAT_SoftEyeling_Base","Name":"SHARD: Soft Eyeling","CardFrame":"UI/CardFrames/UI_IngredientCard_Frame_Generic","UITexture":"UI/Icons_Creatures/Creature_SoftEyeling","SellPrice":"1000","Rarity":"1","Faction":"Light","AwakenMat":"True"},
	{"ID":"AWK_MAT_StruzanJinn_Base","Name":"SHARD: Struzan Jinn","CardFrame":"UI/CardFrames/UI_IngredientCard_Frame_Generic","UITexture":"UI/Icons_Creatures/Creature_StruzanJinn","SellPrice":"1000","Rarity":"2","Faction":"Blue","AwakenMat":"True","ExpeditionDrop":"True"},
	{"ID":"AWK_MAT_SunKing_Base","Name":"SHARD: Sun King","CardFrame":"UI/CardFrames/UI_IngredientCard_Frame_Generic","UITexture":"UI/Icons_Creatures/Creature_SunKing","SellPrice":"1000","Rarity":"3","Faction":"Red","AwakenMat":"True","ExpeditionDrop":"True"},
	{"ID":"AWK_MAT_TheDrooler_Base","Name":"SHARD: The Drooler","CardFrame":"UI/CardFrames/UI_IngredientCard_Frame_Generic","UITexture":"UI/Icons_Creatures/Creature_TheDrooler_Evo","SellPrice":"1000","Rarity":"2","Faction":"Dark","AwakenMat":"True","ExpeditionDrop":"True"},
	{"ID":"AWK_MAT_WallOfSand_Base","Name":"SHARD: Wall Of Sand","CardFrame":"UI/CardFrames/UI_IngredientCard_Frame_Generic","UITexture":"UI/Icons_Creatures/Creature_WallOfSand_Evo","SellPrice":"1000","Rarity":"1","Faction":"Green","AwakenMat":"True","ExpeditionDrop":"True"},
	{"ID":"AWK_MAT_WizardElf_Base","Name":"SHARD: Wizard Elf","CardFrame":"UI/CardFrames/UI_IngredientCard_Frame_Generic","UITexture":"UI/Icons_Creatures/Creature_WizardElf","SellPrice":"1000","Rarity":"1","Faction":"Blue","AwakenMat":"True"},
	{"ID":"AWK_MAT_WizardOfPoo_Base","Name":"SHARD: Wizard Of Poo","CardFrame":"UI/CardFrames/UI_IngredientCard_Frame_Generic","UITexture":"UI/Icons_Creatures/Creature_WizardOfPoo","SellPrice":"1000","Rarity":"2","Faction":"Dark","AwakenMat":"True"},
	{"ID":"AWK_MAT_MrFixIt_Base","Name":"SHARD: Mr. FixIt","CardFrame":"UI/CardFrames/UI_IngredientCard_Frame_Generic","UITexture":"UI/Icons_Creatures/Creature_MrFixIt","SellPrice":"1000","Rarity":"3","Faction":"Dark","AwakenMat":"True"},
	{"ID":"AWK_MAT_PeteMoss_Base","Name":"SHARD: Pete Moss","CardFrame":"UI/CardFrames/UI_IngredientCard_Frame_Generic","UITexture":"UI/Icons_Creatures/Creature_PeteMoss_Evo","SellPrice":"1000","Rarity":"2","Faction":"Dark","AwakenMat":"True","ExpeditionDrop":"True"},
	{"ID":"AWK_MAT_PoppaCorn_Base","Name":"SHARD: Poppa Corn","CardFrame":"UI/CardFrames/UI_IngredientCard_Frame_Generic","UITexture":"UI/Icons_Creatures/Creature_PoppaCorn","SellPrice":"1000","Rarity":"2","Faction":"Red","AwakenMat":"True"},
	{"ID":"AWK_MAT_PreTeenWolf_Base","Name":"SHARD: Pre Teen Wolf","CardFrame":"UI/CardFrames/UI_IngredientCard_Frame_Generic","UITexture":"UI/Icons_Creatures/Creature_PreTeenWolf","SellPrice":"1000","Rarity":"3","Faction":"Blue","AwakenMat":"True"},
	{"ID":"AWK_MAT_ShamanWoad_Base","Name":"SHARD: Shaman Woad","CardFrame":"UI/CardFrames/UI_IngredientCard_Frame_Generic","UITexture":"UI/Icons_Creatures/Creature_ShamanWoad","SellPrice":"1000","Rarity":"1","Faction":"Blue","AwakenMat":"True"},
	{"ID":"AWK_MAT_ShieldMaizen_Base","Name":"SHARD: Shield Maizen","CardFrame":"UI/CardFrames/UI_IngredientCard_Frame_Generic","UITexture":"UI/Icons_Creatures/Creature_ShieldMaizen_Evo","SellPrice":"1000","Rarity":"1","Faction":"Red","AwakenMat":"True","ExpeditionDrop":"True"},
	{"ID":"AWK_MAT_Stalker_Base","Name":"SHARD: Stalker","CardFrame":"UI/CardFrames/UI_IngredientCard_Frame_Generic","UITexture":"UI/Icons_Creatures/Creature_TheStalker_Evo","SellPrice":"1000","Rarity":"3","Faction":"Red","AwakenMat":"True","ExpeditionDrop":"True"},
	{"ID":"AWK_MAT_SwampyTire_Base","Name":"SHARD: Swampy Tire","CardFrame":"UI/CardFrames/UI_IngredientCard_Frame_Generic","UITexture":"UI/Icons_Creatures/Creature_SwampyTire_Evo","SellPrice":"1000","Rarity":"1","Faction":"Dark","AwakenMat":"True","ExpeditionDrop":"True"},
	{"ID":"AWK_MAT_Tomezooka_Base","Name":"SHARD: Tomezooka","CardFrame":"UI/CardFrames/UI_IngredientCard_Frame_Generic","UITexture":"UI/Icons_Creatures/Creature_TomeZooka_Evo","SellPrice":"1000","Rarity":"2","Faction":"Blue","AwakenMat":"True","ExpeditionDrop":"True"},
	{"ID":"AWK_MAT_ArmourOfBooks_Base","Name":"SHARD: Armour Of Books","CardFrame":"UI/CardFrames/UI_IngredientCard_Frame_Generic","UITexture":"UI/Icons_Creatures/Creature_ArmourOfBooks_Evo","SellPrice":"1000","Rarity":"2","Faction":"Blue","AwakenMat":"True","ExpeditionDrop":"True"},
	{"ID":"AWK_MAT_FireBaller_Base","Name":"SHARD: Fire Baller","CardFrame":"UI/CardFrames/UI_IngredientCard_Frame_Generic","UITexture":"UI/Icons_Creatures/Creature_FireBaller","SellPrice":"1000","Rarity":"3","Faction":"Blue","AwakenMat":"True"},
	{"ID":"AWK_MAT_EnlightenedBaldMan_Base","Name":"SHARD: Enlightened Bald Man","CardFrame":"UI/CardFrames/UI_IngredientCard_Frame_Generic","UITexture":"UI/Icons_Creatures/Creature_EnlightenedBaldMan","SellPrice":"1000","Rarity":"2","Faction":"Dark","AwakenMat":"True"},
	{"ID":"AWK_MAT_DonkeyKhan_Base","Name":"SHARD: Donkey Khan","CardFrame":"UI/CardFrames/UI_IngredientCard_Frame_Generic","UITexture":"UI/Icons_Creatures/Creature_DonkeyKahn","SellPrice":"1000","Rarity":"2","Faction":"Red","AwakenMat":"True"},
	{"ID":"AWK_MAT_HuskerTanker_Base","Name":"SHARD: Husker Tanker","CardFrame":"UI/CardFrames/UI_IngredientCard_Frame_Generic","UITexture":"UI/Icons_Creatures/Creature_HuskerTanker_Evo","SellPrice":"1000","Rarity":"2","Faction":"Red","AwakenMat":"True","ExpeditionDrop":"True"},
	{"ID":"AWK_MAT_Batclops_Base","Name":"SHARD: Batclops","CardFrame":"UI/CardFrames/UI_IngredientCard_Frame_Generic","UITexture":"UI/Icons_Creatures/Creature_Batclops_Evo","SellPrice":"1000","Rarity":"3","Faction":"Blue","AwakenMat":"True","ExpeditionDrop":"True"},
	{"ID":"AWK_MAT_FunGuy_Base","Name":"SHARD: Fun Guy","CardFrame":"UI/CardFrames/UI_IngredientCard_Frame_Generic","UITexture":"UI/Icons_Creatures/Creature_FunGuy","SellPrice":"1000","Rarity":"1","Faction":"Dark","AwakenMat":"True"},
	{"ID":"AWK_MAT_Sandman_Base","Name":"SHARD: Sandman","CardFrame":"UI/CardFrames/UI_IngredientCard_Frame_Generic","UITexture":"UI/Icons_Creatures/Creature_Sandman_evo","SellPrice":"1000","Rarity":"3","Faction":"Green","AwakenMat":"True","ExpeditionDrop":"True"},
	{"ID":"AWK_MAT_PyramidTheKid_Base","Name":"SHARD: Pyramid The Kid","CardFrame":"UI/CardFrames/UI_IngredientCard_Frame_Generic","UITexture":"UI/Icons_Creatures/Creature_PyramidTheKid_Evo","SellPrice":"1000","Rarity":"2","Faction":"Green","AwakenMat":"True","ExpeditionDrop":"True"},
	{"ID":"AWK_MAT_Nefertiti_Base","Name":"SHARD: Nefertiti","CardFrame":"UI/CardFrames/UI_IngredientCard_Frame_Generic","UITexture":"UI/Icons_Creatures/Creature_Nefertiti","SellPrice":"1000","Rarity":"2","Faction":"Green","AwakenMat":"True"},
	{"ID":"AWK_MAT_FlySwatter_Base","Name":"SHARD: Fly Swatter","CardFrame":"UI/CardFrames/UI_IngredientCard_Frame_Generic","UITexture":"UI/Icons_Creatures/Creature_FlySwatter","SellPrice":"1000","Rarity":"1","Faction":"Dark","AwakenMat":"True"},
	{"ID":"AWK_MAT_DustBunny_Base","Name":"SHARD: Dust Bunny","CardFrame":"UI/CardFrames/UI_IngredientCard_Frame_Generic","UITexture":"UI/Icons_Creatures/Creature_DustBunny_Evo","SellPrice":"1000","Rarity":"1","Faction":"Green","AwakenMat":"True","ExpeditionDrop":"True"},
	{"ID":"AWK_MAT_CutiePie_Base","Name":"SHARD: Cutie Pie","CardFrame":"UI/CardFrames/UI_IngredientCard_Frame_Generic","UITexture":"UI/Icons_Creatures/Creature_CutiePie","SellPrice":"1000","Rarity":"3","Faction":"Light","AwakenMat":"True","ExpeditionDrop":"True"},
	{"ID":"AWK_MAT_CornWorm_Base","Name":"SHARD: Corn Worm","CardFrame":"UI/CardFrames/UI_IngredientCard_Frame_Generic","UITexture":"UI/Icons_Creatures/Creature_CornWorm","SellPrice":"1000","Rarity":"1","Faction":"Red","AwakenMat":"True"},
	{"ID":"AWK_MAT_Feedman_Base","Name":"SHARD: Feedman","CardFrame":"UI/CardFrames/UI_IngredientCard_Frame_Generic","UITexture":"UI/Icons_Creatures/Creature_FeedMan","SellPrice":"1000","Rarity":"3","Faction":"Red","AwakenMat":"True","ExpeditionDrop":"True"},
	{"ID":"AWK_MAT_GrainaryWeevil_Base","Name":"SHARD: Grainary Weevil","CardFrame":"UI/CardFrames/UI_IngredientCard_Frame_Generic","UITexture":"UI/Icons_Creatures/Creature_GrainaryWeevil","SellPrice":"1000","Rarity":"3","Faction":"Dark","AwakenMat":"True","ExpeditionDrop":"True"},
	{"ID":"AWK_MAT_Ra_Base","Name":"SHARD: Ra","CardFrame":"UI/CardFrames/UI_IngredientCard_Frame_Generic","UITexture":"UI/Icons_Creatures/Creature_Ra_Evo","SellPrice":"1000","Rarity":"2","Faction":"Green","AwakenMat":"True","ExpeditionDrop":"True"},
	{"ID":"AWK_MAT_TheCooper_Base","Name":"SHARD: The Cooper","CardFrame":"UI/CardFrames/UI_IngredientCard_Frame_Generic","UITexture":"UI/Icons_Creatures/Creature_TheCooper","SellPrice":"1000","Rarity":"3","Faction":"Green","AwakenMat":"True","ExpeditionDrop":"True"},
	{"ID":"AWK_MAT_CottonCutie_Base","Name":"SHARD: Cotton Cutie","CardFrame":"UI/CardFrames/UI_IngredientCard_Frame_Generic","UITexture":"UI/Icons_Creatures/Creature_CottonCutie","SellPrice":"1000","Rarity":"1","Faction":"Light","AwakenMat":"True"},
	{"ID":"AWK_MAT_DollyLlama_Base","Name":"SHARD: Dolly Llama","CardFrame":"UI/CardFrames/UI_IngredientCard_Frame_Generic","UITexture":"UI/Icons_Creatures/Creature_DollyLlama","SellPrice":"1000","Rarity":"2","Faction":"Light","AwakenMat":"True"},
	{"ID":"AWK_MAT_SoftRock_Base","Name":"SHARD: Soft Rock","CardFrame":"UI/CardFrames/UI_IngredientCard_Frame_Generic","UITexture":"UI/Icons_Creatures/Creature_SoftRock_Evo","SellPrice":"1000","Rarity":"2","Faction":"Light","AwakenMat":"True","ExpeditionDrop":"True"},
	{"ID":"AWK_MAT_PileOfKittens_Base","Name":"SHARD: Pile Of Kittens","CardFrame":"UI/CardFrames/UI_IngredientCard_Frame_Generic","UITexture":"UI/Icons_Creatures/Creature_PileofKittens_Evo","SellPrice":"1000","Rarity":"3","Faction":"Light","AwakenMat":"True","ExpeditionDrop":"True"},
	{"ID":"AWK_MAT_KnifeKite_Base","Name":"SHARD: Knife Kite","CardFrame":"UI/CardFrames/UI_IngredientCard_Frame_Generic","UITexture":"UI/Icons_Creatures/Creature_KnifeKite_Evo","SellPrice":"1000","Rarity":"1","Faction":"Light","AwakenMat":"True","ExpeditionDrop":"True"},
	{"ID":"AWK_MAT_TheBarrel_Base","Name":"SHARD: The Barrel","CardFrame":"UI/CardFrames/UI_IngredientCard_Frame_Generic","UITexture":"UI/Icons_Creatures/Creature_Barrel","SellPrice":"1000","Rarity":"3","Faction":"Light","AwakenMat":"True","ExpeditionDrop":"True"},
	{"ID":"AWK_MAT_Pickler_Base","Name":"SHARD: Pickler","CardFrame":"UI/CardFrames/UI_IngredientCard_Frame_Generic","UITexture":"UI/Icons_Creatures/Creature_Pickler","SellPrice":"1000","Rarity":"3","Faction":"Dark","AwakenMat":"True","ExpeditionDrop":"True"},
	{"ID":"AWK_MAT_SteakChop_Base","Name":"SHARD: Steak Chop","CardFrame":"UI/CardFrames/UI_IngredientCard_Frame_Generic","UITexture":"UI/Icons_Creatures/Creature_SteakChop","SellPrice":"1000","Rarity":"3","Faction":"Dark","AwakenMat":"True","ExpeditionDrop":"True"},
	{"ID":"AWK_MAT_Pieclops_Base","Name":"SHARD: Pieclops","CardFrame":"UI/CardFrames/UI_IngredientCard_Frame_Generic","UITexture":"UI/Icons_Creatures/Creature_Pieclops","SellPrice":"1000","Rarity":"3","Faction":"Green","AwakenMat":"True","ExpeditionDrop":"True"},
	{"ID":"AWK_MAT_WallOfChocolate_Base","Name":"SHARD: Wall Of Chocolate","CardFrame":"UI/CardFrames/UI_IngredientCard_Frame_Generic","UITexture":"UI/Icons_Creatures/Creature_WallOfChocolate","SellPrice":"1000","Rarity":"3","Faction":"Light","AwakenMat":"True","ExpeditionDrop":"True"},
	{"ID":"AWK_MAT_SgtSandwich_Base","Name":"SHARD: Sgt. Sandwich","CardFrame":"UI/CardFrames/UI_IngredientCard_Frame_Generic","UITexture":"UI/Icons_Creatures/Boss_SandwishMonday","SellPrice":"1000","Rarity":"3","Faction":"Green","AwakenMat":"True"},
	{"ID":"AWK_MAT_DeputyHotDog_Base","Name":"SHARD: Deputy HotDog","CardFrame":"UI/CardFrames/UI_IngredientCard_Frame_Generic","UITexture":"UI/Icons_Creatures/Boss_WurstWednesday","SellPrice":"1000","Rarity":"3","Faction":"Blue","AwakenMat":"True"},
	{"ID":"AWK_MAT_LieutenantLemonade_Base","Name":"SHARD: Lieutenant Lemonade","CardFrame":"UI/CardFrames/UI_IngredientCard_Frame_Generic","UITexture":"UI/Icons_Creatures/Boss_ThirstyThursday","SellPrice":"1000","Rarity":"3","Faction":"Light","AwakenMat":"True","ExpeditionDrop":"True"},
	{"ID":"AWK_MAT_ColonelChicken_Base","Name":"SHARD: Colonel Chicken","CardFrame":"UI/CardFrames/UI_IngredientCard_Frame_Generic","UITexture":"UI/Icons_Creatures/Boss_FriedFriday","SellPrice":"1000","Rarity":"3","Faction":"Dark","AwakenMat":"True","ExpeditionDrop":"True"},
	{"ID":"AWK_MAT_Sandor_Base","Name":"SHARD: Sandor","CardFrame":"UI/CardFrames/UI_IngredientCard_Frame_Generic","UITexture":"UI/Icons_Creatures/Boss_AlexSander_Evo","SellPrice":"1000","Rarity":"3","Faction":"Green","AwakenMat":"True","ExpeditionDrop":"True"},
	{"ID":"AWK_MAT_PlainJane_Base","Name":"SHARD: Plain Jane","CardFrame":"UI/CardFrames/UI_IngredientCard_Frame_Generic","UITexture":"UI/Icons_Creatures/Boss_PlainJane_Evo","SellPrice":"1000","Rarity":"3","Faction":"Blue","AwakenMat":"True","ExpeditionDrop":"True"},
	{"ID":"AWK_MAT_HuskerDragon_Base","Name":"SHARD: Husker Dragon","CardFrame":"UI/CardFrames/UI_IngredientCard_Frame_Generic","UITexture":"UI/Icons_Creatures/Boss_HuskerDragon_Evo","SellPrice":"1000","Rarity":"3","Faction":"Red","AwakenMat":"True","ExpeditionDrop":"True"},
	{"ID":"AWK_MAT_SPCWhite_Base","Name":"SHARD: Husker Dragon","CardFrame":"UI/CardFrames/UI_IngredientCard_Frame_Generic","UITexture":"UI/Icons_Creatures/Boss_HuskerDragon_Evo","SellPrice":"1000","Rarity":"3","Faction":"Red","AwakenMat":"False","ExpeditionDrop":"False"},
	{"ID":"AWK_MAT_SPCMix_Base","Name":"SHARD: Husker Dragon","CardFrame":"UI/CardFrames/UI_IngredientCard_Frame_Generic","UITexture":"UI/Icons_Creatures/Boss_HuskerDragon_Evo","SellPrice":"1000","Rarity":"3","Faction":"Red","AwakenMat":"False","ExpeditionDrop":"False"},
	{"ID":"AWK_MAT_SPCYellow_Base","Name":"SHARD: Husker Dragon","CardFrame":"UI/CardFrames/UI_IngredientCard_Frame_Generic","UITexture":"UI/Icons_Creatures/Boss_HuskerDragon_Evo","SellPrice":"1000","Rarity":"3","Faction":"Red","AwakenMat":"False","ExpeditionDrop":"False"},
	{"ID":"AWK_MAT_CornasaurusRex_Base","Name":"SHARD: Cornasaurus Rex","CardFrame":"UI/CardFrames/UI_IngredientCard_Frame_Generic","UITexture":"UI/Icons_Creatures/Creature_CornasaurusRex","SellPrice":"1000","Rarity":"3","Faction":"Red","AwakenMat":"True","ExpeditionDrop":"True"},
	{"ID":"AWK_MAT_ethanallfire_Base","Name":"SHARD: Ethan Allfire","CardFrame":"UI/CardFrames/UI_IngredientCard_Frame_Generic","UITexture":"UI/Icons_Creatures/Creature_BurningBush_Evo","SellPrice":"1000","Rarity":"2","Faction":"Red","AwakenMat":"True","ExpeditionDrop":"True"},
	{"ID":"AWK_MAT_BlackCat_Base","Name":"SHARD: Black Cat","CardFrame":"UI/CardFrames/UI_IngredientCard_Frame_Generic","UITexture":"UI/Icons_Creatures/Creature_BlackCat","SellPrice":"1000","Rarity":"3","Faction":"Green","AwakenMat":"True","ExpeditionDrop":"True"},
	{"ID":"AWK_MAT_AngelEye_Base","Name":"SHARD: Angel Eye","CardFrame":"UI/CardFrames/UI_IngredientCard_Frame_Generic","UITexture":"UI/Icons_Creatures/Creature_Angelball","SellPrice":"1000","Rarity":"2","Faction":"Blue","AwakenMat":"True","ExpeditionDrop":"True"},
	{"ID":"AWK_MAT_FatGoat_Base","Name":"SHARD: Fat Goat","CardFrame":"UI/CardFrames/UI_IngredientCard_Frame_Generic","UITexture":"UI/Icons_Creatures/Creature_FatGoat","SellPrice":"1000","Rarity":"3","Faction":"Light","AwakenMat":"True","ExpeditionDrop":"True"},
	{"ID":"AWK_MAT_PajamaNinja_Base","Name":"SHARD: Pajama Ninja","CardFrame":"UI/CardFrames/UI_IngredientCard_Frame_Generic","UITexture":"UI/Icons_Creatures/Creature_PajamaNinja","SellPrice":"1000","Rarity":"3","Faction":"Light","AwakenMat":"False","ExpeditionDrop":"False"},
	{"ID":"AWK_MAT_WhiteNinja_Base","Name":"SHARD: White Ninja","CardFrame":"UI/CardFrames/UI_IngredientCard_Frame_Generic","UITexture":"UI/Icons_Creatures/Creature_WhiteNinja","SellPrice":"1000","Rarity":"2","Faction":"Light","AwakenMat":"True","ExpeditionDrop":"True"},
	{"ID":"AWK_MAT_Poultergeist_Base","Name":"SHARD: Poultergeist","CardFrame":"UI/CardFrames/UI_IngredientCard_Frame_Generic","UITexture":"UI/Icons_Creatures/Creature_Poultergeist","SellPrice":"1000","Rarity":"3","Faction":"Blue","AwakenMat":"True","ExpeditionDrop":"True"},
	{"ID":"AWK_MAT_AppleTree_Base","Name":"SHARD: Apple Bully","CardFrame":"UI/CardFrames/UI_IngredientCard_Frame_Generic","UITexture":"UI/Icons_Creatures/Creature_AppleTree","SellPrice":"1000","Rarity":"3","Faction":"Light","AwakenMat":"True","ExpeditionDrop":"True"},
	{"ID":"AWK_MAT_DragonFoot_Base","Name":"SHARD: Dragon Foot","CardFrame":"UI/CardFrames/UI_IngredientCard_Frame_Generic","UITexture":"UI/Icons_Creatures/Creature_DragonFoot","SellPrice":"1000","Rarity":"3","Faction":"Blue","AwakenMat":"True","ExpeditionDrop":"True"},
	{"ID":"AWK_MAT_SandFoot_Base","Name":"SHARD: Sand Foot","CardFrame":"UI/CardFrames/UI_IngredientCard_Frame_Generic","UITexture":"UI/Icons_Creatures/Creature_SandFoot","SellPrice":"1000","Rarity":"3","Faction":"Green","AwakenMat":"True","ExpeditionDrop":"True"},
	{"ID":"AWK_MAT_PatchyThePumpkin_Base","Name":"SHARD: Patchy The Pumpkin","CardFrame":"UI/CardFrames/UI_IngredientCard_Frame_Generic","UITexture":"UI/Icons_Creatures/Creature_PatchyThePumpkin","SellPrice":"1000","Rarity":"3","Faction":"Red","AwakenMat":"True","ExpeditionDrop":"True"},
	{"ID":"AWK_MAT_HeadphoneJerk_Base","Name":"SHARD: Headphone Jerk","CardFrame":"UI/CardFrames/UI_IngredientCard_Frame_Generic","UITexture":"UI/Icons_Creatures/Creature_HeadphoneJerk","SellPrice":"1000","Rarity":"3","Faction":"Dark","AwakenMat":"True","ExpeditionDrop":"True"},
	{"ID":"AWK_MAT_TheGhost_Base","Name":"SHARD: Temporal Wisp","CardFrame":"UI/CardFrames/UI_IngredientCard_Frame_Generic","UITexture":"UI/Icons_Creatures/Creature_Ghost","SellPrice":"1000","Rarity":"3","Faction":"Blue","AwakenMat":"True","ExpeditionDrop":"True"},
	{"ID":"AWK_MAT_AngelOfDark_Base","Name":"SHARD: Angel Of Dark","CardFrame":"UI/CardFrames/UI_IngredientCard_Frame_Generic","UITexture":"UI/Icons_Creatures/Creature_AngelOfDark","SellPrice":"1000","Rarity":"3","Faction":"Dark","AwakenMat":"True","ExpeditionDrop":"True"},
	{"ID":"AWK_MAT_UglyTree_Base","Name":"SHARD: Ugly Tree","CardFrame":"UI/CardFrames/UI_IngredientCard_Frame_Generic","UITexture":"UI/Icons_Creatures/Creature_TreeOfUgliness","SellPrice":"1000","Rarity":"2","Faction":"Red","AwakenMat":"True","ExpeditionDrop":"True"},
	{"ID":"AWK_MAT_AlbinoEyeBat_Base","Name":"SHARD: Albino Eye Bat","CardFrame":"UI/CardFrames/UI_IngredientCard_Frame_Generic","UITexture":"UI/Icons_Creatures/Creature_WhiteEyeBat","SellPrice":"1000","Rarity":"3","Faction":"Blue","AwakenMat":"True","ExpeditionDrop":"True"},
	{"ID":"AWK_MAT_GreenCow_Base","Name":"SHARD: Green Cow","CardFrame":"UI/CardFrames/UI_IngredientCard_Frame_Generic","UITexture":"UI/Icons_Creatures/Creature_GreenCow","SellPrice":"1000","Rarity":"3","Faction":"Dark","AwakenMat":"True","ExpeditionDrop":"True"},
	{"ID":"AWK_MAT_NiceBird_Base","Name":"SHARD: Nice Bird","CardFrame":"UI/CardFrames/UI_IngredientCard_Frame_Generic","UITexture":"UI/Icons_Creatures/Creature_NiceBird","SellPrice":"1000","Rarity":"2","Faction":"Light","AwakenMat":"True","ExpeditionDrop":"True"},
	{"ID":"AWK_MAT_HateBird_Base","Name":"SHARD: Hate Bird","CardFrame":"UI/CardFrames/UI_IngredientCard_Frame_Generic","UITexture":"UI/Icons_Creatures/Creature_HateBird","SellPrice":"1000","Rarity":"3","Faction":"Light","AwakenMat":"True","ExpeditionDrop":"True"},
	{"ID":"AWK_MAT_FuriousHen_Base","Name":"SHARD: Furious Hen","CardFrame":"UI/CardFrames/UI_IngredientCard_Frame_Generic","UITexture":"UI/Icons_Creatures/Creature_FuriousHen","SellPrice":"1000","Rarity":"3","Faction":"Light","AwakenMat":"True","ExpeditionDrop":"True"},
	{"ID":"AWK_MAT_FuriousRooster_Base","Name":"SHARD: Furious Rooster","CardFrame":"UI/CardFrames/UI_IngredientCard_Frame_Generic","UITexture":"UI/Icons_Creatures/Creature_FuriousRooster","SellPrice":"1000","Rarity":"3","Faction":"Light","AwakenMat":"True","ExpeditionDrop":"True"},
	{"ID":"AWK_MAT_FuriousChick_Base","Name":"SHARD: Furious Chick","CardFrame":"UI/CardFrames/UI_IngredientCard_Frame_Generic","UITexture":"UI/Icons_Creatures/Creature_FuriousChick","SellPrice":"1000","Rarity":"3","Faction":"Light","AwakenMat":"True","ExpeditionDrop":"True"},
	{"ID":"AWK_MAT_EvilTree_Base","Name":"SHARD:Evil Tree","CardFrame":"UI/CardFrames/UI_IngredientCard_Frame_Generic","UITexture":"UI/Icons_Creatures/Creature_EvilTree","SellPrice":"1000","Rarity":"3","Faction":"Dark","AwakenMat":"True","ExpeditionDrop":"True"},
	{"ID":"AWK_MAT_PorcelainGuardian_Base","Name":"SHARD: Porcelain Guardian","CardFrame":"UI/CardFrames/UI_IngredientCard_Frame_Generic","UITexture":"UI/Icons_Creatures/Creature_PorcelainGuardian","SellPrice":"1000","Rarity":"3","Faction":"Dark","AwakenMat":"True","ExpeditionDrop":"True"},
	{"ID":"AWK_MAT_BadRose_Base","Name":"SHARD: Bad Rose","CardFrame":"UI/CardFrames/UI_IngredientCard_Frame_Generic","UITexture":"UI/Icons_Creatures/Creature_BadRose","SellPrice":"1000","Rarity":"3","Faction":"Light","AwakenMat":"True","ExpeditionDrop":"True"},
	{"ID":"AWK_MAT_AngelOfVanilla_Base","Name":"SHARD: Angel Of Vanilla","CardFrame":"UI/CardFrames/UI_IngredientCard_Frame_Generic","UITexture":"UI/Icons_Creatures/Creature_AngelOfVanilla","SellPrice":"1000","Rarity":"3","Faction":"Light","AwakenMat":"True","ExpeditionDrop":"True"},
	{"ID":"AWK_MAT_Quadurai_Base","Name":"SHARD: Quadurai","CardFrame":"UI/CardFrames/UI_IngredientCard_Frame_Generic","UITexture":"UI/Icons_Creatures/Creature_Quadurai","SellPrice":"1000","Rarity":"3","Faction":"Blue","AwakenMat":"True","ExpeditionDrop":"True"},
	{"ID":"AWK_MAT_SandHorn_Base","Name":"SHARD: Sand Horn","CardFrame":"UI/CardFrames/UI_IngredientCard_Frame_Generic","UITexture":"UI/Icons_Creatures/Creature_SandDevil","SellPrice":"1000","Rarity":"3","Faction":"Green","AwakenMat":"True","ExpeditionDrop":"True"},
	{"ID":"AWK_MAT_TeethLeaf_Base","Name":"SHARD: Teeth Leaf","CardFrame":"UI/CardFrames/UI_IngredientCard_Frame_Generic","UITexture":"UI/Icons_Creatures/Creature_TeethLeaf","SellPrice":"1000","Rarity":"3","Faction":"Dark","AwakenMat":"True","ExpeditionDrop":"True"},
	{"ID":"AWK_MAT_MouthBall_Base","Name":"SHARD: Mouthball","CardFrame":"UI/CardFrames/UI_IngredientCard_Frame_Generic","UITexture":"UI/Icons_Creatures/Creature_Mouthball","SellPrice":"1000","Rarity":"3","Faction":"Dark","AwakenMat":"True","ExpeditionDrop":"True"},
	{"ID":"AWK_MAT_GreenSnakey_Base","Name":"SHARD: Green Snakey","CardFrame":"UI/CardFrames/UI_IngredientCard_Frame_Generic","UITexture":"UI/Icons_Creatures/Creature_GreenSnakey","SellPrice":"1000","Rarity":"3","Faction":"Dark","AwakenMat":"True","ExpeditionDrop":"True"},
	{"ID":"AWK_MAT_Bull_Base","Name":"SHARD: Bull","CardFrame":"UI/CardFrames/UI_IngredientCard_Frame_Generic","UITexture":"UI/Icons_Creatures/Creature_Bull","SellPrice":"1000","Rarity":"3","Faction":"Red","AwakenMat":"True","ExpeditionDrop":"True"},
	{"ID":"AWK_MAT_GrapeSlimey_Base","Name":"SHARD: Grape Slimey","CardFrame":"UI/CardFrames/UI_IngredientCard_Frame_Generic","UITexture":"UI/Icons_Creatures/Creature_GrapeSlimey","SellPrice":"1000","Rarity":"2","Faction":"Blue","AwakenMat":"True","ExpeditionDrop":"True"},
	{"ID":"AWK_MAT_BogBum_Base","Name":"SHARD: Bog Bum","CardFrame":"UI/CardFrames/UI_IngredientCard_Frame_Generic","UITexture":"UI/Icons_Creatures/Creature_BogBum","SellPrice":"1000","Rarity":"3","Faction":"Red","AwakenMat":"True","ExpeditionDrop":"True"},
	{"ID":"AWK_MAT_HotEyeBat_Base","Name":"SHARD: Hot Eye Bat","CardFrame":"UI/CardFrames/UI_IngredientCard_Frame_Generic","UITexture":"UI/Icons_Creatures/Creature_HotEyeBat","SellPrice":"1000","Rarity":"3","Faction":"Red","AwakenMat":"True","ExpeditionDrop":"True"},
	{"ID":"AWK_MAT_VampMarshmallow_Base","Name":"SHARD: Candyr","CardFrame":"UI/CardFrames/UI_IngredientCard_Frame_Generic","UITexture":"UI/Icons_Creatures/Creature_VampMarshmallow","SellPrice":"1000","Rarity":"3","Faction":"Light","AwakenMat":"True","ExpeditionDrop":"True"},
	{"ID":"AWK_MAT_VampBaldMan_Base","Name":"SHARD: Vamp Bald Man","CardFrame":"UI/CardFrames/UI_IngredientCard_Frame_Generic","UITexture":"UI/Icons_Creatures/Creature_VampBaldMan","SellPrice":"1000","Rarity":"3","Faction":"Dark","AwakenMat":"True","ExpeditionDrop":"True"},
	{"ID":"AWK_MAT_VampGhost_Base","Name":"SHARD: Vamp Ghost","CardFrame":"UI/CardFrames/UI_IngredientCard_Frame_Generic","UITexture":"UI/Icons_Creatures/Creature_VampGhost","SellPrice":"1000","Rarity":"3","Faction":"Blue","AwakenMat":"True","ExpeditionDrop":"True"},
	{"ID":"AWK_MAT_VampCorn_Base","Name":"SHARD: Vamp Corn","CardFrame":"UI/CardFrames/UI_IngredientCard_Frame_Generic","UITexture":"UI/Icons_Creatures/Creature_VampCorn","SellPrice":"1000","Rarity":"3","Faction":"Red","AwakenMat":"True","ExpeditionDrop":"True"},
	{"ID":"AWK_MAT_VampCactus_Base","Name":"SHARD: Vamp Cactus","CardFrame":"UI/CardFrames/UI_IngredientCard_Frame_Generic","UITexture":"UI/Icons_Creatures/Creature_VampCactus","SellPrice":"1000","Rarity":"3","Faction":"Green","AwakenMat":"True","ExpeditionDrop":"True"},
	{"ID":"AWK_MAT_GreenMerman_Base","Name":"SHARD: Green Merman","CardFrame":"UI/CardFrames/UI_IngredientCard_Frame_Generic","UITexture":"UI/Icons_Creatures/Creature_GreenMerman","SellPrice":"1000","Rarity":"2","Faction":"Dark","AwakenMat":"True","ExpeditionDrop":"True"},
	{"ID":"AWK_MAT_HologramBaldMan_Base","Name":"SHARD: Green Merman","CardFrame":"UI/CardFrames/UI_IngredientCard_Frame_Generic","UITexture":"UI/Icons_Creatures/Creature_HologramBaldMan","SellPrice":"1000","Rarity":"3","Faction":"Dark","AwakenMat":"True","ExpeditionDrop":"True"},
	{"ID":"AWK_MAT_Sludger_Base","Name":"SHARD: Sludger","CardFrame":"UI/CardFrames/UI_IngredientCard_Frame_Generic","UITexture":"UI/Icons_Creatures/Creature_GhostSludger","SellPrice":"1000","Rarity":"3","Faction":"Red","AwakenMat":"True","ExpeditionDrop":"True"},
	{"ID":"AWK_MAT_MutantZombieRex_Base","Name":"SHARD: Mutant Zombie Rex","CardFrame":"UI/CardFrames/UI_IngredientCard_Frame_Generic","UITexture":"UI/Icons_Creatures/Creature_MutantZombieRex","SellPrice":"1000","Rarity":"3","Faction":"Dark","AwakenMat":"True","ExpeditionDrop":"True"},
	{"ID":"AWK_MAT_GrayEyeBat_Base","Name":"SHARD: Gray Eye Bat","CardFrame":"UI/CardFrames/UI_IngredientCard_Frame_Generic","UITexture":"UI/Icons_Creatures/Creature_GrayEyeBat","SellPrice":"1000","Rarity":"3","Faction":"Dark","AwakenMat":"True","ExpeditionDrop":"True"}
]