[
	{"ID":"0","Event_ID":"Sun","Template_ID":"0","Start_Date":"8/29/2016","End_Date":"12/31/2020","Specifc_Day_Repeats":"1"},
	{"ID":"1","Event_ID":"Mon","Template_ID":"1","Start_Date":"8/29/2016","End_Date":"12/31/2020","Specifc_Day_Repeats":"2"},
	{"ID":"2","Event_ID":"Tue","Template_ID":"2","Start_Date":"8/29/2016","End_Date":"12/31/2020","Specifc_Day_Repeats":"3"},
	{"ID":"3","Event_ID":"Wed","Template_ID":"3","Start_Date":"8/29/2016","End_Date":"12/31/2020","Specifc_Day_Repeats":"4"},
	{"ID":"4","Event_ID":"Thu","Template_ID":"4","Start_Date":"8/29/2016","End_Date":"12/31/2020","Specifc_Day_Repeats":"5"},
	{"ID":"5","Event_ID":"Fri","Template_ID":"5","Start_Date":"8/29/2016","End_Date":"12/31/2020","Specifc_Day_Repeats":"6"},
	{"ID":"6","Event_ID":"Sat","Template_ID":"6","Start_Date":"8/29/2016","End_Date":"12/31/2020","Specifc_Day_Repeats":"7"},
	{"ID":"7","Event_ID":"Fancy","Template_ID":"7","Start_Date":"1/1/1999","End_Date":"1/2/1999","Specifc_Day_Repeats":"0"},
	{"ID":"8","Event_ID":"Snack","Template_ID":"8","Start_Date":"1/1/1999","End_Date":"1/2/1999","Specifc_Day_Repeats":"0"},
	{"ID":"9","Event_ID":"Adventures","Template_ID":"9","Start_Date":"1/1/1999","End_Date":"1/2/1999","Specifc_Day_Repeats":"0"},
	{"ID":"10","Event_ID":"Awakenings","Template_ID":"10","Start_Date":"1/1/1999","End_Date":"1/2/1999","Specifc_Day_Repeats":"0"},
	{"ID":"11","Event_ID":"BMO","Template_ID":"11","Start_Date":"9/30/2016","End_Date":"10/31/2016","Specifc_Day_Repeats":"0"},
	{"ID":"12","Event_ID":"HeroesGhost","Template_ID":"12","Start_Date":"8/29/2016","End_Date":"10/31/2016","Specifc_Day_Repeats":"0"},
	{"ID":"13","Event_ID":"Marceline","Template_ID":"13","Start_Date":"1/1/1999","End_Date":"1/2/1999","Specifc_Day_Repeats":"0"},
	{"ID":"14","Event_ID":"MFB","Template_ID":"14","Start_Date":"1/1/1999","End_Date":"1/2/1999","Specifc_Day_Repeats":"0"},
	{"ID":"15","Event_ID":"PlainJane","Template_ID":"15","Start_Date":"10/28/2016","End_Date":"11/1/2016","Specifc_Day_Repeats":"0"},
	{"ID":"16","Event_ID":"Swamplands","Template_ID":"16","Start_Date":"1/1/1999","End_Date":"1/2/1999","Specifc_Day_Repeats":"0"},
	{"ID":"17","Event_ID":"Timmy","Template_ID":"17","Start_Date":"1/1/1999","End_Date":"1/2/1999","Specifc_Day_Repeats":"0"},
	{"ID":"18","Event_ID":"CakeHarvest","Template_ID":"18","Start_Date":"10/1/2016","End_Date":"12/31/2020","Specifc_Day_Repeats":"0"},
	{"ID":"19","Event_ID":"FlamePrincess","Template_ID":"19","Start_Date":"1/1/1999","End_Date":"1/2/1999","Specifc_Day_Repeats":"0"},
	{"ID":"20","Event_ID":"PvP","Template_ID":"20","Start_Date":"10/1/2016","End_Date":"12/31/2020","Specifc_Day_Repeats":"0"},
	{"ID":"21","Event_ID":"BluePlains","Template_ID":"21","Start_Date":"11/25/2016","End_Date":"11/27/2016","Specifc_Day_Repeats":"0"},
	{"ID":"22","Event_ID":"Lemongrab","Template_ID":"22","Start_Date":"1/1/1999","End_Date":"1/2/1999","Specifc_Day_Repeats":"0"},
	{"ID":"23","Event_ID":"HuskerDragon","Template_ID":"23","Start_Date":"11/24/2016","End_Date":"11/27/2020","Specifc_Day_Repeats":"0"},
	{"ID":"24","Event_ID":"25DaysGiveaway","Template_ID":"24","Start_Date":"12/1/2016","End_Date":"12/25/2016","Specifc_Day_Repeats":"0"},
	{"ID":"25","Event_ID":"PrincessBubblegum","Template_ID":"25","Start_Date":"12/3/2016","End_Date":"12/4/2016","Specifc_Day_Repeats":"0"},
	{"ID":"26","Event_ID":"Customization","Template_ID":"26","Start_Date":"8/29/2016","End_Date":"12/31/2020","Specifc_Day_Repeats":"0"},
	{"ID":"27","Event_ID":"Sandylands","Template_ID":"27","Start_Date":"8/29/2016","End_Date":"12/31/2020","Specifc_Day_Repeats":"0"},
	{"ID":"28","Event_ID":"IceKing","Template_ID":"28","Start_Date":"12/17/2016","End_Date":"12/18/2016","Specifc_Day_Repeats":"0"},
	{"ID":"29","Event_ID":"AlexSander","Template_ID":"29","Start_Date":"12/23/2016","End_Date":"12/25/2016","Specifc_Day_Repeats":"0"}
]
