[
	{"ID":"0","Prefab":"PromoBannerItem_Generic_Right","Background_Image":"DailyDungeon_Sunday","Title_Text":"!!PROMO_TITLE_SUNDAY","Title_Text_Color":"White","Title_Text_Outline_Color":"Black","Title_Text_Width":"250","Main_Text":"!!PROMO_MAIN_COLLECT_DUNGEON","Main_Text_Color":"White","Main_Text_Outline_Color":"180 0 0","Main_Text_Width":"310","Sub_Text":"[TIME_LEFT_24]","Sub_Text_Color":"Red","Sub_Text_Outline_Color":"White","Sub_Text_Width":"300","Template_Data_Type_1":"ButtonColor","Template_Data_Value_1":"Green","Template_Data_Type_2":"ButtonText","Template_Data_Value_2":"!!PROMO_BUTTON_PROMPT1","Template_Data_Type_3":"delegate","Template_Data_Value_3":"OpenDungeons"},
	{"ID":"1","Prefab":"PromoBannerItem_Generic_Right","Background_Image":"DailyDungeon_Monday","Title_Text":"!!PROMO_TITLE_MONDAY","Title_Text_Color":"White","Title_Text_Outline_Color":"Black","Title_Text_Width":"250","Main_Text":"!!PROMO_MAIN_COLLECT_DUNGEON","Main_Text_Color":"White","Main_Text_Outline_Color":"199 13 112","Main_Text_Width":"310","Sub_Text":"[TIME_LEFT_24]","Sub_Text_Color":"Red","Sub_Text_Outline_Color":"White","Sub_Text_Width":"300","Template_Data_Type_1":"ButtonColor","Template_Data_Value_1":"Green","Template_Data_Type_2":"ButtonText","Template_Data_Value_2":"!!PROMO_BUTTON_PROMPT1","Template_Data_Type_3":"delegate","Template_Data_Value_3":"OpenDungeons"},
	{"ID":"2","Prefab":"PromoBannerItem_Generic_Right","Background_Image":"DailyDungeon_Tuesday","Title_Text":"!!PROMO_TITLE_TUESDAY","Title_Text_Color":"White","Title_Text_Outline_Color":"Black","Title_Text_Width":"250","Main_Text":"!!PROMO_MAIN_COLLECT_DUNGEON","Main_Text_Color":"253 214 48","Main_Text_Outline_Color":"18 52 148","Main_Text_Width":"310","Sub_Text":"[TIME_LEFT_24]","Sub_Text_Color":"Red","Sub_Text_Outline_Color":"White","Sub_Text_Width":"300","Template_Data_Type_1":"ButtonColor","Template_Data_Value_1":"Green","Template_Data_Type_2":"ButtonText","Template_Data_Value_2":"!!PROMO_BUTTON_PROMPT1","Template_Data_Type_3":"delegate","Template_Data_Value_3":"OpenDungeons"},
	{"ID":"3","Prefab":"PromoBannerItem_Generic_Right","Background_Image":"DailyDungeon_Wednesday","Title_Text":"!!PROMO_TITLE_WEDNESDAY","Title_Text_Color":"White","Title_Text_Outline_Color":"Black","Title_Text_Width":"250","Main_Text":"!!PROMO_MAIN_COLLECT_DUNGEON","Main_Text_Color":"255 251 0","Main_Text_Outline_Color":"143 38 31","Main_Text_Width":"310","Sub_Text":"[TIME_LEFT_24]","Sub_Text_Color":"Red","Sub_Text_Outline_Color":"White","Sub_Text_Width":"300","Template_Data_Type_1":"ButtonColor","Template_Data_Value_1":"Green","Template_Data_Type_2":"ButtonText","Template_Data_Value_2":"!!PROMO_BUTTON_PROMPT1","Template_Data_Type_3":"delegate","Template_Data_Value_3":"OpenDungeons"},
	{"ID":"4","Prefab":"PromoBannerItem_Generic_Right","Background_Image":"DailyDungeon_Thursday","Title_Text":"!!PROMO_TITLE_THURSDAY","Title_Text_Color":"White","Title_Text_Outline_Color":"Black","Title_Text_Width":"250","Main_Text":"!!PROMO_MAIN_COLLECT_DUNGEON","Main_Text_Color":"255 226 38","Main_Text_Outline_Color":"24 79 105","Main_Text_Width":"310","Sub_Text":"[TIME_LEFT_24]","Sub_Text_Color":"Red","Sub_Text_Outline_Color":"White","Sub_Text_Width":"300","Template_Data_Type_1":"ButtonColor","Template_Data_Value_1":"Green","Template_Data_Type_2":"ButtonText","Template_Data_Value_2":"!!PROMO_BUTTON_PROMPT1","Template_Data_Type_3":"delegate","Template_Data_Value_3":"OpenDungeons"},
	{"ID":"5","Prefab":"PromoBannerItem_Generic_Right","Background_Image":"DailyDungeon_Friday","Title_Text":"!!PROMO_TITLE_FRIDAY","Title_Text_Color":"White","Title_Text_Outline_Color":"Black","Title_Text_Width":"250","Main_Text":"!!PROMO_MAIN_COLLECT_DUNGEON","Main_Text_Color":"255 222 77","Main_Text_Outline_Color":"59 15 0","Main_Text_Width":"310","Sub_Text":"[TIME_LEFT_24]","Sub_Text_Color":"Red","Sub_Text_Outline_Color":"White","Sub_Text_Width":"300","Template_Data_Type_1":"ButtonColor","Template_Data_Value_1":"Green","Template_Data_Type_2":"ButtonText","Template_Data_Value_2":"!!PROMO_BUTTON_PROMPT1","Template_Data_Type_3":"delegate","Template_Data_Value_3":"OpenDungeons"},
	{"ID":"6","Prefab":"PromoBannerItem_Generic_Right","Background_Image":"DailyDungeon_Saturday","Title_Text":"!!PROMO_TITLE_SATURDAY","Title_Text_Color":"White","Title_Text_Outline_Color":"Black","Title_Text_Width":"250","Main_Text":"!!PROMO_MAIN_COLLECT_DUNGEON","Main_Text_Color":"56 255 105","Main_Text_Outline_Color":"72 15 164","Main_Text_Width":"310","Sub_Text":"[TIME_LEFT_24]","Sub_Text_Color":"Red","Sub_Text_Outline_Color":"White","Sub_Text_Width":"300","Template_Data_Type_1":"ButtonColor","Template_Data_Value_1":"Green","Template_Data_Type_2":"ButtonText","Template_Data_Value_2":"!!PROMO_BUTTON_PROMPT1","Template_Data_Type_3":"delegate","Template_Data_Value_3":"OpenDungeons"},
	{"ID":"7","Prefab":"PromoBannerItem_Generic_Right","Background_Image":"DailyDungeon_FancyMeal","Title_Text":"!!PROMO_TITLE_FANCY_MEAL","Title_Text_Color":"White","Title_Text_Outline_Color":"Black","Title_Text_Width":"250","Main_Text":"!!PROMO_MAIN_COLLECT_DUNGEON","Main_Text_Color":"255 90 0","Main_Text_Outline_Color":"43 0 8","Main_Text_Width":"310","Sub_Text":"[TIME_LEFT_24]","Sub_Text_Color":"Red","Sub_Text_Outline_Color":"White","Sub_Text_Width":"300","Template_Data_Type_1":"ButtonColor","Template_Data_Value_1":"Green","Template_Data_Type_2":"ButtonText","Template_Data_Value_2":"!!PROMO_BUTTON_PROMPT1","Template_Data_Type_3":"delegate","Template_Data_Value_3":"OpenDungeons"},
	{"ID":"8","Prefab":"PromoBannerItem_Generic_Right","Background_Image":"DailyDungeon_SnackHour","Title_Text":"!!PROMO_TITLE_SNACK_HOUR","Title_Text_Color":"White","Title_Text_Outline_Color":"Black","Title_Text_Width":"250","Main_Text":"!!PROMO_MAIN_COLLECT_DUNGEON","Main_Text_Color":"247 255 187","Main_Text_Outline_Color":"135 55 0","Main_Text_Width":"310","Sub_Text":"[TIME_LEFT_24]","Sub_Text_Color":"Red","Sub_Text_Outline_Color":"White","Sub_Text_Width":"300","Template_Data_Type_1":"ButtonColor","Template_Data_Value_1":"Green","Template_Data_Type_2":"ButtonText","Template_Data_Value_2":"!!PROMO_BUTTON_PROMPT1","Template_Data_Type_3":"delegate","Template_Data_Value_3":"OpenDungeons"},
	{"ID":"9","Prefab":"PromoBannerItem_Generic_Left","Background_Image":"Feature_Adventures","Title_Text":"!!PROMO_TITLE_FEATURE_ADVENTURES","Title_Text_Color":"253 201 0","Title_Text_Outline_Color":"0 32 138","Title_Text_Width":"250","Main_Text":"!!PROMO_MAIN_FEATURE_ADVENTURES","Main_Text_Color":"White","Main_Text_Outline_Color":"Black","Main_Text_Width":"310","Sub_Text_Color":"Red","Sub_Text_Outline_Color":"White","Sub_Text_Width":"300","Template_Data_Type_1":"ButtonColor","Template_Data_Value_1":"Green","Template_Data_Type_2":"ButtonText","Template_Data_Value_2":"!!PROMO_BUTTON_PROMPT1","Template_Data_Type_3":"delegate","Template_Data_Value_3":"OpenExpeditions"},
	{"ID":"10","Prefab":"PromoBannerItem_Generic_Right","Background_Image":"Feature_Awakenings","Title_Text":"!!PROMO_TITLE_FEATURE_AWAKENINGS","Title_Text_Color":"255 255 142","Title_Text_Outline_Color":"92 88 10","Title_Text_Width":"250","Main_Text":"!!PROMO_MAIN_FEATURE_AWAKENINGS","Main_Text_Color":"255 255 255","Main_Text_Outline_Color":"18 96 22","Main_Text_Width":"310","Sub_Text_Color":"Red","Sub_Text_Outline_Color":"White","Sub_Text_Width":"300","Template_Data_Type_1":"ButtonColor","Template_Data_Value_1":"Green","Template_Data_Type_2":"ButtonText","Template_Data_Value_2":"!!PROMO_BUTTON_PROMPT1","Template_Data_Type_3":"delegate","Template_Data_Value_3":"OpenLabAwakenings"},
	{"ID":"11","Prefab":"PromoBannerItem_Generic_Right","Background_Image":"Hero_BMO","Title_Text":"!!PROMO_TITLE_HERO_BMO","Title_Text_Color":"126 246 193","Title_Text_Outline_Color":"18 85 62","Title_Text_Width":"250","Main_Text":"!!PROMO_MAIN_HERO_BMO","Main_Text_Color":"White","Main_Text_Outline_Color":"Black","Main_Text_Width":"310","Sub_Text":"[TIME_LEFT]","Sub_Text_Color":"Red","Sub_Text_Outline_Color":"White","Sub_Text_Width":"300","Template_Data_Type_1":"ButtonColor","Template_Data_Value_1":"Green","Template_Data_Type_2":"ButtonText","Template_Data_Value_2":"!!PROMO_BUTTON_PROMPT1","Template_Data_Type_3":"delegate","Template_Data_Value_3":"OpenStoreHeroes","Template_Data_Type_4":"hero","Template_Data_Value_4":"Leader_BMO"},
	{"ID":"12","Prefab":"PromoBannerItem_Generic_Center","Background_Image":"Hero_HeroesGhost","Title_Text":"!!PROMO_TITLE_HERO_HEROESGHOST","Title_Text_Color":"216 255 255","Title_Text_Outline_Color":"0 117 150","Title_Text_Width":"250","Main_Text":"!!PROMO_MAIN_HERO_HEROESGHOST","Main_Text_Color":"White","Main_Text_Outline_Color":"Black","Main_Text_Width":"310","Sub_Text":"[TIME_LEFT]","Sub_Text_Color":"Red","Sub_Text_Outline_Color":"White","Sub_Text_Width":"300","Template_Data_Type_1":"ButtonColor","Template_Data_Value_1":"Green","Template_Data_Type_2":"ButtonText","Template_Data_Value_2":"!!PROMO_BUTTON_PROMPT1","Template_Data_Type_3":"delegate","Template_Data_Value_3":"OpenDungeons"},
	{"ID":"13","Prefab":"PromoBannerItem_Generic_Left","Background_Image":"Hero_Marceline","Title_Text":"!!PROMO_TITLE_HERO_MARCELINE","Title_Text_Color":"248 158 255","Title_Text_Outline_Color":"91 0 160","Title_Text_Width":"250","Main_Text":"!!PROMO_MAIN_HERO_MARCELINE","Main_Text_Color":"White","Main_Text_Outline_Color":"Black","Main_Text_Width":"310","Sub_Text":"[TIME_LEFT]","Sub_Text_Color":"Red","Sub_Text_Outline_Color":"White","Sub_Text_Width":"300","Template_Data_Type_1":"ButtonColor","Template_Data_Value_1":"Green","Template_Data_Type_2":"ButtonText","Template_Data_Value_2":"!!PROMO_BUTTON_PROMPT1","Template_Data_Type_3":"delegate","Template_Data_Value_3":"OpenStoreHeroes","Template_Data_Type_4":"hero","Template_Data_Value_4":"Leader_Marceline"},
	{"ID":"14","Prefab":"PromoBannerItem_Generic_Left","Background_Image":"Gacha_MotherFluffBucket","Title_Text":"!!PROMO_TITLE_GACHA_MOTHERFLUFFBUCKET","Title_Text_Color":"255 62 53","Title_Text_Outline_Color":"Black","Title_Text_Width":"250","Main_Text":"!!PROMO_MAIN_GACHA_MOTHERFLUFFBUCKET","Main_Text_Color":"White","Main_Text_Outline_Color":"Black","Main_Text_Width":"310","Sub_Text":"[TIME_LEFT]","Sub_Text_Color":"Red","Sub_Text_Outline_Color":"White","Sub_Text_Width":"300","Template_Data_Type_1":"ButtonColor","Template_Data_Value_1":"Green","Template_Data_Type_2":"ButtonText","Template_Data_Value_2":"!!PROMO_BUTTON_PROMPT1","Template_Data_Type_3":"delegate","Template_Data_Value_3":"OpenGacha"},
	{"ID":"15","Prefab":"PromoBannerItem_Generic_Right","Background_Image":"StrikeDungeon_PlainJane","Title_Text":"!!PROMO_TITLE_STRIKEDUNGEON_PLAINJANE","Title_Text_Color":"White","Title_Text_Outline_Color":"55 91 133","Title_Text_Width":"250","Main_Text":"!!PROMO_MAIN_STRIKEDUNGEON_PLAINJANE","Main_Text_Color":"248 232 69","Main_Text_Outline_Color":"98 0 126","Main_Text_Width":"310","Sub_Text":"[TIME_LEFT]","Sub_Text_Color":"Red","Sub_Text_Outline_Color":"White","Sub_Text_Width":"300","Template_Data_Type_1":"ButtonColor","Template_Data_Value_1":"Green","Template_Data_Type_2":"ButtonText","Template_Data_Value_2":"!!PROMO_BUTTON_PROMPT1","Template_Data_Type_3":"delegate","Template_Data_Value_3":"OpenDungeons"},
	{"ID":"16","Prefab":"PromoBannerItem_Generic_Center","Background_Image":"Faction_Swamplands","Title_Text":"!!PROMO_TITLE_FACTION_SWAMPLANDS","Title_Text_Color":"131 233 122","Title_Text_Outline_Color":"Black","Title_Text_Width":"250","Main_Text":"!!PROMO_MAIN_FACTION_SWAMPLANDS","Main_Text_Color":"White","Main_Text_Outline_Color":"Black","Main_Text_Width":"310","Sub_Text":"[TIME_LEFT]","Sub_Text_Color":"Red","Sub_Text_Outline_Color":"White","Sub_Text_Width":"300","Template_Data_Type_1":"ButtonColor","Template_Data_Value_1":"Green","Template_Data_Type_2":"ButtonText","Template_Data_Value_2":"!!PROMO_BUTTON_PROMPT1","Template_Data_Type_3":"delegate","Template_Data_Value_3":"OpenGacha"},
	{"ID":"17","Prefab":"PromoBannerItem_Generic_Left","Background_Image":"Gacha_TimmyMagicEyes","Title_Text":"!!PROMO_TITLE_GACHA_TIMMYMAGICEYES","Title_Text_Color":"114 255 244","Title_Text_Outline_Color":"10 66 58","Title_Text_Width":"250","Main_Text":"!!PROMO_MAIN_GACHA_TIMMYMAGICEYES","Main_Text_Color":"White","Main_Text_Outline_Color":"Black","Main_Text_Width":"310","Sub_Text":"[TIME_LEFT]","Sub_Text_Color":"Red","Sub_Text_Outline_Color":"White","Sub_Text_Width":"300","Template_Data_Type_1":"ButtonColor","Template_Data_Value_1":"Green","Template_Data_Type_2":"ButtonText","Template_Data_Value_2":"!!PROMO_BUTTON_PROMPT1","Template_Data_Type_3":"delegate","Template_Data_Value_3":"OpenGacha"},
	{"ID":"18","Prefab":"PromoBannerItem_Generic_Left","Background_Image":"Gacha_CakeHarvest","Title_Text":"!!PROMO_TITLE_GACHA_CAKEHARVEST","Title_Text_Color":"White","Title_Text_Outline_Color":"Black","Title_Text_Width":"250","Main_Text":"!!PROMO_MAIN_GACHA_CAKEHARVEST","Main_Text_Color":"247 214 63","Main_Text_Outline_Color":"99 56 0","Main_Text_Width":"310","Template_Data_Type_1":"ButtonColor","Template_Data_Value_1":"Green","Template_Data_Type_2":"ButtonText","Template_Data_Value_2":"!!PROMO_BUTTON_PROMPT1","Template_Data_Type_3":"delegate","Template_Data_Value_3":"OpenGacha"},
	{"ID":"19","Prefab":"PromoBannerItem_Generic_Left","Background_Image":"Hero_FlamePrincess","Title_Text":"!!PROMO_TITLE_HERO_FLAMEPRINCESS","Title_Text_Color":"250 166 26","Title_Text_Outline_Color":"Black","Title_Text_Width":"250","Main_Text":"!!PROMO_MAIN_HERO_FLAMEPRINCESS","Main_Text_Color":"White","Main_Text_Outline_Color":"Black","Main_Text_Width":"310","Sub_Text":"[TIME_LEFT]","Sub_Text_Color":"Red","Sub_Text_Outline_Color":"White","Sub_Text_Width":"300","Template_Data_Type_1":"ButtonColor","Template_Data_Value_1":"Green","Template_Data_Type_2":"ButtonText","Template_Data_Value_2":"!!PROMO_BUTTON_PROMPT1","Template_Data_Type_3":"delegate","Template_Data_Value_3":"OpenStoreHeroes","Template_Data_Type_4":"hero","Template_Data_Value_4":"Leader_FlamePrincess"},
	{"ID":"20","Prefab":"PromoBannerItem_Generic_Center","Background_Image":"Feature_PvP","Title_Text":"!!PROMO_TITLE_FEATURE_PVP","Title_Text_Color":"255 171 4","Title_Text_Outline_Color":"Black","Title_Text_Width":"250","Main_Text":"!!PROMO_MAIN_FEATURE_PVP","Main_Text_Color":"White","Main_Text_Outline_Color":"Black","Main_Text_Width":"310","Template_Data_Type_1":"ButtonColor","Template_Data_Value_1":"Green","Template_Data_Type_2":"ButtonText","Template_Data_Value_2":"!!PROMO_BUTTON_PROMPT1","Template_Data_Type_3":"delegate","Template_Data_Value_3":"OpenPVP"},
	{"ID":"21","Prefab":"PromoBannerItem_Generic_Center","Background_Image":"Faction_BluePlains","Title_Text":"!!PROMO_TITLE_FACTION_BLUEPLAINS","Title_Text_Color":"254 242 0","Title_Text_Outline_Color":"Black","Title_Text_Width":"250","Main_Text":"!!PROMO_MAIN_FACTION_BLUEPLAINS","Main_Text_Color":"White","Main_Text_Outline_Color":"Black","Main_Text_Width":"310","Sub_Text":"[TIME_LEFT]","Sub_Text_Color":"Red","Sub_Text_Outline_Color":"White","Sub_Text_Width":"300","Template_Data_Type_1":"ButtonColor","Template_Data_Value_1":"Green","Template_Data_Type_2":"ButtonText","Template_Data_Value_2":"!!PROMO_BUTTON_PROMPT1","Template_Data_Type_3":"delegate","Template_Data_Value_3":"OpenGacha"},
	{"ID":"22","Prefab":"PromoBannerItem_Generic_Right","Background_Image":"Hero_Lemongrab","Title_Text":"!!PROMO_TITLE_HERO_LEMONGRAB","Title_Text_Color":"0 80 201","Title_Text_Outline_Color":"White","Title_Text_Width":"250","Main_Text":"!!PROMO_MAIN_HERO_LEMONGRAB","Main_Text_Color":"White","Main_Text_Outline_Color":"Black","Main_Text_Width":"310","Sub_Text":"[TIME_LEFT]","Sub_Text_Color":"Red","Sub_Text_Outline_Color":"White","Sub_Text_Width":"300","Template_Data_Type_1":"ButtonColor","Template_Data_Value_1":"Green","Template_Data_Type_2":"ButtonText","Template_Data_Value_2":"!!PROMO_BUTTON_PROMPT1","Template_Data_Type_3":"delegate","Template_Data_Value_3":"OpenStoreHeroes","Template_Data_Type_4":"hero","Template_Data_Value_4":"Leader_EarlOfLemongrab"},
	{"ID":"23","Prefab":"PromoBannerItem_Generic_Right","Background_Image":"Dungeon_HuskerDragon","Title_Text":"!!PROMO_TITLE_DUNGEON_HUSKERDRAGON","Title_Text_Color":"47 246 128","Title_Text_Outline_Color":"Black","Title_Text_Width":"250","Main_Text":"!!PROMO_MAIN_DUNGEON_HUSKERDRAGON","Main_Text_Color":"White","Main_Text_Outline_Color":"Black","Main_Text_Width":"310","Sub_Text_Width":"300","Template_Data_Type_1":"ButtonColor","Template_Data_Value_1":"Green","Template_Data_Type_2":"ButtonText","Template_Data_Value_2":"!!PROMO_BUTTON_PROMPT1","Template_Data_Type_3":"delegate","Template_Data_Value_3":"OpenDungeons"},
	{"ID":"24","Prefab":"PromoBannerItem_Generic_Right","Background_Image":"Gacha_25DaysGiveaway","Title_Text":"!!PROMO_TITLE_GACHA_25DAYSGIVEAWAY","Title_Text_Color":"201 0 38","Title_Text_Outline_Color":"White","Title_Text_Width":"250","Main_Text":"!!PROMO_MAIN_GACHA_25DAYSGIVEAWAY","Main_Text_Color":"70 242 9","Main_Text_Outline_Color":"Black","Main_Text_Width":"310","Sub_Text":"[TIME_LEFT]","Sub_Text_Color":"Red","Sub_Text_Outline_Color":"White","Sub_Text_Width":"300","Template_Data_Type_1":"ButtonColor","Template_Data_Value_1":"Green","Template_Data_Type_2":"ButtonText","Template_Data_Value_2":"!!PROMO_BUTTON_PROMPT1","Template_Data_Type_3":"delegate","Template_Data_Value_3":"OpenGacha"},
	{"ID":"25","Prefab":"PromoBannerItem_Generic_Right","Background_Image":"Hero_PrincessBubblegum","Title_Text":"!!PROMO_TITLE_HERO_PRINCESSBUBBLEGUM","Title_Text_Color":"94 0 82","Title_Text_Outline_Color":"White","Title_Text_Width":"250","Main_Text":"!!PROMO_MAIN_HERO_PRINCESSBUBBLEGUM","Main_Text_Color":"255 86 233","Main_Text_Outline_Color":"Black","Main_Text_Width":"310","Sub_Text":"[TIME_LEFT]","Sub_Text_Color":"Red","Sub_Text_Outline_Color":"White","Sub_Text_Width":"300","Template_Data_Type_1":"ButtonColor","Template_Data_Value_1":"Green","Template_Data_Type_2":"ButtonText","Template_Data_Value_2":"!!PROMO_BUTTON_PROMPT1","Template_Data_Type_3":"delegate","Template_Data_Value_3":"OpenStoreHeroes","Template_Data_Type_4":"hero","Template_Data_Value_4":"Leader_PrincessBubblegum"},
	{"ID":"26","Prefab":"PromoBannerItem_Generic_Center","Background_Image":"Feature_Customization","Title_Text":"!!PROMO_TITLE_FEATURE_CUSTOMIZATION","Title_Text_Color":"255 186 0","Title_Text_Outline_Color":"Black","Title_Text_Width":"250","Main_Text":"!!PROMO_MAIN_FEATURE_CUSTOMIZATION","Main_Text_Color":"White","Main_Text_Outline_Color":"Black","Main_Text_Width":"310","Sub_Text_Color":"Red","Sub_Text_Outline_Color":"White","Sub_Text_Width":"300","Template_Data_Type_1":"ButtonColor","Template_Data_Value_1":"Green","Template_Data_Type_2":"ButtonText","Template_Data_Value_2":"!!PROMO_BUTTON_PROMPT1","Template_Data_Type_3":"delegate","Template_Data_Value_3":"OpenCustomization"},
	{"ID":"27","Prefab":"PromoBannerItem_Generic_Center","Background_Image":"Faction_Sandylands","Title_Text":"!!PROMO_TITLE_FACTION_SANDYLANDS","Title_Text_Color":"249 221 124","Title_Text_Outline_Color":"Black","Title_Text_Width":"250","Main_Text":"!!PROMO_MAIN_FACTION_SANDYLANDS","Main_Text_Color":"White","Main_Text_Outline_Color":"Black","Main_Text_Width":"310","Sub_Text_Color":"Red","Sub_Text_Outline_Color":"White","Sub_Text_Width":"300","Template_Data_Type_1":"ButtonColor","Template_Data_Value_1":"Green","Template_Data_Type_2":"ButtonText","Template_Data_Value_2":"!!PROMO_BUTTON_PROMPT1","Template_Data_Type_3":"delegate","Template_Data_Value_3":"OpenGacha"},
	{"ID":"28","Prefab":"PromoBannerItem_Generic_Left","Background_Image":"Hero_IceKing","Title_Text":"!!PROMO_TITLE_HERO_ICEKING","Title_Text_Color":"0 44 60","Title_Text_Outline_Color":"White","Title_Text_Width":"250","Main_Text":"!!PROMO_MAIN_HERO_ICEKING","Main_Text_Color":"White","Main_Text_Outline_Color":"Black","Main_Text_Width":"310","Sub_Text":"[TIME_LEFT]","Sub_Text_Color":"Red","Sub_Text_Outline_Color":"White","Sub_Text_Width":"300","Template_Data_Type_1":"ButtonColor","Template_Data_Value_1":"Green","Template_Data_Type_2":"ButtonText","Template_Data_Value_2":"!!PROMO_BUTTON_PROMPT1","Template_Data_Type_3":"delegate","Template_Data_Value_3":"OpenStoreHeroes","Template_Data_Type_4":"hero","Template_Data_Value_4":"Leader_IceKing"},
	{"ID":"29","Prefab":"PromoBannerItem_Generic_Right","Background_Image":"Dungeon_AlexSander","Title_Text":"!!PROMO_TITLE_DUNGEON_ALEXSANDER","Title_Text_Color":"141 24 28","Title_Text_Outline_Color":"Black","Title_Text_Width":"250","Main_Text":"!!PROMO_MAIN_DUNGEON_ALEXSANDER","Main_Text_Color":"255 176 16","Main_Text_Outline_Color":"Black","Main_Text_Width":"310","Sub_Text":"[TIME_LEFT]","Sub_Text_Color":"Red","Sub_Text_Outline_Color":"White","Sub_Text_Width":"300","Template_Data_Type_1":"ButtonColor","Template_Data_Value_1":"Green","Template_Data_Type_2":"ButtonText","Template_Data_Value_2":"!!PROMO_BUTTON_PROMPT1","Template_Data_Type_3":"delegate","Template_Data_Value_3":"OpenDungeons"}
]
