[
	{"Type":"Dieclops","DisplayName":"!!HUNTING_EXPEDITION","IconSprite":"Icon_Tracking2"},
	{"Type":"Rune","DisplayName":"!!ARCHEOLOGICAL_EXPEDITION","IconSprite":"Icon_Excavation2"},
	{"Type":"Random","DisplayName":"!!ADVENTURE_EXPEDITION","IconSprite":"Icon_Adventure2"},
	{"Type":"Map","DisplayName":"!!EXPLORING_EXPEDITION","IconSprite":"Icon_Exploration2"},
	{"Type":"Training","DisplayName":"!!TRAINING_EXPEDITION","IconSprite":"Icon_Training"},
	{"Type":"Gold","DisplayName":"Gold","IconSprite":"Icon_Gold"},
	{"Type":"Fangs","DisplayName":"Fangs","IconSprite":"Icon_Gathering"}
]
