[
	{"ID":"TestGodfest1","Start":"5/20/2016","End":"5/21/2016","Slot":"Premium","WeightsTable":"SampleGodfest","Name":"Test Premium Godfest","Description":"Test Premium Godfest Description"},
	{"ID":"TestGodfest2","Start":"1/1/1999","End":"1/2/1999","Slot":"Standard","WeightsTable":"SampleGodfest"},
	{"ID":"DoubleRateFest","Start":"1/1/1999","End":"1/2/1999","Slot":"Premium","WeightsTable":"DoubleRateFest","Name":"!!Premium_Egg_Event_Desc","Description":"!!DoubleRateFest_Desc"},
	{"ID":"Dieclops_Event_01","Start":"10/16/2015","End":"10/17/2015","Slot":"Standard","WeightsTable":"Shallow_DieClops","Name":"!!Shallow_Dig_Event_Desc","Description":"!!Shallow_Dieclops_Desc"},
	{"ID":"Dieclops_Event_02","Start":"10/29/2015","End":"10/30/2015","Slot":"Standard","WeightsTable":"Shallow_DieClops","Name":"!!Shallow_Dig_Event_Desc","Description":"!!Shallow_Dieclops_Desc"},
	{"ID":"Dieclops_Event_03","Start":"11/12/2015","End":"11/13/2015","Slot":"Standard","WeightsTable":"Shallow_DieClops","Name":"!!Shallow_Dig_Event_Desc","Description":"!!Shallow_Dieclops_Desc"},
	{"ID":"Dieclops_Event_04","Start":"11/22/2015","End":"11/23/2015","Slot":"Standard","WeightsTable":"Shallow_DieClops","Name":"!!Shallow_Dig_Event_Desc","Description":"!!Shallow_Dieclops_Desc"},
	{"ID":"Dieclops_Event_05","Start":"12/4/2015","End":"12/5/2015","Slot":"Standard","WeightsTable":"Shallow_DieClops","Name":"!!Shallow_Dig_Event_Desc","Description":"!!Shallow_Dieclops_Desc"},
	{"ID":"Dieclops_Event_06","Start":"12/17/2015","End":"12/18/2015","Slot":"Standard","WeightsTable":"Shallow_DieClops","Name":"!!Shallow_Dig_Event_Desc","Description":"!!Shallow_Dieclops_Desc"},
	{"ID":"Dieclops_Event_07","Start":"12/29/2015","End":"12/30/2015","Slot":"Standard","WeightsTable":"Shallow_DieClops","Name":"!!Shallow_Dig_Event_Desc","Description":"!!Shallow_Dieclops_Desc"},
	{"ID":"Dieclops_Event_08","Start":"1/11/2016","End":"1/12/2016","Slot":"Standard","WeightsTable":"Shallow_DieClops","Name":"!!Shallow_Dig_Event_Desc","Description":"!!Shallow_Dieclops_Desc"},
	{"ID":"VEQU_GIBS","Start":"1/1/1999","End":"1/3/1999","Slot":"Premium","WeightsTable":"VEQU_GIBS","Name":"!!Premium_Egg_Event_Desc","Description":"!!VEQU_GIBS_Desc"},
	{"ID":"HOBS_GIBS","Start":"8/8/2015","End":"8/10/2015","Slot":"Premium","WeightsTable":"HOBS_GIBS","Name":"!!Premium_Egg_Event_Desc","Description":"!!HOBS_GIBS_Desc"},
	{"ID":"HUBS_GIBS","Start":"1/1/1999","End":"1/3/1999","Slot":"Premium","WeightsTable":"HUBS_GIBS","Name":"!!Premium_Egg_Event_Desc","Description":"!!HUBS_GIBS_Desc"},
	{"ID":"EVBS_GIBS","Start":"1/1/1999","End":"1/3/1999","Slot":"Premium","WeightsTable":"EVBS_GIBS","Name":"!!Premium_Egg_Event_Desc","Description":"!!EVBS_GIBS_Desc"},
	{"ID":"MYGR_GIBS","Start":"9/26/2015","End":"9/28/2015","Slot":"Premium","WeightsTable":"MYGR_GIBS","Name":"!!Premium_Egg_Event_Desc","Description":"!!MYGR_GIBS_Desc"},
	{"ID":"LGHU_GIBS","Start":"1/1/1999","End":"1/3/1999","Slot":"Premium","WeightsTable":"LGHU_GIBS","Name":"!!Premium_Egg_Event_Desc","Description":"!!LGHU_GIBS_Desc"},
	{"ID":"LGDR_GIBS","Start":"1/1/1999","End":"1/3/1999","Slot":"Premium","WeightsTable":"LGDR_GIBS","Name":"!!Premium_Egg_Event_Desc","Description":"!!LGDR_GIBS_Desc"},
	{"ID":"HOBS_VEQU","Start":"1/1/1999","End":"1/3/1999","Slot":"Premium","WeightsTable":"HOBS_VEQU","Name":"!!Premium_Egg_Event_Desc","Description":"!!HOBS_VEQU_Desc"},
	{"ID":"HUBS_VEQU","Start":"1/1/1999","End":"1/3/1999","Slot":"Premium","WeightsTable":"HUBS_VEQU","Name":"!!Premium_Egg_Event_Desc","Description":"!!HUBS_VEQU_Desc"},
	{"ID":"EVBS_VEQU","Start":"1/1/1999","End":"1/3/1999","Slot":"Premium","WeightsTable":"EVBS_VEQU","Name":"!!Premium_Egg_Event_Desc","Description":"!!EVBS_VEQU_Desc"},
	{"ID":"MYGR_VEQU","Start":"1/1/1999","End":"1/3/1999","Slot":"Premium","WeightsTable":"MYGR_VEQU","Name":"!!Premium_Egg_Event_Desc","Description":"!!MYGR_VEQU_Desc"},
	{"ID":"LGHU_VEQU","Start":"8/22/2015","End":"8/24/2015","Slot":"Premium","WeightsTable":"LGHU_VEQU","Name":"!!Premium_Egg_Event_Desc","Description":"!!LGHU_VEQU_Desc"},
	{"ID":"LGDR_VEQU","Start":"1/1/1999","End":"1/3/1999","Slot":"Premium","WeightsTable":"LGDR_VEQU","Name":"!!Premium_Egg_Event_Desc","Description":"!!LGDR_VEQU_Desc"},
	{"ID":"HUBS_HOBS","Start":"1/1/1999","End":"1/3/1999","Slot":"Premium","WeightsTable":"HUBS_HOBS","Name":"!!Premium_Egg_Event_Desc","Description":"!!HUBS_HOBS_Desc"},
	{"ID":"EVBS_HOBS","Start":"1/1/1999","End":"1/3/1999","Slot":"Premium","WeightsTable":"EVBS_HOBS","Name":"!!Premium_Egg_Event_Desc","Description":"!!EVBS_HOBS_Desc"},
	{"ID":"MYGR_HOBS","Start":"1/1/1999","End":"1/3/1999","Slot":"Premium","WeightsTable":"MYGR_HOBS","Name":"!!Premium_Egg_Event_Desc","Description":"!!MYGR_HOBS_Desc"},
	{"ID":"LGHU_HOBS","Start":"10/17/2015","End":"10/19/2015","Slot":"Premium","WeightsTable":"LGHU_HOBS","Name":"!!Premium_Egg_Event_Desc","Description":"!!LGHU_HOBS_Desc"},
	{"ID":"LGDR_HOBS","Start":"1/1/1999","End":"1/3/1999","Slot":"Premium","WeightsTable":"LGDR_HOBS","Name":"!!Premium_Egg_Event_Desc","Description":"!!LGDR_HOBS_Desc"},
	{"ID":"EVBS_HUBS","Start":"1/1/1999","End":"1/3/1999","Slot":"Premium","WeightsTable":"EVBS_HUBS","Name":"!!Premium_Egg_Event_Desc","Description":"!!EVBS_HUBS_Desc"},
	{"ID":"MYGR_HUBS","Start":"1/1/1999","End":"1/3/1999","Slot":"Premium","WeightsTable":"MYGR_HUBS","Name":"!!Premium_Egg_Event_Desc","Description":"!!MYGR_HUBS_Desc"},
	{"ID":"LGHU_HUBS","Start":"1/1/1999","End":"1/3/1999","Slot":"Premium","WeightsTable":"LGHU_HUBS","Name":"!!Premium_Egg_Event_Desc","Description":"!!LGHU_HUBS_Desc"},
	{"ID":"LGDR_HUBS","Start":"1/1/1999","End":"1/3/1999","Slot":"Premium","WeightsTable":"LGDR_HUBS","Name":"!!Premium_Egg_Event_Desc","Description":"!!LGDR_HUBS_Desc"},
	{"ID":"MYGR_EVBS","Start":"1/1/1999","End":"1/3/1999","Slot":"Premium","WeightsTable":"MYGR_EVBS","Name":"!!Premium_Egg_Event_Desc","Description":"!!MYGR_EVBS_Desc"},
	{"ID":"LGHU_EVBS","Start":"1/1/1999","End":"1/3/1999","Slot":"Premium","WeightsTable":"LGHU_EVBS","Name":"!!Premium_Egg_Event_Desc","Description":"!!LGHU_EVBS_Desc"},
	{"ID":"LGDR_EVBS","Start":"9/5/2015","End":"9/7/2015","Slot":"Premium","WeightsTable":"LGDR_EVBS","Name":"!!Premium_Egg_Event_Desc","Description":"!!LGDR_EVBS_Desc"},
	{"ID":"LGHU_MYGR","Start":"1/1/1999","End":"1/3/1999","Slot":"Premium","WeightsTable":"LGHU_MYGR","Name":"!!Premium_Egg_Event_Desc","Description":"!!LGHU_MYGR_Desc"},
	{"ID":"LGDR_MYGR","Start":"1/1/1999","End":"1/3/1999","Slot":"Premium","WeightsTable":"LGDR_MYGR","Name":"!!Premium_Egg_Event_Desc","Description":"!!LGDR_MYGR_Desc"},
	{"ID":"LGDR_LGHU","Start":"1/1/1999","End":"1/3/1999","Slot":"Premium","WeightsTable":"LGDR_LGHU","Name":"!!Premium_Egg_Event_Desc","Description":"!!LGDR_LGHU_Desc"},
	{"ID":"CRN_LVLBONUS_Red","Start":"9/28/2015","End":"10/3/2015","Slot":"Premium","WeightsTable":"PremiumChest","BonusClassRestriction":"Red","LevelBonus":"15","Name":"!!Premium_Egg_Carnival_Desc","Description":"!!CRN_LVLBONUS_Red_Desc"},
	{"ID":"CRN_LVLBONUS_Blue","Start":"1/11/2016","End":"1/16/2016","Slot":"Premium","WeightsTable":"PremiumChest","BonusClassRestriction":"Blue","LevelBonus":"15","Name":"!!Premium_Egg_Carnival_Desc","Description":"!!CRN_LVLBONUS_Blue_Desc"},
	{"ID":"CRN_LVLBONUS_Green","Start":"12/14/2015","End":"12/19/2015","Slot":"Premium","WeightsTable":"PremiumChest","BonusClassRestriction":"Green","LevelBonus":"15","Name":"!!Premium_Egg_Carnival_Desc","Description":"!!CRN_LVLBONUS_Green_Desc"},
	{"ID":"CRN_LVLBONUS_Light","Start":"11/16/2015","End":"11/21/2015","Slot":"Premium","WeightsTable":"PremiumChest","BonusClassRestriction":"Light","LevelBonus":"15","Name":"!!Premium_Egg_Carnival_Desc","Description":"!!CRN_LVLBONUS_Light_Desc"},
	{"ID":"CRN_LVLBONUS_Dark","Start":"10/26/2015","End":"10/31/2015","Slot":"Premium","WeightsTable":"PremiumChest","BonusClassRestriction":"Dark","LevelBonus":"15","Name":"!!Premium_Egg_Carnival_Desc","Description":"!!CRN_LVLBONUS_Dark_Desc"},
	{"ID":"CRN_PASSIVEBONUS_Red","Start":"11/2/2015","End":"11/7/2015","Slot":"Premium","WeightsTable":"PremiumChest","BonusClassRestriction":"Red","PassiveLevelBonus":"1","Name":"!!Premium_Egg_Carnival_Desc","Description":"!!CRN_PASSIVEBONUS_Red_Desc"},
	{"ID":"CRN_PASSIVEBONUS_Blue","Start":"10/5/2015","End":"10/10/2015","Slot":"Premium","WeightsTable":"PremiumChest","BonusClassRestriction":"Blue","PassiveLevelBonus":"1","Name":"!!Premium_Egg_Carnival_Desc","Description":"!!CRN_PASSIVEBONUS_Blue_Desc"},
	{"ID":"CRN_PASSIVEBONUS_Green","Start":"1/18/2016","End":"1/23/2016","Slot":"Premium","WeightsTable":"PremiumChest","BonusClassRestriction":"Green","PassiveLevelBonus":"1","Name":"!!Premium_Egg_Carnival_Desc","Description":"!!CRN_PASSIVEBONUS_Green_Desc"},
	{"ID":"CRN_PASSIVEBONUS_Light","Start":"12/21/2015","End":"12/26/2015","Slot":"Premium","WeightsTable":"PremiumChest","BonusClassRestriction":"Light","PassiveLevelBonus":"1","Name":"!!Premium_Egg_Carnival_Desc","Description":"!!CRN_PASSIVEBONUS_Light_Desc"},
	{"ID":"CRN_PASSIVEBONUS_Dark","Start":"11/23/2015","End":"11/28/2015","Slot":"Premium","WeightsTable":"PremiumChest","BonusClassRestriction":"Dark","PassiveLevelBonus":"1","Name":"!!Premium_Egg_Carnival_Desc","Description":"!!CRN_PASSIVEBONUS_Dark_Desc"},
	{"ID":"CRN_SLOTBONUS_Red","Start":"11/30/2015","End":"12/5/2015","Slot":"Premium","WeightsTable":"PremiumChest","BonusClassRestriction":"Red","CardSlotsBonus":"1","Name":"!!Premium_Egg_Carnival_Desc","Description":"!!CRN_SLOTBONUS_Red_Desc"},
	{"ID":"CRN_SLOTBONUS_Blue","Start":"11/2/2015","End":"11/7/2015","Slot":"Premium","WeightsTable":"PremiumChest","BonusClassRestriction":"Blue","CardSlotsBonus":"1","Name":"!!Premium_Egg_Carnival_Desc","Description":"!!CRN_SLOTBONUS_Blue_Desc"},
	{"ID":"CRN_SLOTBONUS_Green","Start":"10/12/2015","End":"10/17/2015","Slot":"Premium","WeightsTable":"PremiumChest","BonusClassRestriction":"Green","CardSlotsBonus":"1","Name":"!!Premium_Egg_Carnival_Desc","Description":"!!CRN_SLOTBONUS_Green_Desc"},
	{"ID":"CRN_SLOTBONUS_Light","Start":"1/25/2016","End":"1/30/2016","Slot":"Premium","WeightsTable":"PremiumChest","BonusClassRestriction":"Light","CardSlotsBonus":"1","Name":"!!Premium_Egg_Carnival_Desc","Description":"!!CRN_SLOTBONUS_Light_Desc"},
	{"ID":"CRN_SLOTBONUS_Dark","Start":"12/28/2015","End":"1/2/2016","Slot":"Premium","WeightsTable":"PremiumChest","BonusClassRestriction":"Dark","CardSlotsBonus":"1","Name":"!!Premium_Egg_Carnival_Desc","Description":"!!CRN_SLOTBONUS_Dark_Desc"},
	{"ID":"CRN_ALLBONUS_Red","Start":"1/4/2016","End":"1/9/2016","Slot":"Premium","WeightsTable":"PremiumChest","BonusClassRestriction":"Red","LevelBonus":"15","PassiveLevelBonus":"1","CardSlotsBonus":"1","Name":"!!Premium_Egg_Carnival_Desc","Description":"!!CRN_ALLBONUS_Red_Desc"},
	{"ID":"CRN_ALLBONUS_Blue","Start":"12/7/2015","End":"12/12/2015","Slot":"Premium","WeightsTable":"PremiumChest","BonusClassRestriction":"Blue","LevelBonus":"15","PassiveLevelBonus":"1","CardSlotsBonus":"1","Name":"!!Premium_Egg_Carnival_Desc","Description":"!!CRN_ALLBONUS_Blue_Desc"},
	{"ID":"CRN_ALLBONUS_Green","Start":"11/9/2015","End":"11/14/2015","Slot":"Premium","WeightsTable":"PremiumChest","BonusClassRestriction":"Green","LevelBonus":"15","PassiveLevelBonus":"1","CardSlotsBonus":"1","Name":"!!Premium_Egg_Carnival_Desc","Description":"!!CRN_ALLBONUS_Green_Desc"},
	{"ID":"CRN_ALLBONUS_Light","Start":"10/19/2015","End":"10/24/2015","Slot":"Premium","WeightsTable":"PremiumChest","BonusClassRestriction":"Light","LevelBonus":"15","PassiveLevelBonus":"1","CardSlotsBonus":"1","Name":"!!Premium_Egg_Carnival_Desc","Description":"!!CRN_ALLBONUS_Light_Desc"},
	{"ID":"CRN_ALLBONUS_Dark","Start":"2/1/2016","End":"2/6/2016","Slot":"Premium","WeightsTable":"PremiumChest","BonusClassRestriction":"Dark","LevelBonus":"15","PassiveLevelBonus":"1","CardSlotsBonus":"1","Name":"!!Premium_Egg_Carnival_Desc","Description":"!!CRN_ALLBONUS_Dark_Desc"}
]
