[
	{"ID":"Standard","Name":"!!GACHA_Standard_NAME","Description":"!!GACHA_Standard_DESC","CurrencyType":"SocialCurrency","Cost":"50","Table":"StandardChest","RotatingCreatures":"CoolDog_Base, AngelEye_Base, BaldingMan_Base, CornDog_Base, CornWall_Base, MaiseWalker_Base, MouthBall_Base, HuskerKnight_Base, CornRonin_Base, BespectacledOgre_Base, GrapeSlimey_Base, CottonEyeBat_Base, Shepard_Base, Cow_Base, CornEyeBat_Base, CactusBall_Base, SoftEyeling_Base, MsMummy_Base, CornBall_Base","ChestType":"1","ChestSprite":"Calendar_RewardChest_Silver","Star1Weight":"90","Star2Weight":"45","Star3Weight":"5","Star4Weight":"0","Star5Weight":"0"},
	{"ID":"Premium","Name":"!!GACHA_Premium_NAME","Description":"!!GACHA_Premium_DESC","CurrencyType":"HardCurrency","Cost":"200","Table":"PremiumChest","FeaturedCreature":"FarmerTom_Base","RotatingCreatures":"AngelEye_Base, CornDog_Base, ethanallfire_Base, Pig_Base, CornRonin_Base, FieldReaper_Base, DiamondDan_Base, CottonEyeBat_Base, Shepard_Base, KnightOfObesity_Base, CactusThug_Base, HeartAngel_Base, Fluffantry_Base, FarmerTom_Base, SandEyeBat_Base, SandKnight_Base, PoppaCorn_Base, BogBanSheAngel_Base, DrStuffenstein_Base, Stalker_Base, ArmourOfBooks_Base, FunGuy_Base, SnakeMint_Base, PorcelainGuardian_Base","ChestType":"3","ChestSprite":"Calendar_RewardChest_Bone","IsBasePremium":"True","Star1Weight":"60","Star2Weight":"30","Star3Weight":"10","Star4Weight":"0","Star5Weight":"0","KeyName":"Premium Key","KeyUITexture":"UI/Icons_GachaKeys/Algebraic","KeyRarity":"2"},
	{"ID":"Gold","Name":"Gold Chest","Description":"Guaranteed Rare or higher!","CurrencyType":"SoftCurrency","Cost":"100000","Table":"GoldChest","FeaturedCreature":"CactusThug_Base","RotatingCreatures":"MaiseWalker_Base, PirateBear_Base, PunkCat_Base, SandJackal_Base, Sandwitch_Base, Shepard_Base, StruzanJinn_Base, TheDrooler_Base, MrFixIt_Base, PeteMoss_Base, PoppaCorn_Base, PreTeenWolf_Base, Stalker_Base, Tomezooka_Base, ArmourOfBooks_Base, FireBaller_Base","ChestType":"2","ChestSprite":"Calendar_RewardChest_Gold","Star1Weight":"100","Star2Weight":"0","Star3Weight":"0","Star4Weight":"0","Star5Weight":"0"},
	{"ID":"Daily","Name":"!!GACHA_Daily_NAME","Description":"!!GACHA_Daily_DESC","CooldownHours":"23","Table":"StandardChest","RotatingCreatures":"LadyScarab_Base, Shepard_Base, StruzanJinn_Base, Nefertiti_Base, ArmourOfBooks_Base, EnlightenedBaldMan_Base","ChestType":"2","ChestSprite":"Calendar_RewardChest_Silver","Star1Weight":"100","Star2Weight":"0","Star3Weight":"0","Star4Weight":"0","Star5Weight":"0"},
	{"ID":"Event","Name":"!!GACHA_Event_NAME","Description":"Limited Special Halloween Creature is available","CurrencyType":"HardCurrency","Cost":"250","Table":"DiamondDanSpecial","FeaturedCreature":"HologramBaldMan_Base","RotatingCreatures":"VampCorn_Base, HologramBaldMan_Base, VampGhost_Base, WizardOfPoo_Base, VampBaldMan_Base, VampMarshmallow_Base, GreenMerman_Base, VampCactus_Base","ChestType":"3","ChestSprite":"Calendar_RewardChest_Bone","StartDate1":"9/24/2002","EndDate1":"11/1/2002","Star1Weight":"100","Star2Weight":"50","Star3Weight":"50","Star4Weight":"30","Star5Weight":"20"},
	{"ID":"Cake","Name":"!!GACHA_Cake_NAME","Description":"!!GACHA_Cake_DESC","CurrencyType":"HardCurrency","Cost":"50","Table":"CakeChest","RotatingCreatures":"CAKE_T3_Swamp,CAKE_T3_Nice,CAKE_T3_Sand,CAKE_T3_Plains,CAKE_T3_Corn,CAKE_T2_Swamp,CAKE_T2_Nice,CAKE_T2_Sand,CAKE_T2_Plains,CAKE_T2_Corn,CAKE_T1_Swamp,CAKE_T1_Nice,CAKE_T1_Sand,CAKE_T1_Plains,CAKE_T1_Corn","ChestType":"2","ChestSprite":"Calendar_RewardChest_Gold"}
]
