[
	{"ID":"BUFF_ATK","ActionFXPrefab":"VFX_Action_AttackUp","ActionFXSpawnPoint":"Creature","ValueDisplay":"True"},
	{"ID":"DEBUFF_ATK","ActionFXPrefab":"VFX_Action_AttackDown","ActionFXSpawnPoint":"Creature","ValueDisplay":"True"},
	{"ID":"BUFF_DEF","ActionFXPrefab":"VFX_Action_DefenseUp","ActionFXSpawnPoint":"Creature","ValueDisplay":"True"},
	{"ID":"DEBUFF_DEF","ActionFXPrefab":"VFX_Action_DefenseDown","ActionFXSpawnPoint":"Creature","ValueDisplay":"True"},
	{"ID":"CREATURE_GAIN_DAMAGE_REDUCTION","ActionFXSpawnPoint":"Creature","StatusDisableEvent":"CREATURE_LOSE_DAMAGE_REDUCTION"},
	{"ID":"GAIN_DAMAGE_ABSORPTION","ActionFXSpawnPoint":"Creature","StatusDisableEvent":"LOSE_DAMAGE_ABSORPTION"},
	{"ID":"GAIN_SPREAD","ActionFXSpawnPoint":"Creature","StatusDisableEvent":"LOSE_SPREAD"},
	{"ID":"GAIN_SHIELD","ActionFXPrefab":"VFX_Action_DefenseUp","ActionFXSpawnPoint":"Creature","StatusDisableEvent":"LOSE_SHIELD"},
	{"ID":"GAIN_DIAGONAL_PROTECTION","ActionFXSpawnPoint":"Creature","StatusDisableEvent":"LOSE_DIAGONAL_PROTECTION"},
	{"ID":"GAIN_ATTACKS","ActionFXPrefab":"VFX_Action_GainAttacks","ActionFXSpawnPoint":"Creature","ValueDisplay":"True","StatusDisableEvent":"LOSE_ATTACKS"},
	{"ID":"DRAW_CARD","ActionFXPrefab":"VFX_Action_UI_DrawCard","ActionFXSpawnPoint":"UI_Deck","IgnoreDuplicates":"True"},
	{"ID":"GAIN_ATTACK_DIRECTION","ActionFXPrefab":"VFX_Action_Generic","ActionFXSpawnPoint":"Arrow","StatusDisableEvent":"LOSE_ATTACK_DIRECTION"},
	{"ID":"HEAL_HERO","ActionFXPrefab":"VFX_Action_UI_DrawCard","ActionFXSpawnPoint":"UI_HeroPortrait"},
	{"ID":"HEAL_CREATURE","ActionFXPrefab":"VFX_Action_Heal","ActionFXSpawnPoint":"Creature"},
	{"ID":"GAIN_ACTION_POINTS","ActionFXPrefab":"VFX_ActionPointUp","ActionFXSpawnPoint":"UI_MagicPoint"},
	{"ID":"LOSE_ACTION_POINTS","ActionFXPrefab":"VFX_ActionPointDown","ActionFXSpawnPoint":"UI_MagicPoint"},
	{"ID":"DAMAGE_HERO","ActionFXPrefab":"VFX_Action_UI_HeroHit","ActionFXSpawnPoint":"UI_HeroPortrait"},
	{"ID":"SHEEP_CREATURE","ActionFXSpawnPoint":"Creature","StatusDisableEvent":"UNSHEEP_CREATURE","SwapModel":"Bunny"},
	{"ID":"IGNORE_DEF","ActionFXPrefab":"VFX_Action_Generic","ActionFXSpawnPoint":"Creature"},
	{"ID":"BLOCK_ACTION_CARDS_CREATURE","ActionFXPrefab":"VFX_Action_Generic","ActionFXSpawnPoint":"Creature"},
	{"ID":"ADD_ENCHANTMENT_TO_LANE","ActionFXPrefab":"VFX_Action_Generic","ActionFXSpawnPoint":"Enchant"},
	{"ID":"DISABLE_ENCHANTMENTS","ActionFXPrefab":"VFX_Action_Enchant_Disable","ActionFXSpawnPoint":"Enchant","StatusDisableEvent":"ENABLE_ENCHANTMENTS"},
	{"ID":"BLOCK_ENCHANTMENTS","ActionFXPrefab":"VFX_Action_Enchant_Block","ActionFXSpawnPoint":"Enchant","StatusDisableEvent":"UNBLOCK_ENCHANTMENTS"},
	{"ID":"CREATURE_PARALYZED","ActionFXPrefab":"VFX_Action_Paralyze","ActionFXSpawnPoint":"Creature","StatusDisableEvent":"CREATURE_UNPARALYZED","FreezeModel":"True"},
	{"ID":"REMOVE_BUFF","ActionFXPrefab":"VFX_Action_Debuff","ActionFXSpawnPoint":"Creature"},
	{"ID":"REMOVE_DEBUFF","ActionFXPrefab":"VFX_Action_Debuff","ActionFXSpawnPoint":"Creature"},
	{"ID":"NEW  STATUS EFFECTS"},
	{"ID":"Positive"},
	{"ID":"ENABLE_ENHANCESTR","ActionFXSpawnPoint":"Creature","ActionFXWaitTime":"0.5","CanGroup":"True","GroupedWaitTime":"0.1","ValueDisplay":"True","DisplayTextColor":"Green"},
	{"ID":"ENABLE_ENHANCEINT","ActionFXPrefab":"VFX_Action_EnhanceINT","ActionFXSpawnPoint":"Creature","ActionFXWaitTime":"0.5","CanGroup":"True","GroupedWaitTime":"0.1","ValueDisplay":"True","DisplayTextColor":"Green"},
	{"ID":"ENABLE_FORTIFYDEF","ActionFXPrefab":"VFX_Action_FortifyDEF","ActionFXSpawnPoint":"Creature","ActionFXWaitTime":"0.5","CanGroup":"True","GroupedWaitTime":"0.1","ValueDisplay":"True","DisplayTextColor":"Green"},
	{"ID":"ENABLE_FORTIFYRES","ActionFXPrefab":"VFX_Action_FortifyRES","ActionFXSpawnPoint":"Creature","ActionFXWaitTime":"0.5","CanGroup":"True","GroupedWaitTime":"0.1","ValueDisplay":"True","DisplayTextColor":"Green"},
	{"ID":"ENABLE_PINPOINT","ActionFXPrefab":"VFX_Action_PinPoint","ActionFXSpawnPoint":"Creature","ActionFXWaitTime":"0.5","CanGroup":"True","GroupedWaitTime":"0.1","ValueDisplay":"True","DisplayTextColor":"Green"},
	{"ID":"ENABLE_AUTOREVIVE","ActionFXPrefab":"VFX_Action_AutoRevive","ActionFXSpawnPoint":"Creature","ActionFXWaitTime":"0.5","CanGroup":"True","GroupedWaitTime":"0.1","ValueDisplay":"True","DisplayTextColor":"Green"},
	{"ID":"ENABLE_BRILLIANT","ActionFXSpawnPoint":"Creature","ActionFXWaitTime":"0.5","CanGroup":"True","GroupedWaitTime":"0.1","ValueDisplay":"True","DisplayTextColor":"Green"},
	{"ID":"ENABLE_CHILLED","ActionFXPrefab":"VFX_Action_Chilled","ActionFXSpawnPoint":"Creature","ActionFXWaitTime":"0.5","CanGroup":"True","GroupedWaitTime":"0.1","ValueDisplay":"True","DisplayTextColor":"Green"},
	{"ID":"ENABLE_DERANGED","ActionFXPrefab":"VFX_Action_Deranged","ActionFXSpawnPoint":"Creature","ActionFXWaitTime":"0.5","CanGroup":"True","GroupedWaitTime":"0.1","ValueDisplay":"True","DisplayTextColor":"Green"},
	{"ID":"ENABLE_FLAMING","ActionFXPrefab":"VFX_Action_Flaming","ActionFXSpawnPoint":"Creature","ActionFXWaitTime":"0.5","CanGroup":"True","GroupedWaitTime":"0.1","ValueDisplay":"True","DisplayTextColor":"Green"},
	{"ID":"ENABLE_IMMUNITY","ActionFXSpawnPoint":"Creature","CreatureStatusFXPrefab":"VFX_Status_Immunity","ActionFXWaitTime":"0.5","CanGroup":"True","GroupedWaitTime":"0.1","ValueDisplay":"True","DisplayTextColor":"Green"},
	{"ID":"ENABLE_VAMPIRIC","ActionFXPrefab":"VFX_Action_Vampiric","ActionFXSpawnPoint":"Creature","ActionFXWaitTime":"0.5","CanGroup":"True","GroupedWaitTime":"0.1","ValueDisplay":"True","DisplayTextColor":"Green"},
	{"ID":"ENABLE_PARISITIC","ActionFXPrefab":"VFX_Action_Paristic","ActionFXSpawnPoint":"Creature","ActionFXWaitTime":"0.5","CanGroup":"True","GroupedWaitTime":"0.1","ValueDisplay":"True","DisplayTextColor":"Green"},
	{"ID":"ENABLE_DEFIANCE","ActionFXPrefab":"VFX_Action_Defiance","ActionFXSpawnPoint":"Creature","ActionFXWaitTime":"0.5","CanGroup":"True","GroupedWaitTime":"0.1","ValueDisplay":"True","DisplayTextColor":"Green"},
	{"ID":"ENABLE_WISDOM","ActionFXPrefab":"VFX_Action_Wisdom","ActionFXSpawnPoint":"Creature","ActionFXWaitTime":"0.5","CanGroup":"True","GroupedWaitTime":"0.1","ValueDisplay":"True","DisplayTextColor":"Green"},
	{"ID":"ENABLE_REGEN","ActionFXSpawnPoint":"Creature","ActionFXWaitTime":"0.5","CanGroup":"True","GroupedWaitTime":"0.1","ValueDisplay":"True","DisplayTextColor":"Green"},
	{"ID":"ENABLE_SHIELD","ActionFXPrefab":"VFX_Action_Shield","ActionFXSpawnPoint":"Creature","ActionFXWaitTime":"0.5","CanGroup":"True","GroupedWaitTime":"0.1","ValueDisplay":"True","DisplayTextColor":"Green"},
	{"ID":"ENABLE_STEALTH","ActionFXPrefab":"VFX_Action_Stealth","ActionFXSpawnPoint":"Creature","ActionFXWaitTime":"0.5","CanGroup":"True","GroupedWaitTime":"0.1","ValueDisplay":"True","DisplayTextColor":"Green"},
	{"ID":"ENABLE_BRAVERY","ActionFXPrefab":"VFX_Action_Bravery","ActionFXSpawnPoint":"Creature","CreatureStatusFXPrefab":"VFX_Status_Bravery","ActionFXWaitTime":"0.5","CanGroup":"True","GroupedWaitTime":"0.1","ValueDisplay":"True","DisplayTextColor":"Green"},
	{"ID":"ENABLE_THORNS","ActionFXPrefab":"VFX_Action_Thorns","ActionFXSpawnPoint":"Creature","ActionFXWaitTime":"0.5","CanGroup":"True","GroupedWaitTime":"0.1","ValueDisplay":"True","DisplayTextColor":"Green"},
	{"ID":"ENABLE_APSIPHON","ActionFXPrefab":"VFX_Action_ApSiphon","ActionFXSpawnPoint":"Creature","ActionFXWaitTime":"0.5","CanGroup":"True","GroupedWaitTime":"0.1","ValueDisplay":"True","DisplayTextColor":"Green"},
	{"ID":"ENABLE_BURSTSTR","ActionFXPrefab":"VFX_Action_EnhanceSTR","ActionFXSpawnPoint":"Creature","ActionFXWaitTime":"0.5","CanGroup":"True","GroupedWaitTime":"0.1","ValueDisplay":"True","DisplayTextColor":"Green"},
	{"ID":"ENABLE_BURSTINT","ActionFXPrefab":"VFX_Action_EnhanceINT","ActionFXSpawnPoint":"Creature","ActionFXWaitTime":"0.5","CanGroup":"True","GroupedWaitTime":"0.1","ValueDisplay":"True","DisplayTextColor":"Green"},
	{"ID":"ENABLE_ADRENALINE","ActionFXPrefab":"VFX_Action_SpeedUp","ActionFXSpawnPoint":"Creature","ActionFXWaitTime":"0.5","CanGroup":"True","GroupedWaitTime":"0.1","ValueDisplay":"True","DisplayTextColor":"Green"},
	{"ID":"ENABLE_DEALER","ActionFXPrefab":"VFX_Action_Dealer","ActionFXSpawnPoint":"Creature","ActionFXWaitTime":"0.5","CanGroup":"True","GroupedWaitTime":"0.1","ValueDisplay":"True","DisplayTextColor":"Green"},
	{"ID":"ENABLE_MAGICCOUNTER","ActionFXPrefab":"VFX_Action_EnhanceINT","ActionFXSpawnPoint":"Creature","ActionFXWaitTime":"0.5","CanGroup":"True","GroupedWaitTime":"0.1","ValueDisplay":"True","DisplayTextColor":"Green"},
	{"ID":"ENABLE_STRENGTHCOUNTER","ActionFXPrefab":"VFX_Action_STRCounter","ActionFXSpawnPoint":"Creature","ActionFXWaitTime":"0.5","CanGroup":"True","GroupedWaitTime":"0.1","ValueDisplay":"True","DisplayTextColor":"Green"},
	{"ID":"Negative"},
	{"ID":"ENABLE_WEAKENSTR","ActionFXPrefab":"VFX_Action_WeakenSTR","ActionFXSpawnPoint":"Creature","ActionFXWaitTime":"0.5","CanGroup":"True","GroupedWaitTime":"0.1","ValueDisplay":"True","DisplayTextColor":"Red"},
	{"ID":"ENABLE_WEAKENINT","ActionFXPrefab":"VFX_Action_BreakRES","ActionFXSpawnPoint":"Creature","ActionFXWaitTime":"0.5","CanGroup":"True","GroupedWaitTime":"0.1","ValueDisplay":"True","DisplayTextColor":"Red"},
	{"ID":"ENABLE_BREAKDEF","ActionFXPrefab":"VFX_Action_BreakRES","ActionFXSpawnPoint":"Creature","ActionFXWaitTime":"0.5","CanGroup":"True","GroupedWaitTime":"0.1","ValueDisplay":"True","DisplayTextColor":"Red"},
	{"ID":"ENABLE_BREAKRES","ActionFXPrefab":"VFX_Action_BreakRES","ActionFXSpawnPoint":"Creature","ActionFXWaitTime":"0.5","CanGroup":"True","GroupedWaitTime":"0.1","ValueDisplay":"True","DisplayTextColor":"Red"},
	{"ID":"ENABLE_NERVOUS","ActionFXPrefab":"VFX_Action_BreakRES","ActionFXSpawnPoint":"Creature","ActionFXWaitTime":"0.5","CanGroup":"True","GroupedWaitTime":"0.1","ValueDisplay":"True","DisplayTextColor":"Red"},
	{"ID":"ENABLE_BLIND","ActionFXSpawnPoint":"Creature","CreatureStatusFXPrefab":"VFX_Status_Blind","ActionFXWaitTime":"0.5","CanGroup":"True","GroupedWaitTime":"0.1","ValueDisplay":"True","DisplayTextColor":"Red"},
	{"ID":"ENABLE_CARDBLOCK","ActionFXPrefab":"VFX_Action_CardBlock","ActionFXSpawnPoint":"Creature","ActionFXWaitTime":"0.5","CanGroup":"True","GroupedWaitTime":"0.1","ValueDisplay":"True","DisplayTextColor":"Red"},
	{"ID":"ENABLE_BURNED","ActionFXPrefab":"VFX_Action_Burned","ActionFXSpawnPoint":"Creature","ActionFXWaitTime":"0.5","CanGroup":"True","GroupedWaitTime":"0.1","ValueDisplay":"True","DisplayTextColor":"Red"},
	{"ID":"ENABLE_FROSTBURNED","ActionFXPrefab":"VFX_Action_FrostBurned","ActionFXSpawnPoint":"Creature","ActionFXWaitTime":"0.5","CanGroup":"True","GroupedWaitTime":"0.1","ValueDisplay":"True","DisplayTextColor":"Red"},
	{"ID":"ENABLE_FROZEN","ActionFXSpawnPoint":"Creature","CreatureStatusFXPrefab":"VFX_Status_Frozen","ActionFXWaitTime":"0.5","CanGroup":"True","GroupedWaitTime":"0.1","ValueDisplay":"True","DisplayTextColor":"Red"},
	{"ID":"ENABLE_OILED","ActionFXPrefab":"VFX_Action_Oiled","ActionFXSpawnPoint":"Creature","CreatureStatusFXPrefab":"VFX_Status_Oiled","ActionFXWaitTime":"0.5","CanGroup":"True","GroupedWaitTime":"0.1","ValueDisplay":"True","DisplayTextColor":"Red"},
	{"ID":"ENABLE_PARALYZE","ActionFXPrefab":"VFX_Action_Paralyze","ActionFXSpawnPoint":"Creature","CreatureStatusFXPrefab":"VFX_Status_Paralyzed","ActionFXWaitTime":"0.5","CanGroup":"True","GroupedWaitTime":"0.1","ValueDisplay":"True","DisplayTextColor":"Red"},
	{"ID":"ENABLE_POISON","ActionFXPrefab":"VFX_Action_Poison","ActionFXSpawnPoint":"Creature","CreatureStatusFXPrefab":"VFX_Status_Poison","ActionFXWaitTime":"0.5","CanGroup":"True","GroupedWaitTime":"0.1","ValueDisplay":"True","DisplayTextColor":"Red"},
	{"ID":"ENABLE_PLAGUE","ActionFXPrefab":"VFX_Action_Plague","ActionFXSpawnPoint":"Creature","CreatureStatusFXPrefab":"VFX_Status_Plague","ActionFXWaitTime":"0.5","CanGroup":"True","GroupedWaitTime":"0.1","ValueDisplay":"True","DisplayTextColor":"Red"},
	{"ID":"ENABLE_TANGLED","ActionFXPrefab":"VFX_Action_Tangled","ActionFXSpawnPoint":"Creature","ActionFXWaitTime":"0.5","CanGroup":"True","GroupedWaitTime":"0.1","ValueDisplay":"True","DisplayTextColor":"Red"},
	{"ID":"ENABLE_TRANSMOGRIFY","ActionFXPrefab":"VFX_Action_Transmogrify","ActionFXSpawnPoint":"Creature","ActionFXWaitTime":"0.5","CanGroup":"True","GroupedWaitTime":"0.1","ValueDisplay":"True","DisplayTextColor":"Red"},
	{"ID":"ENABLE_FAITHLESS","ActionFXPrefab":"VFX_Action_Faithless","ActionFXSpawnPoint":"Creature","ActionFXWaitTime":"0.5","CanGroup":"True","GroupedWaitTime":"0.1","ValueDisplay":"True","DisplayTextColor":"Red"},
	{"ID":"ENABLE_INSANE","ActionFXPrefab":"VFX_Action_Insane","ActionFXSpawnPoint":"Creature","ActionFXWaitTime":"0.5","CanGroup":"True","GroupedWaitTime":"0.1","ValueDisplay":"True","DisplayTextColor":"Red"},
	{"ID":"ENABLE_APLEAK","ActionFXPrefab":"VFX_Action_ManaLeak","ActionFXSpawnPoint":"Creature","ActionFXWaitTime":"0.5","CanGroup":"True","GroupedWaitTime":"0.1","ValueDisplay":"True","DisplayTextColor":"Red"},
	{"ID":"ENABLE_MARKED","ActionFXPrefab":"VFX_Action_PinPoint","ActionFXSpawnPoint":"Creature","ActionFXWaitTime":"0.5","CanGroup":"True","GroupedWaitTime":"0.1","ValueDisplay":"True","DisplayTextColor":"Red"},
	{"ID":"ENABLE_APPOISON","ActionFXPrefab":"VFX_Action_APPoison","ActionFXSpawnPoint":"Creature","ActionFXWaitTime":"0.5","CanGroup":"True","GroupedWaitTime":"0.1","ValueDisplay":"True","DisplayTextColor":"Red"},
	{"ID":"ENABLE_BERSERK","ActionFXPrefab":"VFX_Action_Berserk","ActionFXSpawnPoint":"Creature","ActionFXWaitTime":"0.5","CanGroup":"True","GroupedWaitTime":"0.1","ValueDisplay":"True","DisplayTextColor":"Red"},
	{"ID":"ENABLE_CONFUSE","ActionFXPrefab":"VFX_Action_APPoison","ActionFXSpawnPoint":"Creature","ActionFXWaitTime":"0.5","CanGroup":"True","GroupedWaitTime":"0.1","ValueDisplay":"True","DisplayTextColor":"Red"},
	{"ID":"ENABLE_CRIPPLE","ActionFXPrefab":"VFX_Action_SpeedDown","ActionFXSpawnPoint":"Creature","ActionFXWaitTime":"0.5","CanGroup":"True","GroupedWaitTime":"0.1","ValueDisplay":"True","DisplayTextColor":"Red"},
	{"ID":"ENABLE_MINDLESS","ActionFXPrefab":"VFX_Action_Mindless","ActionFXSpawnPoint":"Creature","ActionFXWaitTime":"0.5","CanGroup":"True","GroupedWaitTime":"0.1","ValueDisplay":"True","DisplayTextColor":"Red"},
	{"ID":"ENABLE_LANDCORN","ActionFXSpawnPoint":"Creature","CreatureStatusFXPrefab":"VFX_Status_Corn","DetachStatusFXFromCreature":"True","ActionFXWaitTime":"0.5","ValueDisplay":"True","DisplayTextColor":"Red"},
	{"ID":"ENABLE_LANDPLAINS","ActionFXSpawnPoint":"Creature","CreatureStatusFXPrefab":"VFX_Status_Plains","DetachStatusFXFromCreature":"True","ActionFXWaitTime":"0.5","ValueDisplay":"True","DisplayTextColor":"Red"},
	{"ID":"ENABLE_LANDSAND","ActionFXSpawnPoint":"Creature","CreatureStatusFXPrefab":"VFX_Status_Sand","DetachStatusFXFromCreature":"True","ActionFXWaitTime":"0.5","ValueDisplay":"True","DisplayTextColor":"Red"},
	{"ID":"ENABLE_LANDNICE","ActionFXSpawnPoint":"Creature","CreatureStatusFXPrefab":"VFX_Status_Nicelands","DetachStatusFXFromCreature":"True","ActionFXWaitTime":"0.5","ValueDisplay":"True","DisplayTextColor":"Red"},
	{"ID":"ENABLE_LANDSWAMP","ActionFXSpawnPoint":"Creature","CreatureStatusFXPrefab":"VFX_Status_Swamp","DetachStatusFXFromCreature":"True","ActionFXWaitTime":"0.5","ValueDisplay":"True","DisplayTextColor":"Red"},
	{"ID":"ENABLE_REVENGE","ActionFXPrefab":"VFX_Action_Revenge","ActionFXSpawnPoint":"Creature","ActionFXWaitTime":"0.5","CanGroup":"True","GroupedWaitTime":"0.1","ValueDisplay":"True","DisplayTextColor":"Red"},
	{"ID":"STATUS_ACTION_BURNED","ActionFXPrefab":"VFX_Action_Burn","ActionFXSpawnPoint":"Creature"},
	{"ID":"STATUS_ACTION_POISON","ActionFXPrefab":"VFX_Action_Poison","ActionFXSpawnPoint":"Creature"},
	{"ID":"STATUS_ACTION_PLAGUE","ActionFXPrefab":"VFX_Action_Plague","ActionFXSpawnPoint":"Creature"},
	{"ID":"STATUS_ACTION_SANDLAND","ActionFXPrefab":"VFX_Action_SandLand","ActionFXSpawnPoint":"BoardSide","ActionFXWaitTime":"0.5","CanGroup":"True","GroupedWaitTime":"0.5"},
	{"ID":"STATUS_ACTION_VAMPIRIC","ActionFXPrefab":"VFX_Action_Vampiric_Trigger","ActionFXSpawnPoint":"Creature2","ParticleAttractorPoint":"Creature","ActionFXWaitTime":"0.5","CanGroup":"True","GroupedWaitTime":"0.1"},
	{"ID":"STATUS_ACTION_APSIPHON","ActionFXPrefab":"VFX_Action_ApSiphon_Trigger","ActionFXSpawnPoint":"EnemyPortrait","ParticleAttractorPoint":"MyPortrait","ActionFXWaitTime":"0.5","CanGroup":"True","GroupedWaitTime":"0.1"},
	{"ID":"ENABLE_DIRECTDAMAGEIMMUNE"},
	{"ID":"ENABLE_POISONIMMUNE"}
]
