[
	{"ID":"DieBat_Base_Red","SoftLaunch":"YES","Name":"Gem of Team Strength","XPTable":"Gem1","minFeedXP":"1","maxFeedXP":"1","UITexture":"UI_Icon_Gem_Red_2"},
	{"ID":"DieBat_Base_Blue","SoftLaunch":"YES","Name":"Gem of Team Intelligence","XPTable":"Gem1","minFeedXP":"1","maxFeedXP":"1","UITexture":"UI_Icon_Gem_Blue_2"},
	{"ID":"DieBat_Base_Green","SoftLaunch":"YES","Name":"Gem of Team Dexterity","XPTable":"Gem10","minFeedXP":"1","maxFeedXP":"1","UITexture":"UI_Icon_Gem_Green_2"},
	{"ID":"DieBat_Base_Light","SoftLaunch":"YES","Name":"Gem of Team Defense","XPTable":"Gem2","minFeedXP":"1","maxFeedXP":"1","UITexture":"UI_Icon_Gem_Light_2"},
	{"ID":"DieBat_Base_Dark","SoftLaunch":"YES","Name":"Gem of Team Resistance","XPTable":"Gem2","minFeedXP":"1","maxFeedXP":"1","UITexture":"UI_Icon_Gem_Dark_2"},
	{"ID":"DieBat_Evo_01_Red","SoftLaunch":"YES","Name":"Gem of Team Strength","XPTable":"Gem1","minFeedXP":"1","maxFeedXP":"1","UITexture":"UI_Icon_Gem_Red_2"},
	{"ID":"DieBat_Evo_01_Blue","SoftLaunch":"YES","Name":"Gem of Team Intelligence","XPTable":"Gem1","minFeedXP":"1","maxFeedXP":"1","UITexture":"UI_Icon_Gem_Blue_2"},
	{"ID":"DieBat_Evo_01_Green","SoftLaunch":"YES","Name":"Gem of Team Dexterity","XPTable":"Gem10","minFeedXP":"1","maxFeedXP":"1","UITexture":"UI_Icon_Gem_Green_2"},
	{"ID":"DieBat_Evo_01_Light","SoftLaunch":"YES","Name":"Gem of Team Defense","XPTable":"Gem2","minFeedXP":"1","maxFeedXP":"1","UITexture":"UI_Icon_Gem_Light_2"},
	{"ID":"DieBat_Evo_01_Dark","SoftLaunch":"YES","Name":"Gem of Team Resistance","XPTable":"Gem2","minFeedXP":"1","maxFeedXP":"1","UITexture":"UI_Icon_Gem_Dark_2"},
	{"ID":"Besnaker_Base_Red","SoftLaunch":"YES","Name":"Gem of Team Strength","XPTable":"Gem1","minFeedXP":"1","maxFeedXP":"1","UITexture":"UI_Icon_Gem_Red_3"},
	{"ID":"Besnaker_Base_Blue","SoftLaunch":"YES","Name":"Gem of Team Intelligence","XPTable":"Gem1","minFeedXP":"1","maxFeedXP":"1","UITexture":"UI_Icon_Gem_Blue_3"},
	{"ID":"Besnaker_Base_Green","SoftLaunch":"YES","Name":"Gem of Team Dexterity","XPTable":"Gem10","minFeedXP":"1","maxFeedXP":"1","UITexture":"UI_Icon_Gem_Green_3"},
	{"ID":"Besnaker_Base_Light","SoftLaunch":"YES","Name":"Gem of Team Defense","XPTable":"Gem2","minFeedXP":"1","maxFeedXP":"1","UITexture":"UI_Icon_Gem_Light_3"},
	{"ID":"Besnaker_Base_Dark","SoftLaunch":"YES","Name":"Gem of Team Resistance","XPTable":"Gem2","minFeedXP":"1","maxFeedXP":"1","UITexture":"UI_Icon_Gem_Dark_3"},
	{"ID":"Besnaker_Evo_01_Red","SoftLaunch":"YES","Name":"Gem of Team Strength","XPTable":"Gem1","minFeedXP":"1","maxFeedXP":"1","UITexture":"UI_Icon_Gem_Red_3"},
	{"ID":"Besnaker_Evo_01_Blue","SoftLaunch":"YES","Name":"Gem of Team Intelligence","XPTable":"Gem1","minFeedXP":"1","maxFeedXP":"1","UITexture":"UI_Icon_Gem_Blue_3"},
	{"ID":"Besnaker_Evo_01_Green","SoftLaunch":"YES","Name":"Gem of Team Dexterity","XPTable":"Gem10","minFeedXP":"1","maxFeedXP":"1","UITexture":"UI_Icon_Gem_Green_3"},
	{"ID":"Besnaker_Evo_01_Light","SoftLaunch":"YES","Name":"Gem of Team Defense","XPTable":"Gem2","minFeedXP":"1","maxFeedXP":"1","UITexture":"UI_Icon_Gem_Light_3"},
	{"ID":"Besnaker_Evo_01_Dark","SoftLaunch":"YES","Name":"Gem of Team Resistance","XPTable":"Gem2","minFeedXP":"1","maxFeedXP":"1","UITexture":"UI_Icon_Gem_Dark_3"},
	{"ID":"DieClops_Base_Red","SoftLaunch":"YES","Name":"Gem of Team Strength","XPTable":"Gem1","minFeedXP":"1","maxFeedXP":"1","UITexture":"UI_Icon_Gem_Red_1"},
	{"ID":"DieClops_Base_Blue","SoftLaunch":"YES","Name":"Gem of Team Intelligence","XPTable":"Gem1","minFeedXP":"1","maxFeedXP":"1","UITexture":"UI_Icon_Gem_Blue_1"},
	{"ID":"DieClops_Base_Green","SoftLaunch":"YES","Name":"Gem of Team Dexterity","XPTable":"Gem10","minFeedXP":"1","maxFeedXP":"1","UITexture":"UI_Icon_Gem_Green_1"},
	{"ID":"DieClops_Base_Light","SoftLaunch":"YES","Name":"Gem of Team Defense","XPTable":"Gem2","minFeedXP":"1","maxFeedXP":"1","UITexture":"UI_Icon_Gem_Light_1"},
	{"ID":"DieClops_Base_Dark","SoftLaunch":"YES","Name":"Gem of Team Resistance","XPTable":"Gem2","minFeedXP":"1","maxFeedXP":"1","UITexture":"UI_Icon_Gem_Dark_1"},
	{"ID":"DieClops_Evo_01_Red","SoftLaunch":"YES","Name":"Gem of Team Strength","XPTable":"Gem1","minFeedXP":"1","maxFeedXP":"1","UITexture":"UI_Icon_Gem_Red_1"},
	{"ID":"DieClops_Evo_01_Blue","SoftLaunch":"YES","Name":"Gem of Team Intelligence","XPTable":"Gem1","minFeedXP":"1","maxFeedXP":"1","UITexture":"UI_Icon_Gem_Blue_1"},
	{"ID":"DieClops_Evo_01_Green","SoftLaunch":"YES","Name":"Gem of Team Dexterity","XPTable":"Gem10","minFeedXP":"1","maxFeedXP":"1","UITexture":"UI_Icon_Gem_Green_1"},
	{"ID":"DieClops_Evo_01_Light","SoftLaunch":"YES","Name":"Gem of Team Defense","XPTable":"Gem2","minFeedXP":"1","maxFeedXP":"1","UITexture":"UI_Icon_Gem_Light_1"},
	{"ID":"DieClops_Evo_01_Dark","SoftLaunch":"YES","Name":"Gem of Team Resistance","XPTable":"Gem2","minFeedXP":"1","maxFeedXP":"1","UITexture":"UI_Icon_Gem_Dark_1"},
	{"ID":"Elemental_Base_Red","SoftLaunch":"YES","Name":"Gem of Team Strength","XPTable":"Gem1","minFeedXP":"1","maxFeedXP":"1","UITexture":"UI_Icon_Gem_Red_4"},
	{"ID":"Elemental_Base_Blue","SoftLaunch":"YES","Name":"Gem of Team Intelligence","XPTable":"Gem1","minFeedXP":"1","maxFeedXP":"1","UITexture":"UI_Icon_Gem_Blue_4"},
	{"ID":"Elemental_Base_Green","SoftLaunch":"YES","Name":"Gem of Team Dexterity","XPTable":"Gem10","minFeedXP":"1","maxFeedXP":"1","UITexture":"UI_Icon_Gem_Green_4"},
	{"ID":"Elemental_Base_Light","SoftLaunch":"YES","Name":"Gem of Team Defense","XPTable":"Gem2","minFeedXP":"1","maxFeedXP":"1","UITexture":"UI_Icon_Gem_Light_4"},
	{"ID":"Elemental_Base_Dark","SoftLaunch":"YES","Name":"Gem of Team Resistance","XPTable":"Gem2","minFeedXP":"1","maxFeedXP":"1","UITexture":"UI_Icon_Gem_Dark_4"},
	{"ID":"Elemental_Evo_01_Red","SoftLaunch":"YES","Name":"Gem of Team Strength","XPTable":"Gem1","minFeedXP":"1","maxFeedXP":"1","UITexture":"UI_Icon_Gem_Red_4"},
	{"ID":"Elemental_Evo_01_Blue","SoftLaunch":"YES","Name":"Gem of Team Intelligence","XPTable":"Gem1","minFeedXP":"1","maxFeedXP":"1","UITexture":"UI_Icon_Gem_Blue_4"},
	{"ID":"Elemental_Evo_01_Green","SoftLaunch":"YES","Name":"Gem of Team Dexterity","XPTable":"Gem10","minFeedXP":"1","maxFeedXP":"1","UITexture":"UI_Icon_Gem_Green_4"},
	{"ID":"Elemental_Evo_01_Light","SoftLaunch":"YES","Name":"Gem of Team Defense","XPTable":"Gem2","minFeedXP":"1","maxFeedXP":"1","UITexture":"UI_Icon_Gem_Light_4"},
	{"ID":"Elemental_Evo_01_Dark","SoftLaunch":"YES","Name":"Gem of Team Resistance","XPTable":"Gem2","minFeedXP":"1","maxFeedXP":"1","UITexture":"UI_Icon_Gem_Dark_4"},
	{"ID":"Slime1_Base_Red","SoftLaunch":"YES","Name":"Gem of Final Strength","XPTable":"Gem1","minFeedXP":"1","maxFeedXP":"1","UITexture":"UI_Icon_Gem_Red_1"},
	{"ID":"Slime1_Base_Blue","SoftLaunch":"YES","Name":"Gem of Final Intelligence","XPTable":"Gem1","minFeedXP":"1","maxFeedXP":"1","UITexture":"UI_Icon_Gem_Blue_1"},
	{"ID":"Slime1_Base_Green","SoftLaunch":"YES","Name":"Gem of Final Dexterity","XPTable":"Gem10","minFeedXP":"1","maxFeedXP":"1","UITexture":"UI_Icon_Gem_Green_1"},
	{"ID":"Slime1_Base_Light","SoftLaunch":"YES","Name":"Gem of Final Defense","XPTable":"Gem2","minFeedXP":"1","maxFeedXP":"1","UITexture":"UI_Icon_Gem_Light_1"},
	{"ID":"Slime1_Base_Dark","SoftLaunch":"YES","Name":"Gem of Final Resistance","XPTable":"Gem2","minFeedXP":"1","maxFeedXP":"1","UITexture":"UI_Icon_Gem_Dark_1"},
	{"ID":"Slime2_Base_Red","SoftLaunch":"YES","Name":"Gem of Final Strength","XPTable":"Gem1","minFeedXP":"1","maxFeedXP":"1","UITexture":"UI_Icon_Gem_Red_1"},
	{"ID":"Slime2_Base_Blue","SoftLaunch":"YES","Name":"Gem of Final Intelligence","XPTable":"Gem1","minFeedXP":"1","maxFeedXP":"1","UITexture":"UI_Icon_Gem_Blue_1"},
	{"ID":"Slime2_Base_Green","SoftLaunch":"YES","Name":"Gem of Final Dexterity","XPTable":"Gem10","minFeedXP":"1","maxFeedXP":"1","UITexture":"UI_Icon_Gem_Green_1"},
	{"ID":"Slime2_Base_Light","SoftLaunch":"YES","Name":"Gem of Final Defense","XPTable":"Gem2","minFeedXP":"1","maxFeedXP":"1","UITexture":"UI_Icon_Gem_Light_1"},
	{"ID":"Slime2_Base_Dark","SoftLaunch":"YES","Name":"Gem of Final Resistance","XPTable":"Gem2","minFeedXP":"1","maxFeedXP":"1","UITexture":"UI_Icon_Gem_Dark_1"},
	{"ID":"Mimic_Base_Red","SoftLaunch":"YES","Name":"Gem of Mana Departure","XPTable":"Gem2","minFeedXP":"1","maxFeedXP":"1","UITexture":"UI_Icon_Gem_Dark_3"},
	{"ID":"Mimic_Base_Blue","SoftLaunch":"YES","Name":"Gem of Mana Departure","XPTable":"Gem2","minFeedXP":"1","maxFeedXP":"1","UITexture":"UI_Icon_Gem_Dark_3"},
	{"ID":"Mimic_Base_Green","SoftLaunch":"YES","Name":"Gem of Mana Departure","XPTable":"Gem2","minFeedXP":"1","maxFeedXP":"1","UITexture":"UI_Icon_Gem_Dark_3"},
	{"ID":"Mimic_Base_Light","SoftLaunch":"YES","Name":"Gem of Mana Departure","XPTable":"Gem2","minFeedXP":"1","maxFeedXP":"1","UITexture":"UI_Icon_Gem_Dark_3"},
	{"ID":"Mimic_Base_Dark","SoftLaunch":"YES","Name":"Gem of Mana Departure","XPTable":"Gem2","minFeedXP":"1","maxFeedXP":"1","UITexture":"UI_Icon_Gem_Dark_3"},
	{"ID":"Mimic_Evo_01_Red","SoftLaunch":"YES","Name":"Gem of Mana Departure","XPTable":"Gem2","minFeedXP":"1","maxFeedXP":"1","UITexture":"UI_Icon_Gem_Dark_3"},
	{"ID":"Mimic_Evo_01_Blue","SoftLaunch":"YES","Name":"Gem of Mana Departure","XPTable":"Gem2","minFeedXP":"1","maxFeedXP":"1","UITexture":"UI_Icon_Gem_Dark_3"},
	{"ID":"Mimic_Evo_01_Green","SoftLaunch":"YES","Name":"Gem of Mana Departure","XPTable":"Gem2","minFeedXP":"1","maxFeedXP":"1","UITexture":"UI_Icon_Gem_Dark_3"},
	{"ID":"Mimic_Evo_01_Light","SoftLaunch":"YES","Name":"Gem of Mana Departure","XPTable":"Gem2","minFeedXP":"1","maxFeedXP":"1","UITexture":"UI_Icon_Gem_Dark_3"},
	{"ID":"Mimic_Evo_01_Dark","SoftLaunch":"YES","Name":"Gem of Mana Departure","XPTable":"Gem2","minFeedXP":"1","maxFeedXP":"1","UITexture":"UI_Icon_Gem_Dark_3"},
	{"ID":"Snake_Base_Red","SoftLaunch":"YES","Name":"Gem of Bullying Strength","XPTable":"Gem1","minFeedXP":"1","maxFeedXP":"1","UITexture":"UI_Icon_Gem_Red_1"},
	{"ID":"Snake_Base_Blue","SoftLaunch":"YES","Name":"Gem of Bullying Intelligence","XPTable":"Gem1","minFeedXP":"1","maxFeedXP":"1","UITexture":"UI_Icon_Gem_Blue_1"},
	{"ID":"Snake_Base_Green","SoftLaunch":"YES","Name":"Gem of Bullying Dexterity","XPTable":"Gem10","minFeedXP":"1","maxFeedXP":"1","UITexture":"UI_Icon_Gem_Green_1"},
	{"ID":"Snake_Base_Light","SoftLaunch":"YES","Name":"Gem of Bullying Defense","XPTable":"Gem2","minFeedXP":"1","maxFeedXP":"1","UITexture":"UI_Icon_Gem_Light_1"},
	{"ID":"Snake_Base_Dark","SoftLaunch":"YES","Name":"Gem of Bullying Resistance","XPTable":"Gem2","minFeedXP":"1","maxFeedXP":"1","UITexture":"UI_Icon_Gem_Dark_1"},
	{"ID":"Snake_Evo_01_Red","SoftLaunch":"YES","Name":"Gem of Bullying Strength","XPTable":"Gem1","minFeedXP":"1","maxFeedXP":"1","UITexture":"UI_Icon_Gem_Red_1"},
	{"ID":"Snake_Evo_01_Blue","SoftLaunch":"YES","Name":"Gem of Bullying Intelligence","XPTable":"Gem1","minFeedXP":"1","maxFeedXP":"1","UITexture":"UI_Icon_Gem_Blue_1"},
	{"ID":"Snake_Evo_01_Green","SoftLaunch":"YES","Name":"Gem of Bullying Dexterity","XPTable":"Gem10","minFeedXP":"1","maxFeedXP":"1","UITexture":"UI_Icon_Gem_Green_1"},
	{"ID":"Snake_Evo_01_Light","SoftLaunch":"YES","Name":"Gem of Bullying Defense","XPTable":"Gem2","minFeedXP":"1","maxFeedXP":"1","UITexture":"UI_Icon_Gem_Light_1"},
	{"ID":"Snake_Evo_01_Dark","SoftLaunch":"YES","Name":"Gem of Bullying Resistance","XPTable":"Gem2","minFeedXP":"1","maxFeedXP":"1","UITexture":"UI_Icon_Gem_Dark_1"},
	{"ID":"Pegasus_Base_Red","SoftLaunch":"YES","Name":"Gem of Reinforced Strength","XPTable":"Gem1","minFeedXP":"1","maxFeedXP":"1","UITexture":"UI_Icon_Gem_Red_2"},
	{"ID":"Pegasus_Base_Blue","SoftLaunch":"YES","Name":"Gem of Reinforced Intelligence","XPTable":"Gem1","minFeedXP":"1","maxFeedXP":"1","UITexture":"UI_Icon_Gem_Blue_2"},
	{"ID":"Pegasus_Base_Green","SoftLaunch":"YES","Name":"Gem of Reinforced Dexterity","XPTable":"Gem10","minFeedXP":"1","maxFeedXP":"1","UITexture":"UI_Icon_Gem_Green_2"},
	{"ID":"Pegasus_Base_Light","SoftLaunch":"YES","Name":"Gem of Reinforced Defense","XPTable":"Gem2","minFeedXP":"1","maxFeedXP":"1","UITexture":"UI_Icon_Gem_Light_2"},
	{"ID":"Pegasus_Base_Dark","SoftLaunch":"YES","Name":"Gem of Reinforced Resistance","XPTable":"Gem2","minFeedXP":"1","maxFeedXP":"1","UITexture":"UI_Icon_Gem_Dark_2"},
	{"ID":"Pegasus_Evo_01_Red","SoftLaunch":"YES","Name":"Gem of Reinforced Strength","XPTable":"Gem1","minFeedXP":"1","maxFeedXP":"1","UITexture":"UI_Icon_Gem_Red_2"},
	{"ID":"Pegasus_Evo_01_Blue","SoftLaunch":"YES","Name":"Gem of Reinforced Intelligence","XPTable":"Gem1","minFeedXP":"1","maxFeedXP":"1","UITexture":"UI_Icon_Gem_Blue_2"},
	{"ID":"Pegasus_Evo_01_Green","SoftLaunch":"YES","Name":"Gem of Reinforced Dexterity","XPTable":"Gem10","minFeedXP":"1","maxFeedXP":"1","UITexture":"UI_Icon_Gem_Green_2"},
	{"ID":"Pegasus_Evo_01_Light","SoftLaunch":"YES","Name":"Gem of Reinforced Defense","XPTable":"Gem2","minFeedXP":"1","maxFeedXP":"1","UITexture":"UI_Icon_Gem_Light_2"},
	{"ID":"Pegasus_Evo_01_Dark","SoftLaunch":"YES","Name":"Gem of Reinforced Resistance","XPTable":"Gem2","minFeedXP":"1","maxFeedXP":"1","UITexture":"UI_Icon_Gem_Dark_2"},
	{"ID":"Genie_Base_Red","SoftLaunch":"YES","Name":"Gem of Reinforced Mana","XPTable":"Gem5","minFeedXP":"1","maxFeedXP":"1","UITexture":"UI_Icon_Gem_Dark_3"},
	{"ID":"Genie_Base_Blue","SoftLaunch":"YES","Name":"Gem of Reinforced Mana","XPTable":"Gem5","minFeedXP":"1","maxFeedXP":"1","UITexture":"UI_Icon_Gem_Dark_3"},
	{"ID":"Genie_Base_Green","SoftLaunch":"YES","Name":"Gem of Reinforced Mana","XPTable":"Gem5","minFeedXP":"1","maxFeedXP":"1","UITexture":"UI_Icon_Gem_Dark_3"},
	{"ID":"Genie_Base_Light","SoftLaunch":"YES","Name":"Gem of Reinforced Mana","XPTable":"Gem5","minFeedXP":"1","maxFeedXP":"1","UITexture":"UI_Icon_Gem_Dark_3"},
	{"ID":"Genie_Base_Dark","SoftLaunch":"YES","Name":"Gem of Reinforced Mana","XPTable":"Gem5","minFeedXP":"1","maxFeedXP":"1","UITexture":"UI_Icon_Gem_Dark_3"},
	{"ID":"Genie_Evo_01_Red","SoftLaunch":"YES","Name":"Gem of Reinforced Mana","XPTable":"Gem5","minFeedXP":"1","maxFeedXP":"1","UITexture":"UI_Icon_Gem_Dark_3"},
	{"ID":"Genie_Evo_01_Blue","SoftLaunch":"YES","Name":"Gem of Reinforced Mana","XPTable":"Gem5","minFeedXP":"1","maxFeedXP":"1","UITexture":"UI_Icon_Gem_Dark_3"},
	{"ID":"Genie_Evo_01_Green","SoftLaunch":"YES","Name":"Gem of Reinforced Mana","XPTable":"Gem5","minFeedXP":"1","maxFeedXP":"1","UITexture":"UI_Icon_Gem_Dark_3"},
	{"ID":"Genie_Evo_01_Light","SoftLaunch":"YES","Name":"Gem of Reinforced Mana","XPTable":"Gem5","minFeedXP":"1","maxFeedXP":"1","UITexture":"UI_Icon_Gem_Dark_3"},
	{"ID":"Genie_Evo_01_Dark","SoftLaunch":"YES","Name":"Gem of Reinforced Mana","XPTable":"Gem5","minFeedXP":"1","maxFeedXP":"1","UITexture":"UI_Icon_Gem_Dark_3"},
	{"ID":"PhantomKnight_Base_Red","SoftLaunch":"YES","Name":"Gem of Wasteful Strength","XPTable":"Gem1","minFeedXP":"1","maxFeedXP":"1","UITexture":"UI_Icon_Gem_Red_3"},
	{"ID":"PhantomKnight_Base_Blue","SoftLaunch":"YES","Name":"Gem of Wasteful Intelligence","XPTable":"Gem1","minFeedXP":"1","maxFeedXP":"1","UITexture":"UI_Icon_Gem_Blue_3"},
	{"ID":"PhantomKnight_Base_Green","SoftLaunch":"YES","Name":"Gem of Wasteful Dexterity","XPTable":"Gem10","minFeedXP":"1","maxFeedXP":"1","UITexture":"UI_Icon_Gem_Green_3"},
	{"ID":"PhantomKnight_Base_Light","SoftLaunch":"YES","Name":"Gem of Wasteful Defense","XPTable":"Gem2","minFeedXP":"1","maxFeedXP":"1","UITexture":"UI_Icon_Gem_Light_3"},
	{"ID":"PhantomKnight_Base_Dark","SoftLaunch":"YES","Name":"Gem of Wasteful Resistance","XPTable":"Gem2","minFeedXP":"1","maxFeedXP":"1","UITexture":"UI_Icon_Gem_Dark_3"},
	{"ID":"PhantomKnight_Evo_01_Red","SoftLaunch":"YES","Name":"Gem of Wasteful Strength","XPTable":"Gem1","minFeedXP":"1","maxFeedXP":"1","UITexture":"UI_Icon_Gem_Red_3"},
	{"ID":"PhantomKnight_Evo_01_Blue","SoftLaunch":"YES","Name":"Gem of Wasteful Intelligence","XPTable":"Gem1","minFeedXP":"1","maxFeedXP":"1","UITexture":"UI_Icon_Gem_Blue_3"},
	{"ID":"PhantomKnight_Evo_01_Green","SoftLaunch":"YES","Name":"Gem of Wasteful Dexterity","XPTable":"Gem10","minFeedXP":"1","maxFeedXP":"1","UITexture":"UI_Icon_Gem_Green_3"},
	{"ID":"PhantomKnight_Evo_01_Light","SoftLaunch":"YES","Name":"Gem of Wasteful Defense","XPTable":"Gem2","minFeedXP":"1","maxFeedXP":"1","UITexture":"UI_Icon_Gem_Light_3"},
	{"ID":"PhantomKnight_Evo_01_Dark","SoftLaunch":"YES","Name":"Gem of Wasteful Resistance","XPTable":"Gem2","minFeedXP":"1","maxFeedXP":"1","UITexture":"UI_Icon_Gem_Dark_3"},
	{"ID":"Porc_Base_Red","SoftLaunch":"YES","Name":"Gem of Critical Strength","XPTable":"Gem3","minFeedXP":"1","maxFeedXP":"1","UITexture":"UI_Icon_Gem_Red_2"},
	{"ID":"Porc_Base_Blue","SoftLaunch":"YES","Name":"Gem of Critical Intelligence","XPTable":"Gem3","minFeedXP":"1","maxFeedXP":"1","UITexture":"UI_Icon_Gem_Blue_2"},
	{"ID":"Porc_Base_Green","SoftLaunch":"YES","Name":"Gem of Critical Dexterity","XPTable":"Gem10","minFeedXP":"1","maxFeedXP":"1","UITexture":"UI_Icon_Gem_Green_2"},
	{"ID":"Porc_Base_Light","SoftLaunch":"YES","Name":"Gem of Critical Defense","XPTable":"Gem6","minFeedXP":"1","maxFeedXP":"1","UITexture":"UI_Icon_Gem_Light_2"},
	{"ID":"Porc_Base_Dark","SoftLaunch":"YES","Name":"Gem of Critical Resistance","XPTable":"Gem6","minFeedXP":"1","maxFeedXP":"1","UITexture":"UI_Icon_Gem_Dark_2"},
	{"ID":"Porc_Evo_01_Red","SoftLaunch":"YES","Name":"Gem of Critical Strength","XPTable":"Gem3","minFeedXP":"1","maxFeedXP":"1","UITexture":"UI_Icon_Gem_Red_2"},
	{"ID":"Porc_Evo_01_Blue","SoftLaunch":"YES","Name":"Gem of Critical Intelligence","XPTable":"Gem3","minFeedXP":"1","maxFeedXP":"1","UITexture":"UI_Icon_Gem_Blue_2"},
	{"ID":"Porc_Evo_01_Green","SoftLaunch":"YES","Name":"Gem of Critical Dexterity","XPTable":"Gem15","minFeedXP":"1","maxFeedXP":"1","UITexture":"UI_Icon_Gem_Green_2"},
	{"ID":"Porc_Evo_01_Light","SoftLaunch":"YES","Name":"Gem of Critical Defense","XPTable":"Gem6","minFeedXP":"1","maxFeedXP":"1","UITexture":"UI_Icon_Gem_Light_2"},
	{"ID":"Porc_Evo_01_Dark","SoftLaunch":"YES","Name":"Gem of Critical Resistance","XPTable":"Gem6","minFeedXP":"1","maxFeedXP":"1","UITexture":"UI_Icon_Gem_Dark_2"},
	{"ID":"SkeletalWarrior_Base_Red","SoftLaunch":"YES","Name":"Gem of Sickly Strength","XPTable":"Gem3","minFeedXP":"1","maxFeedXP":"1","UITexture":"UI_Icon_Gem_Red_2"},
	{"ID":"SkeletalWarrior_Base_Blue","SoftLaunch":"YES","Name":"Gem of Sickly Intelligence","XPTable":"Gem3","minFeedXP":"1","maxFeedXP":"1","UITexture":"UI_Icon_Gem_Blue_2"},
	{"ID":"SkeletalWarrior_Base_Green","SoftLaunch":"YES","Name":"Gem of Sickly Dexterity","XPTable":"Gem15","minFeedXP":"1","maxFeedXP":"1","UITexture":"UI_Icon_Gem_Green_2"},
	{"ID":"SkeletalWarrior_Base_Light","SoftLaunch":"YES","Name":"Gem of Sickly Defense","XPTable":"Gem6","minFeedXP":"1","maxFeedXP":"1","UITexture":"UI_Icon_Gem_Light_2"},
	{"ID":"SkeletalWarrior_Base_Dark","SoftLaunch":"YES","Name":"Gem of Sickly Resistance","XPTable":"Gem6","minFeedXP":"1","maxFeedXP":"1","UITexture":"UI_Icon_Gem_Dark_2"},
	{"ID":"SkeletalWarrior_Evo_01_Red","SoftLaunch":"YES","Name":"Gem of Sickly Strength","XPTable":"Gem3","minFeedXP":"1","maxFeedXP":"1","UITexture":"UI_Icon_Gem_Red_2"},
	{"ID":"SkeletalWarrior_Evo_01_Blue","SoftLaunch":"YES","Name":"Gem of Sickly Intelligence","XPTable":"Gem3","minFeedXP":"1","maxFeedXP":"1","UITexture":"UI_Icon_Gem_Blue_2"},
	{"ID":"SkeletalWarrior_Evo_01_Green","SoftLaunch":"YES","Name":"Gem of Sickly Dexterity","XPTable":"Gem15","minFeedXP":"1","maxFeedXP":"1","UITexture":"UI_Icon_Gem_Green_2"},
	{"ID":"SkeletalWarrior_Evo_01_Light","SoftLaunch":"YES","Name":"Gem of Sickly Defense","XPTable":"Gem6","minFeedXP":"1","maxFeedXP":"1","UITexture":"UI_Icon_Gem_Light_2"},
	{"ID":"SkeletalWarrior_Evo_01_Dark","SoftLaunch":"YES","Name":"Gem of Sickly Resistance","XPTable":"Gem6","minFeedXP":"1","maxFeedXP":"1","UITexture":"UI_Icon_Gem_Dark_2"},
	{"ID":"GiantBat_Base_Red","SoftLaunch":"YES","Name":"Gem of Healthy Strength","XPTable":"Gem3","minFeedXP":"1","maxFeedXP":"1","UITexture":"UI_Icon_Gem_Red_1"},
	{"ID":"GiantBat_Base_Blue","SoftLaunch":"YES","Name":"Gem of Healthy Intelligence","XPTable":"Gem3","minFeedXP":"1","maxFeedXP":"1","UITexture":"UI_Icon_Gem_Blue_1"},
	{"ID":"GiantBat_Base_Green","SoftLaunch":"YES","Name":"Gem of Healthy Dexterity","XPTable":"Gem15","minFeedXP":"1","maxFeedXP":"1","UITexture":"UI_Icon_Gem_Green_1"},
	{"ID":"GiantBat_Base_Light","SoftLaunch":"YES","Name":"Gem of Healthy Defense","XPTable":"Gem6","minFeedXP":"1","maxFeedXP":"1","UITexture":"UI_Icon_Gem_Light_1"},
	{"ID":"GiantBat_Base_Dark","SoftLaunch":"YES","Name":"Gem of Healthy Resistance","XPTable":"Gem6","minFeedXP":"1","maxFeedXP":"1","UITexture":"UI_Icon_Gem_Dark_1"},
	{"ID":"GiantBat_Evo_01_Red","SoftLaunch":"YES","Name":"Gem of Healthy Strength","XPTable":"Gem3","minFeedXP":"1","maxFeedXP":"1","UITexture":"UI_Icon_Gem_Red_1"},
	{"ID":"GiantBat_Evo_01_Blue","SoftLaunch":"YES","Name":"Gem of Healthy Intelligence","XPTable":"Gem3","minFeedXP":"1","maxFeedXP":"1","UITexture":"UI_Icon_Gem_Blue_1"},
	{"ID":"GiantBat_Evo_01_Green","SoftLaunch":"YES","Name":"Gem of Healthy Dexterity","XPTable":"Gem15","minFeedXP":"1","maxFeedXP":"1","UITexture":"UI_Icon_Gem_Green_1"},
	{"ID":"GiantBat_Evo_01_Light","SoftLaunch":"YES","Name":"Gem of Healthy Defense","XPTable":"Gem6","minFeedXP":"1","maxFeedXP":"1","UITexture":"UI_Icon_Gem_Light_1"},
	{"ID":"GiantBat_Evo_01_Dark","SoftLaunch":"YES","Name":"Gem of Healthy Resistance","XPTable":"Gem6","minFeedXP":"1","maxFeedXP":"1","UITexture":"UI_Icon_Gem_Dark_1"},
	{"ID":"Golem_Base_Red","XPTable":"Gem1","minFeedXP":"1","maxFeedXP":"1","UITexture":"UI_Icon_Gem_Red_4"},
	{"ID":"Golem_Base_Blue","XPTable":"Gem1","minFeedXP":"1","maxFeedXP":"1","UITexture":"UI_Icon_Gem_Blue_4"},
	{"ID":"Golem_Base_Green","XPTable":"Gem1","minFeedXP":"1","maxFeedXP":"1","UITexture":"UI_Icon_Gem_Green_4"},
	{"ID":"Golem_Base_Light","XPTable":"Gem1","minFeedXP":"1","maxFeedXP":"1","UITexture":"UI_Icon_Gem_Light_4"},
	{"ID":"Golem_Base_Dark","XPTable":"Gem1","minFeedXP":"1","maxFeedXP":"1","UITexture":"UI_Icon_Gem_Dark_4"},
	{"ID":"Golem_Evo_01_Red","XPTable":"Gem1","minFeedXP":"1","maxFeedXP":"1","UITexture":"UI_Icon_Gem_Red_4"},
	{"ID":"Golem_Evo_01_Blue","XPTable":"Gem1","minFeedXP":"1","maxFeedXP":"1","UITexture":"UI_Icon_Gem_Blue_4"},
	{"ID":"Golem_Evo_01_Green","XPTable":"Gem1","minFeedXP":"1","maxFeedXP":"1","UITexture":"UI_Icon_Gem_Green_4"},
	{"ID":"Golem_Evo_01_Light","XPTable":"Gem1","minFeedXP":"1","maxFeedXP":"1","UITexture":"UI_Icon_Gem_Light_4"},
	{"ID":"Golem_Evo_01_Dark","XPTable":"Gem1","minFeedXP":"1","maxFeedXP":"1","UITexture":"UI_Icon_Gem_Dark_4"},
	{"ID":"CardKnight_Base_Red","XPTable":"Gem1","minFeedXP":"1","maxFeedXP":"1","UITexture":"UI_Icon_Gem_Red_5"},
	{"ID":"CardKnight_Base_Blue","XPTable":"Gem1","minFeedXP":"1","maxFeedXP":"1","UITexture":"UI_Icon_Gem_Blue_5"},
	{"ID":"CardKnight_Base_Green","XPTable":"Gem1","minFeedXP":"1","maxFeedXP":"1","UITexture":"UI_Icon_Gem_Green_5"},
	{"ID":"CardKnight_Base_Light","XPTable":"Gem1","minFeedXP":"1","maxFeedXP":"1","UITexture":"UI_Icon_Gem_Light_5"},
	{"ID":"CardKnight_Base_Dark","XPTable":"Gem1","minFeedXP":"1","maxFeedXP":"1","UITexture":"UI_Icon_Gem_Dark_5"},
	{"ID":"CardKnight_Evo_01_Red","XPTable":"Gem1","minFeedXP":"1","maxFeedXP":"1","UITexture":"UI_Icon_Gem_Red_5"},
	{"ID":"CardKnight_Evo_01_Blue","XPTable":"Gem1","minFeedXP":"1","maxFeedXP":"1","UITexture":"UI_Icon_Gem_Blue_5"},
	{"ID":"CardKnight_Evo_01_Green","XPTable":"Gem1","minFeedXP":"1","maxFeedXP":"1","UITexture":"UI_Icon_Gem_Green_5"},
	{"ID":"CardKnight_Evo_01_Light","XPTable":"Gem1","minFeedXP":"1","maxFeedXP":"1","UITexture":"UI_Icon_Gem_Light_5"},
	{"ID":"CardKnight_Evo_01_Dark","XPTable":"Gem1","minFeedXP":"1","maxFeedXP":"1","UITexture":"UI_Icon_Gem_Dark_5"},
	{"ID":"WillOWisp_Base_Red","XPTable":"Gem1","minFeedXP":"1","maxFeedXP":"1","UITexture":"UI_Icon_Gem_Red_5"},
	{"ID":"WillOWisp_Base_Blue","XPTable":"Gem1","minFeedXP":"1","maxFeedXP":"1","UITexture":"UI_Icon_Gem_Blue_5"},
	{"ID":"WillOWisp_Base_Green","XPTable":"Gem1","minFeedXP":"1","maxFeedXP":"1","UITexture":"UI_Icon_Gem_Green_5"},
	{"ID":"WillOWisp_Base_Light","XPTable":"Gem1","minFeedXP":"1","maxFeedXP":"1","UITexture":"UI_Icon_Gem_Light_5"},
	{"ID":"WillOWisp_Base_Dark","XPTable":"Gem1","minFeedXP":"1","maxFeedXP":"1","UITexture":"UI_Icon_Gem_Dark_5"},
	{"ID":"WillOWisp_Evo_01_Red","XPTable":"Gem1","minFeedXP":"1","maxFeedXP":"1","UITexture":"UI_Icon_Gem_Red_5"},
	{"ID":"WillOWisp_Evo_01_Blue","XPTable":"Gem1","minFeedXP":"1","maxFeedXP":"1","UITexture":"UI_Icon_Gem_Blue_5"},
	{"ID":"WillOWisp_Evo_01_Green","XPTable":"Gem1","minFeedXP":"1","maxFeedXP":"1","UITexture":"UI_Icon_Gem_Green_5"},
	{"ID":"WillOWisp_Evo_01_Light","XPTable":"Gem1","minFeedXP":"1","maxFeedXP":"1","UITexture":"UI_Icon_Gem_Light_5"},
	{"ID":"WillOWisp_Evo_01_Dark","XPTable":"Gem1","minFeedXP":"1","maxFeedXP":"1","UITexture":"UI_Icon_Gem_Dark_5"},
	{"ID":"BabyDragon_Base_Red","XPTable":"Gem1","minFeedXP":"1","maxFeedXP":"1","UITexture":"UI_Icon_Gem_Red_5"},
	{"ID":"BabyDragon_Base_Blue","XPTable":"Gem1","minFeedXP":"1","maxFeedXP":"1","UITexture":"UI_Icon_Gem_Blue_5"},
	{"ID":"BabyDragon_Base_Green","XPTable":"Gem1","minFeedXP":"1","maxFeedXP":"1","UITexture":"UI_Icon_Gem_Green_5"},
	{"ID":"BabyDragon_Base_Light","XPTable":"Gem1","minFeedXP":"1","maxFeedXP":"1","UITexture":"UI_Icon_Gem_Light_5"},
	{"ID":"BabyDragon_Base_Dark","XPTable":"Gem1","minFeedXP":"1","maxFeedXP":"1","UITexture":"UI_Icon_Gem_Dark_5"},
	{"ID":"BabyDragon_Evo_01_Red","XPTable":"Gem1","minFeedXP":"1","maxFeedXP":"1","UITexture":"UI_Icon_Gem_Red_5"},
	{"ID":"BabyDragon_Evo_01_Blue","XPTable":"Gem1","minFeedXP":"1","maxFeedXP":"1","UITexture":"UI_Icon_Gem_Blue_5"},
	{"ID":"BabyDragon_Evo_01_Green","XPTable":"Gem1","minFeedXP":"1","maxFeedXP":"1","UITexture":"UI_Icon_Gem_Green_5"},
	{"ID":"BabyDragon_Evo_01_Light","XPTable":"Gem1","minFeedXP":"1","maxFeedXP":"1","UITexture":"UI_Icon_Gem_Light_5"},
	{"ID":"BabyDragon_Evo_01_Dark","XPTable":"Gem1","minFeedXP":"1","maxFeedXP":"1","UITexture":"UI_Icon_Gem_Dark_5"},
	{"ID":"Ghast_Base_Red","XPTable":"Gem1","minFeedXP":"1","maxFeedXP":"1","UITexture":"UI_Icon_Gem_Red_5"},
	{"ID":"Ghast_Base_Blue","XPTable":"Gem1","minFeedXP":"1","maxFeedXP":"1","UITexture":"UI_Icon_Gem_Blue_5"},
	{"ID":"Ghast_Base_Green","XPTable":"Gem1","minFeedXP":"1","maxFeedXP":"1","UITexture":"UI_Icon_Gem_Green_5"},
	{"ID":"Ghast_Base_Light","XPTable":"Gem1","minFeedXP":"1","maxFeedXP":"1","UITexture":"UI_Icon_Gem_Light_5"},
	{"ID":"Ghast_Base_Dark","XPTable":"Gem1","minFeedXP":"1","maxFeedXP":"1","UITexture":"UI_Icon_Gem_Dark_5"},
	{"ID":"Ghast_Evo_01_Red","XPTable":"Gem1","minFeedXP":"1","maxFeedXP":"1","UITexture":"UI_Icon_Gem_Red_5"},
	{"ID":"Ghast_Evo_01_Blue","XPTable":"Gem1","minFeedXP":"1","maxFeedXP":"1","UITexture":"UI_Icon_Gem_Blue_5"},
	{"ID":"Ghast_Evo_01_Green","XPTable":"Gem1","minFeedXP":"1","maxFeedXP":"1","UITexture":"UI_Icon_Gem_Green_5"},
	{"ID":"Ghast_Evo_01_Light","XPTable":"Gem1","minFeedXP":"1","maxFeedXP":"1","UITexture":"UI_Icon_Gem_Light_5"},
	{"ID":"Ghast_Evo_01_Dark","XPTable":"Gem1","minFeedXP":"1","maxFeedXP":"1","UITexture":"UI_Icon_Gem_Dark_5"},
	{"ID":"GiantBeast_Basilisk","XPTable":"Gem1","minFeedXP":"1","maxFeedXP":"1","UITexture":"UI_Icon_Gem_Red_4"},
	{"ID":"GiantBeast_Yeti","XPTable":"Gem1","minFeedXP":"1","maxFeedXP":"1","UITexture":"UI_Icon_Gem_Blue_4"},
	{"ID":"GiantBeast_BigFoot","XPTable":"Gem1","minFeedXP":"1","maxFeedXP":"1","UITexture":"UI_Icon_Gem_Green_4"},
	{"ID":"GiantBeast_Cyclops","SoftLaunch":"YES","Name":"Gem of Sickly Defense","XPTable":"Gem5","minFeedXP":"1","maxFeedXP":"1","UITexture":"UI_Icon_Gem_Light_4"},
	{"ID":"GiantBeast_Headless","SoftLaunch":"YES","Name":"Gem of Sickly Resistance","XPTable":"Gem5","minFeedXP":"1","maxFeedXP":"1","UITexture":"UI_Icon_Gem_Dark_4"},
	{"ID":"GiantBeast_Basilisk_Evo_01","XPTable":"Gem1","minFeedXP":"1","maxFeedXP":"1","UITexture":"UI_Icon_Gem_Red_4"},
	{"ID":"GiantBeast_Yeti_Evo_01","XPTable":"Gem1","minFeedXP":"1","maxFeedXP":"1","UITexture":"UI_Icon_Gem_Blue_4"},
	{"ID":"GiantBeast_BigFoot_Evo_01","XPTable":"Gem1","minFeedXP":"1","maxFeedXP":"1","UITexture":"UI_Icon_Gem_Green_4"},
	{"ID":"GiantBeast_Cyclops_Evo_01","SoftLaunch":"YES","Name":"Gem of Sickly Defense","XPTable":"Gem5","minFeedXP":"1","maxFeedXP":"1","UITexture":"UI_Icon_Gem_Light_4"},
	{"ID":"GiantBeast_Headless_Evo_01","SoftLaunch":"YES","Name":"Gem of Sickly Resistance","XPTable":"Gem5","minFeedXP":"1","maxFeedXP":"1","UITexture":"UI_Icon_Gem_Dark_4"},
	{"ID":"VerminQueen_Snake","SoftLaunch":"YES","Name":"Gem of Wasteful Strength","XPTable":"Gem1","minFeedXP":"1","maxFeedXP":"1","UITexture":"UI_Icon_Gem_Red_5"},
	{"ID":"VerminQueen_Crab","SoftLaunch":"YES","Name":"Gem of Wasteful Intelligence","XPTable":"Gem1","minFeedXP":"1","maxFeedXP":"1","UITexture":"UI_Icon_Gem_Blue_5"},
	{"ID":"VerminQueen_Spider","SoftLaunch":"YES","Name":"Gem of Wasteful Dexterity","XPTable":"Gem10","minFeedXP":"1","maxFeedXP":"1","UITexture":"UI_Icon_Gem_Green_5"},
	{"ID":"VerminQueen_Bee","SoftLaunch":"YES","Name":"Gem of Wasteful Defense","XPTable":"Gem1","minFeedXP":"1","maxFeedXP":"1","UITexture":"UI_Icon_Gem_Light_5"},
	{"ID":"VerminQueen_Roach","XPTable":"Gem1","minFeedXP":"1","maxFeedXP":"1","UITexture":"UI_Icon_Gem_Dark_5"},
	{"ID":"VerminQueen_Snake_Evo_01","SoftLaunch":"YES","Name":"Gem of Wasteful Strength","XPTable":"Gem1","minFeedXP":"1","maxFeedXP":"1","UITexture":"UI_Icon_Gem_Red_5"},
	{"ID":"VerminQueen_Crab_Evo_01","SoftLaunch":"YES","Name":"Gem of Wasteful Intelligence","XPTable":"Gem1","minFeedXP":"1","maxFeedXP":"1","UITexture":"UI_Icon_Gem_Blue_5"},
	{"ID":"VerminQueen_Spider_Evo_01","SoftLaunch":"YES","Name":"Gem of Wasteful Dexterity","XPTable":"Gem10","minFeedXP":"1","maxFeedXP":"1","UITexture":"UI_Icon_Gem_Green_5"},
	{"ID":"VerminQueen_Bee_Evo_01","SoftLaunch":"YES","Name":"Gem of Wasteful Defense","XPTable":"Gem1","minFeedXP":"1","maxFeedXP":"1","UITexture":"UI_Icon_Gem_Light_5"},
	{"ID":"VerminQueen_Roach_Evo_01","XPTable":"Gem1","minFeedXP":"1","maxFeedXP":"1","UITexture":"UI_Icon_Gem_Dark_5"},
	{"ID":"Human_Knight","XPTable":"Gem1","minFeedXP":"1","maxFeedXP":"1","UITexture":"UI_Icon_Gem_Red_5"},
	{"ID":"Human_Witch","XPTable":"Gem1","minFeedXP":"1","maxFeedXP":"1","UITexture":"UI_Icon_Gem_Blue_5"},
	{"ID":"Human_Rogue","XPTable":"Gem1","minFeedXP":"1","maxFeedXP":"1","UITexture":"UI_Icon_Gem_Green_5"},
	{"ID":"Human_Priest","XPTable":"Gem1","minFeedXP":"1","maxFeedXP":"1","UITexture":"UI_Icon_Gem_Light_5"},
	{"ID":"Human_Necromancer","XPTable":"Gem1","minFeedXP":"1","maxFeedXP":"1","UITexture":"UI_Icon_Gem_Dark_5"},
	{"ID":"Human_Knight_Evo_01","XPTable":"Gem1","minFeedXP":"1","maxFeedXP":"1","UITexture":"UI_Icon_Gem_Red_5"},
	{"ID":"Human_Witch_Evo_01","XPTable":"Gem1","minFeedXP":"1","maxFeedXP":"1","UITexture":"UI_Icon_Gem_Blue_5"},
	{"ID":"Human_Rogue_Evo_01","XPTable":"Gem1","minFeedXP":"1","maxFeedXP":"1","UITexture":"UI_Icon_Gem_Green_5"},
	{"ID":"Human_Priest_Evo_01","XPTable":"Gem1","minFeedXP":"1","maxFeedXP":"1","UITexture":"UI_Icon_Gem_Light_5"},
	{"ID":"Human_Necromancer_Evo_01","XPTable":"Gem1","minFeedXP":"1","maxFeedXP":"1","UITexture":"UI_Icon_Gem_Dark_5"},
	{"ID":"HonorableBeast_Phoenix","XPTable":"Gem1","minFeedXP":"1","maxFeedXP":"1","UITexture":"UI_Icon_Gem_Red_4"},
	{"ID":"HonorableBeast_Hippocamp","XPTable":"Gem1","minFeedXP":"1","maxFeedXP":"1","UITexture":"UI_Icon_Gem_Blue_4"},
	{"ID":"HonorableBeast_Ent","SoftLaunch":"YES","Name":"Gem of Reinforced Dexterity","XPTable":"Gem10","minFeedXP":"1","maxFeedXP":"1","UITexture":"UI_Icon_Gem_Green_4"},
	{"ID":"HonorableBeast_Unicorn","SoftLaunch":"YES","Name":"Gem of Reinforced Defense","XPTable":"Gem4","minFeedXP":"1","maxFeedXP":"1","UITexture":"UI_Icon_Gem_Light_4"},
	{"ID":"HonorableBeast_Manticore","SoftLaunch":"YES","Name":"Gem of Reinforced Resistance","XPTable":"Gem4","minFeedXP":"1","maxFeedXP":"1","UITexture":"UI_Icon_Gem_Dark_4"},
	{"ID":"HonorableBeast_Phoenix_Evo_01","XPTable":"Gem1","minFeedXP":"1","maxFeedXP":"1","UITexture":"UI_Icon_Gem_Red_4"},
	{"ID":"HonorableBeast_Hippocamp_Evo_01","XPTable":"Gem1","minFeedXP":"1","maxFeedXP":"1","UITexture":"UI_Icon_Gem_Blue_4"},
	{"ID":"HonorableBeast_Ent_Evo_01","SoftLaunch":"YES","Name":"Gem of Reinforced Dexterity","XPTable":"Gem10","minFeedXP":"1","maxFeedXP":"1","UITexture":"UI_Icon_Gem_Green_4"},
	{"ID":"HonorableBeast_Unicorn_Evo_01","SoftLaunch":"YES","Name":"Gem of Reinforced Defense","XPTable":"Gem4","minFeedXP":"1","maxFeedXP":"1","UITexture":"UI_Icon_Gem_Light_4"},
	{"ID":"HonorableBeast_Manticore_Evo_01","SoftLaunch":"YES","Name":"Gem of Reinforced Resistance","XPTable":"Gem4","minFeedXP":"1","maxFeedXP":"1","UITexture":"UI_Icon_Gem_Dark_4"},
	{"ID":"EvilBeast_Diablo","SoftLaunch":"YES","Name":"Gem of Lethal Strength","XPTable":"Gem1","minFeedXP":"1","maxFeedXP":"1","UITexture":"UI_Icon_Gem_Red_4"},
	{"ID":"EvilBeast_Kraken","SoftLaunch":"YES","Name":"Gem of Lethal Intelligence","XPTable":"Gem1","minFeedXP":"1","maxFeedXP":"1","UITexture":"UI_Icon_Gem_Blue_4"},
	{"ID":"EvilBeast_Medusa","SoftLaunch":"YES","Name":"Gem of Lethal Dexterity","XPTable":"Gem10","minFeedXP":"1","maxFeedXP":"1","UITexture":"UI_Icon_Gem_Green_4"},
	{"ID":"EvilBeast_Daemon","XPTable":"Gem1","minFeedXP":"1","maxFeedXP":"1","UITexture":"UI_Icon_Gem_Light_4"},
	{"ID":"EvilBeast_Cerberus","XPTable":"Gem1","minFeedXP":"1","maxFeedXP":"1","UITexture":"UI_Icon_Gem_Dark_4"},
	{"ID":"EvilBeast_Diablo_Evo_01","SoftLaunch":"YES","Name":"Gem of Lethal Strength","XPTable":"Gem1","minFeedXP":"1","maxFeedXP":"1","UITexture":"UI_Icon_Gem_Red_4"},
	{"ID":"EvilBeast_Kraken_Evo_01","SoftLaunch":"YES","Name":"Gem of Lethal Intelligence","XPTable":"Gem1","minFeedXP":"1","maxFeedXP":"1","UITexture":"UI_Icon_Gem_Blue_4"},
	{"ID":"EvilBeast_Medusa_Evo_01","SoftLaunch":"YES","Name":"Gem of Lethal Dexterity","XPTable":"Gem10","minFeedXP":"1","maxFeedXP":"1","UITexture":"UI_Icon_Gem_Green_4"},
	{"ID":"EvilBeast_Daemon_Evo_01","XPTable":"Gem1","minFeedXP":"1","maxFeedXP":"1","UITexture":"UI_Icon_Gem_Light_4"},
	{"ID":"EvilBeast_Cerberus_Evo_01","XPTable":"Gem1","minFeedXP":"1","maxFeedXP":"1","UITexture":"UI_Icon_Gem_Dark_4"},
	{"ID":"LegendaryDragon_Red","XPTable":"Gem1","minFeedXP":"1","maxFeedXP":"1","UITexture":"UI_Icon_Gem_Red_5"},
	{"ID":"LegendaryDragon_Blue","XPTable":"Gem1","minFeedXP":"1","maxFeedXP":"1","UITexture":"UI_Icon_Gem_Blue_5"},
	{"ID":"LegendaryDragon_Green","XPTable":"Gem1","minFeedXP":"1","maxFeedXP":"1","UITexture":"UI_Icon_Gem_Green_5"},
	{"ID":"LegendaryDragon_Light","SoftLaunch":"YES","Name":"Gem of Final Defense","XPTable":"Gem1","minFeedXP":"1","maxFeedXP":"1","UITexture":"UI_Icon_Gem_Light_5"},
	{"ID":"LegendaryDragon_Dark","XPTable":"Gem1","minFeedXP":"1","maxFeedXP":"1","UITexture":"UI_Icon_Gem_Dark_5"},
	{"ID":"LegendaryDragon_Red_Evo_01","XPTable":"Gem1","minFeedXP":"1","maxFeedXP":"1","UITexture":"UI_Icon_Gem_Red_5"},
	{"ID":"LegendaryDragon_Blue_Evo_01","XPTable":"Gem1","minFeedXP":"1","maxFeedXP":"1","UITexture":"UI_Icon_Gem_Blue_5"},
	{"ID":"LegendaryDragon_Green_Evo_01","XPTable":"Gem1","minFeedXP":"1","maxFeedXP":"1","UITexture":"UI_Icon_Gem_Green_5"},
	{"ID":"LegendaryDragon_Light_Evo_01","SoftLaunch":"YES","Name":"Gem of Final Defense","XPTable":"Gem1","minFeedXP":"1","maxFeedXP":"1","UITexture":"UI_Icon_Gem_Light_5"},
	{"ID":"LegendaryDragon_Dark_Evo_01","XPTable":"Gem1","minFeedXP":"1","maxFeedXP":"1","UITexture":"UI_Icon_Gem_Dark_5"},
	{"ID":"MythicGirls_Firefly","XPTable":"Gem1","minFeedXP":"1","maxFeedXP":"1","UITexture":"UI_Icon_Gem_Red_4"},
	{"ID":"MythicGirls_Mermaid","SoftLaunch":"YES","Name":"Gem of Aggressive Intelligence","XPTable":"Gem2","minFeedXP":"1","maxFeedXP":"1","UITexture":"UI_Icon_Gem_Blue_4"},
	{"ID":"MythicGirls_Nymph","XPTable":"Gem1","minFeedXP":"1","maxFeedXP":"1","UITexture":"UI_Icon_Gem_Green_4"},
	{"ID":"MythicGirls_Pixie","XPTable":"Gem1","minFeedXP":"1","maxFeedXP":"1","UITexture":"UI_Icon_Gem_Light_4"},
	{"ID":"MythicGirls_Siren","XPTable":"Gem1","minFeedXP":"1","maxFeedXP":"1","UITexture":"UI_Icon_Gem_Dark_4"},
	{"ID":"MythicGirls_Firefly_Evo_01","XPTable":"Gem1","minFeedXP":"1","maxFeedXP":"1","UITexture":"UI_Icon_Gem_Red_4"},
	{"ID":"MythicGirls_Mermaid_Evo_01","SoftLaunch":"YES","Name":"Gem of Aggressive Intelligence","XPTable":"Gem2","minFeedXP":"1","maxFeedXP":"1","UITexture":"UI_Icon_Gem_Blue_4"},
	{"ID":"MythicGirls_Nymph_Evo_01","XPTable":"Gem1","minFeedXP":"1","maxFeedXP":"1","UITexture":"UI_Icon_Gem_Green_4"},
	{"ID":"MythicGirls_Pixie_Evo_01","XPTable":"Gem1","minFeedXP":"1","maxFeedXP":"1","UITexture":"UI_Icon_Gem_Light_4"},
	{"ID":"MythicGirls_Siren_Evo_01","XPTable":"Gem1","minFeedXP":"1","maxFeedXP":"1","UITexture":"UI_Icon_Gem_Dark_4"},
	{"ID":"HumanBeast_TigerWarrior","SoftLaunch":"YES","Name":"Gem of Bullying Strength","XPTable":"Gem1","minFeedXP":"1","maxFeedXP":"1","UITexture":"UI_Icon_Gem_Red_4"},
	{"ID":"HumanBeast_PantherArcher","XPTable":"Gem1","minFeedXP":"1","maxFeedXP":"1","UITexture":"UI_Icon_Gem_Blue_4"},
	{"ID":"HumanBeast_LizardThief","XPTable":"Gem1","minFeedXP":"1","maxFeedXP":"1","UITexture":"UI_Icon_Gem_Green_4"},
	{"ID":"HumanBeast_EagleMage","SoftLaunch":"YES","Name":"Gem of Bullying Defense","XPTable":"Gem3","minFeedXP":"1","maxFeedXP":"1","UITexture":"UI_Icon_Gem_Light_4"},
	{"ID":"HumanBeast_SkullCentaur","SoftLaunch":"YES","Name":"Gem of Bullying Resistance","XPTable":"Gem3","minFeedXP":"1","maxFeedXP":"1","UITexture":"UI_Icon_Gem_Dark_4"},
	{"ID":"HumanBeast_TigerWarrior_Evo_01","SoftLaunch":"YES","Name":"Gem of Bullying Strength","XPTable":"Gem1","minFeedXP":"1","maxFeedXP":"1","UITexture":"UI_Icon_Gem_Red_4"},
	{"ID":"HumanBeast_PantherArcher_Evo_01","XPTable":"Gem1","minFeedXP":"1","maxFeedXP":"1","UITexture":"UI_Icon_Gem_Blue_4"},
	{"ID":"HumanBeast_LizardThief_Evo_01","XPTable":"Gem1","minFeedXP":"1","maxFeedXP":"1","UITexture":"UI_Icon_Gem_Green_4"},
	{"ID":"HumanBeast_EagleMage_Evo_01","SoftLaunch":"YES","Name":"Gem of Bullying Defense","XPTable":"Gem3","minFeedXP":"1","maxFeedXP":"1","UITexture":"UI_Icon_Gem_Light_4"},
	{"ID":"HumanBeast_SkullCentaur_Evo_01","SoftLaunch":"YES","Name":"Gem of Bullying Resistance","XPTable":"Gem3","minFeedXP":"1","maxFeedXP":"1","UITexture":"UI_Icon_Gem_Dark_4"}
]
