[
	{"ID":"DieBat_Base_Red","Description":"When adjacent creatures are both Red Faction, this creature gains +<val2> STR.","ScriptName":"STRBonusOnAdjacentFaction","MaxLevel":"30","MinVal1":"1","MaxVal1":"1","MinVal2":"31","MaxVal2":"60"},
	{"ID":"DieBat_Base_Blue","Description":"When adjacent creatures are both Blue Faction, this creature gains +<val2> INT.","ScriptName":"INTBonusOnAdjacentFaction","MaxLevel":"30","MinVal1":"3","MaxVal1":"3","MinVal2":"31","MaxVal2":"60"},
	{"ID":"DieBat_Base_Green","Description":"When adjacent creatures are both Green Faction, this creature gains+<val2> DEX.","ScriptName":"DEXBonusOnAdjacentFaction","MaxLevel":"5","MinVal1":"2","MaxVal1":"2","MinVal2":"2","MaxVal2":"6"},
	{"ID":"DieBat_Base_Light","Description":"When adjacent creatures are both Light Faction, this creature gains +<val2> DEF.","ScriptName":"DEFBonusOnAdjacentFaction","MaxLevel":"10","MinVal1":"5","MaxVal1":"5","MinVal2":"11","MaxVal2":"20"},
	{"ID":"DieBat_Base_Dark","Description":"When adjacent creatures are both Dark Faction, this creature gains +<val2> RES.","ScriptName":"RESBonusOnAdjacentFaction","MaxLevel":"10","MinVal1":"4","MaxVal1":"4","MinVal2":"11","MaxVal2":"20"},
	{"ID":"DieBat_Evo_01_Red","Description":"When adjacent creatures are both Red Faction, this creature gains +<val2> STR.","ScriptName":"STRBonusOnAdjacentFaction","MaxLevel":"30","MinVal1":"1","MaxVal1":"1","MinVal2":"31","MaxVal2":"60"},
	{"ID":"DieBat_Evo_01_Blue","Description":"When adjacent creatures are both Blue Faction, this creature gains +<val2> INT.","ScriptName":"INTBonusOnAdjacentFaction","MaxLevel":"30","MinVal1":"3","MaxVal1":"3","MinVal2":"31","MaxVal2":"60"},
	{"ID":"DieBat_Evo_01_Green","Description":"When adjacent creatures are both Green Faction, this creature gains+<val2> DEX.","ScriptName":"DEXBonusOnAdjacentFaction","MaxLevel":"5","MinVal1":"2","MaxVal1":"2","MinVal2":"2","MaxVal2":"6"},
	{"ID":"DieBat_Evo_01_Light","Description":"When adjacent creatures are both Light Faction, this creature gains +<val2> DEF.","ScriptName":"DEFBonusOnAdjacentFaction","MaxLevel":"10","MinVal1":"5","MaxVal1":"5","MinVal2":"11","MaxVal2":"20"},
	{"ID":"DieBat_Evo_01_Dark","Description":"When adjacent creatures are both Dark Faction, this creature gains +<val2> RES.","ScriptName":"RESBonusOnAdjacentFaction","MaxLevel":"10","MinVal1":"4","MaxVal1":"4","MinVal2":"11","MaxVal2":"20"},
	{"ID":"Besnaker_Base_Red","Description":"When adjacent creatures are both Red Faction, this creature gains +<val2> STR.","ScriptName":"STRBonusOnAdjacentFaction","MaxLevel":"45","MinVal1":"1","MaxVal1":"1","MinVal2":"46","MaxVal2":"90"},
	{"ID":"Besnaker_Base_Blue","Description":"When adjacent creatures are both Blue Faction, this creature gains +<val2> INT.","ScriptName":"INTBonusOnAdjacentFaction","MaxLevel":"45","MinVal1":"3","MaxVal1":"3","MinVal2":"46","MaxVal2":"90"},
	{"ID":"Besnaker_Base_Green","Description":"When adjacent creatures are both Green Faction, this creature gains+<val2> DEX.","ScriptName":"DEXBonusOnAdjacentFaction","MaxLevel":"5","MinVal1":"2","MaxVal1":"2","MinVal2":"3","MaxVal2":"7"},
	{"ID":"Besnaker_Base_Light","Description":"When adjacent creatures are both Light Faction, this creature gains +<val2> DEF.","ScriptName":"DEFBonusOnAdjacentFaction","MaxLevel":"15","MinVal1":"5","MaxVal1":"5","MinVal2":"16","MaxVal2":"30"},
	{"ID":"Besnaker_Base_Dark","Description":"When adjacent creatures are both Dark Faction, this creature gains +<val2> RES.","ScriptName":"RESBonusOnAdjacentFaction","MaxLevel":"15","MinVal1":"4","MaxVal1":"4","MinVal2":"16","MaxVal2":"30"},
	{"ID":"Besnaker_Evo_01_Red","Description":"When adjacent creatures are both Red Faction, this creature gains +<val2> STR.","ScriptName":"STRBonusOnAdjacentFaction","MaxLevel":"45","MinVal1":"1","MaxVal1":"1","MinVal2":"46","MaxVal2":"90"},
	{"ID":"Besnaker_Evo_01_Blue","Description":"When adjacent creatures are both Blue Faction, this creature gains +<val2> INT.","ScriptName":"INTBonusOnAdjacentFaction","MaxLevel":"45","MinVal1":"3","MaxVal1":"3","MinVal2":"46","MaxVal2":"90"},
	{"ID":"Besnaker_Evo_01_Green","Description":"When adjacent creatures are both Green Faction, this creature gains+<val2> DEX.","ScriptName":"DEXBonusOnAdjacentFaction","MaxLevel":"5","MinVal1":"2","MaxVal1":"2","MinVal2":"3","MaxVal2":"7"},
	{"ID":"Besnaker_Evo_01_Light","Description":"When adjacent creatures are both Light Faction, this creature gains +<val2> DEF.","ScriptName":"DEFBonusOnAdjacentFaction","MaxLevel":"15","MinVal1":"5","MaxVal1":"5","MinVal2":"16","MaxVal2":"30"},
	{"ID":"Besnaker_Evo_01_Dark","Description":"When adjacent creatures are both Dark Faction, this creature gains +<val2> RES.","ScriptName":"RESBonusOnAdjacentFaction","MaxLevel":"15","MinVal1":"4","MaxVal1":"4","MinVal2":"16","MaxVal2":"30"},
	{"ID":"DieClops_Base_Red","Description":"When adjacent creatures are both Red Faction, this creature gains +<val2> STR.","ScriptName":"STRBonusOnAdjacentFaction","MaxLevel":"15","MinVal1":"1","MaxVal1":"1","MinVal2":"16","MaxVal2":"30"},
	{"ID":"DieClops_Base_Blue","Description":"When adjacent creatures are both Blue Faction, this creature gains +<val2> INT.","ScriptName":"INTBonusOnAdjacentFaction","MaxLevel":"15","MinVal1":"3","MaxVal1":"3","MinVal2":"16","MaxVal2":"30"},
	{"ID":"DieClops_Base_Green","Description":"When adjacent creatures are both Green Faction, this creature gains+<val2> DEX.","ScriptName":"DEXBonusOnAdjacentFaction","MaxLevel":"5","MinVal1":"2","MaxVal1":"2","MinVal2":"1","MaxVal2":"5"},
	{"ID":"DieClops_Base_Light","Description":"When adjacent creatures are both Light Faction, this creature gains +<val2> DEF.","ScriptName":"DEFBonusOnAdjacentFaction","MaxLevel":"5","MinVal1":"5","MaxVal1":"5","MinVal2":"6","MaxVal2":"10"},
	{"ID":"DieClops_Base_Dark","Description":"When adjacent creatures are both Dark Faction, this creature gains +<val2> RES.","ScriptName":"RESBonusOnAdjacentFaction","MaxLevel":"5","MinVal1":"4","MaxVal1":"4","MinVal2":"6","MaxVal2":"10"},
	{"ID":"DieClops_Evo_01_Red","Description":"When adjacent creatures are both Red Faction, this creature gains +<val2> STR.","ScriptName":"STRBonusOnAdjacentFaction","MaxLevel":"15","MinVal1":"1","MaxVal1":"1","MinVal2":"16","MaxVal2":"30"},
	{"ID":"DieClops_Evo_01_Blue","Description":"When adjacent creatures are both Blue Faction, this creature gains +<val2> INT.","ScriptName":"INTBonusOnAdjacentFaction","MaxLevel":"15","MinVal1":"3","MaxVal1":"3","MinVal2":"16","MaxVal2":"30"},
	{"ID":"DieClops_Evo_01_Green","Description":"When adjacent creatures are both Green Faction, this creature gains+<val2> DEX.","ScriptName":"DEXBonusOnAdjacentFaction","MaxLevel":"5","MinVal1":"2","MaxVal1":"2","MinVal2":"1","MaxVal2":"5"},
	{"ID":"DieClops_Evo_01_Light","Description":"When adjacent creatures are both Light Faction, this creature gains +<val2> DEF.","ScriptName":"DEFBonusOnAdjacentFaction","MaxLevel":"5","MinVal1":"5","MaxVal1":"5","MinVal2":"6","MaxVal2":"10"},
	{"ID":"DieClops_Evo_01_Dark","Description":"When adjacent creatures are both Dark Faction, this creature gains +<val2> RES.","ScriptName":"RESBonusOnAdjacentFaction","MaxLevel":"5","MinVal1":"4","MaxVal1":"4","MinVal2":"6","MaxVal2":"10"},
	{"ID":"Elemental_Base_Red","Description":"When adjacent creatures are both Red Faction, this creature gains +<val2> STR.","ScriptName":"STRBonusOnAdjacentFaction","MaxLevel":"60","MinVal1":"1","MaxVal1":"1","MinVal2":"61","MaxVal2":"120"},
	{"ID":"Elemental_Base_Blue","Description":"When adjacent creatures are both Blue Faction, this creature gains +<val2> INT.","ScriptName":"INTBonusOnAdjacentFaction","MaxLevel":"60","MinVal1":"3","MaxVal1":"3","MinVal2":"61","MaxVal2":"120"},
	{"ID":"Elemental_Base_Green","Description":"When adjacent creatures are both Green Faction, this creature gains+<val2> DEX.","ScriptName":"DEXBonusOnAdjacentFaction","MaxLevel":"5","MinVal1":"2","MaxVal1":"2","MinVal2":"4","MaxVal2":"8"},
	{"ID":"Elemental_Base_Light","Description":"When adjacent creatures are both Light Faction, this creature gains +<val2> DEF.","ScriptName":"DEFBonusOnAdjacentFaction","MaxLevel":"20","MinVal1":"5","MaxVal1":"5","MinVal2":"21","MaxVal2":"40"},
	{"ID":"Elemental_Base_Dark","Description":"When adjacent creatures are both Dark Faction, this creature gains +<val2> RES.","ScriptName":"RESBonusOnAdjacentFaction","MaxLevel":"20","MinVal1":"4","MaxVal1":"4","MinVal2":"21","MaxVal2":"40"},
	{"ID":"Elemental_Evo_01_Red","Description":"When adjacent creatures are both Red Faction, this creature gains +<val2> STR.","ScriptName":"STRBonusOnAdjacentFaction","MaxLevel":"60","MinVal1":"1","MaxVal1":"1","MinVal2":"61","MaxVal2":"120"},
	{"ID":"Elemental_Evo_01_Blue","Description":"When adjacent creatures are both Blue Faction, this creature gains +<val2> INT.","ScriptName":"INTBonusOnAdjacentFaction","MaxLevel":"60","MinVal1":"3","MaxVal1":"3","MinVal2":"61","MaxVal2":"120"},
	{"ID":"Elemental_Evo_01_Green","Description":"When adjacent creatures are both Green Faction, this creature gains+<val2> DEX.","ScriptName":"DEXBonusOnAdjacentFaction","MaxLevel":"5","MinVal1":"2","MaxVal1":"2","MinVal2":"4","MaxVal2":"8"},
	{"ID":"Elemental_Evo_01_Light","Description":"When adjacent creatures are both Light Faction, this creature gains +<val2> DEF.","ScriptName":"DEFBonusOnAdjacentFaction","MaxLevel":"20","MinVal1":"5","MaxVal1":"5","MinVal2":"21","MaxVal2":"40"},
	{"ID":"Elemental_Evo_01_Dark","Description":"When adjacent creatures are both Dark Faction, this creature gains +<val2> RES.","ScriptName":"RESBonusOnAdjacentFaction","MaxLevel":"20","MinVal1":"4","MaxVal1":"4","MinVal2":"21","MaxVal2":"40"},
	{"ID":"Slime1_Base_Red","Description":"Gain +<val1> STR when this creature is the last on the board.","ScriptName":"STRBonusOnLastManStanding","MaxLevel":"45","MinVal1":"46","MaxVal1":"90"},
	{"ID":"Slime1_Base_Blue","Description":"Gain +<val1> INT when this creature is the last on the board.","ScriptName":"INTBonusOnLastManStanding","MaxLevel":"45","MinVal1":"46","MaxVal1":"90"},
	{"ID":"Slime1_Base_Green","Description":"Gain +<val1> DEX when this creature is the last on the board.","ScriptName":"DEXBonusOnLastManStanding","MaxLevel":"5","MinVal1":"3","MaxVal1":"7"},
	{"ID":"Slime1_Base_Light","Description":"Gain +<val1> DEF when this creature is the last on the board.","ScriptName":"DEFBonusOnLastManStanding","MaxLevel":"15","MinVal1":"16","MaxVal1":"30"},
	{"ID":"Slime1_Base_Dark","Description":"Gain +<val1> RES when this creature is the last on the board.","ScriptName":"DEXBonusOnLastManStanding","MaxLevel":"15","MinVal1":"16","MaxVal1":"30"},
	{"ID":"Slime2_Base_Red","Description":"Gain +<val1> STR when this creature is the last on the board.","ScriptName":"STRBonusOnLastManStanding","MaxLevel":"45","MinVal1":"46","MaxVal1":"90"},
	{"ID":"Slime2_Base_Blue","Description":"Gain +<val1> INT when this creature is the last on the board.","ScriptName":"INTBonusOnLastManStanding","MaxLevel":"45","MinVal1":"46","MaxVal1":"90"},
	{"ID":"Slime2_Base_Green","Description":"Gain +<val1> DEX when this creature is the last on the board.","ScriptName":"DEXBonusOnLastManStanding","MaxLevel":"5","MinVal1":"3","MaxVal1":"7"},
	{"ID":"Slime2_Base_Light","Description":"Gain +<val1> DEF when this creature is the last on the board.","ScriptName":"DEFBonusOnLastManStanding","MaxLevel":"15","MinVal1":"16","MaxVal1":"30"},
	{"ID":"Slime2_Base_Dark","Description":"Gain +<val1> RES when this creature is the last on the board.","ScriptName":"DEXBonusOnLastManStanding","MaxLevel":"15","MinVal1":"16","MaxVal1":"30"},
	{"ID":"Mimic_Base_Red","Description":"When this creature is killed, gain <val1> Mana.","ScriptName":"GainAPOnDeath","MaxLevel":"25","MinVal1":"1","MaxVal1":"25"},
	{"ID":"Mimic_Base_Blue","Description":"When this creature is killed, gain <val1> Mana.","ScriptName":"GainAPOnDeath","MaxLevel":"25","MinVal1":"1","MaxVal1":"25"},
	{"ID":"Mimic_Base_Green","Description":"When this creature is killed, gain <val1> Mana.","ScriptName":"GainAPOnDeath","MaxLevel":"25","MinVal1":"1","MaxVal1":"25"},
	{"ID":"Mimic_Base_Light","Description":"When this creature is killed, gain <val1> Mana.","ScriptName":"GainAPOnDeath","MaxLevel":"25","MinVal1":"1","MaxVal1":"25"},
	{"ID":"Mimic_Base_Dark","Description":"When this creature is killed, gain <val1> Mana.","ScriptName":"GainAPOnDeath","MaxLevel":"25","MinVal1":"1","MaxVal1":"25"},
	{"ID":"Mimic_Evo_01_Red","Description":"When this creature is killed, gain <val1> Mana.","ScriptName":"GainAPOnDeath","MaxLevel":"25","MinVal1":"1","MaxVal1":"25"},
	{"ID":"Mimic_Evo_01_Blue","Description":"When this creature is killed, gain <val1> Mana.","ScriptName":"GainAPOnDeath","MaxLevel":"25","MinVal1":"1","MaxVal1":"25"},
	{"ID":"Mimic_Evo_01_Green","Description":"When this creature is killed, gain <val1> Mana.","ScriptName":"GainAPOnDeath","MaxLevel":"25","MinVal1":"1","MaxVal1":"25"},
	{"ID":"Mimic_Evo_01_Light","Description":"When this creature is killed, gain <val1> Mana.","ScriptName":"GainAPOnDeath","MaxLevel":"25","MinVal1":"1","MaxVal1":"25"},
	{"ID":"Mimic_Evo_01_Dark","Description":"When this creature is killed, gain <val1> Mana.","ScriptName":"GainAPOnDeath","MaxLevel":"25","MinVal1":"1","MaxVal1":"25"},
	{"ID":"Snake_Base_Red","Description":"When facing a single enemy, this creature gains +<val1> STR.","ScriptName":"STRBonusOnLastEnemyStanding","MaxLevel":"45","MinVal1":"46","MaxVal1":"90"},
	{"ID":"Snake_Base_Blue","Description":"When facing a single enemy, this creature gains +<val1> INT.","ScriptName":"INTBonusOnLastEnemyStanding","MaxLevel":"45","MinVal1":"46","MaxVal1":"90"},
	{"ID":"Snake_Base_Green","Description":"When facing a single enemy, this creature gains +<val1> DEX.","ScriptName":"DEXBonusOnLastEnemyStanding","MaxLevel":"5","MinVal1":"3","MaxVal1":"7"},
	{"ID":"Snake_Base_Light","Description":"When facing a single enemy, this creature gains +<val1> DEF.","ScriptName":"DEFBonusOnLastEnemyStanding","MaxLevel":"15","MinVal1":"16","MaxVal1":"30"},
	{"ID":"Snake_Base_Dark","Description":"When facing a single enemy, this creature gains +<val1> RES.","ScriptName":"RESBonusOnLastEnemyStanding","MaxLevel":"15","MinVal1":"16","MaxVal1":"30"},
	{"ID":"Snake_Evo_01_Red","Description":"When facing a single enemy, this creature gains +<val1> STR.","ScriptName":"STRBonusOnLastEnemyStanding","MaxLevel":"45","MinVal1":"46","MaxVal1":"90"},
	{"ID":"Snake_Evo_01_Blue","Description":"When facing a single enemy, this creature gains +<val1> INT.","ScriptName":"INTBonusOnLastEnemyStanding","MaxLevel":"45","MinVal1":"46","MaxVal1":"90"},
	{"ID":"Snake_Evo_01_Green","Description":"When facing a single enemy, this creature gains +<val1> DEX.","ScriptName":"DEXBonusOnLastEnemyStanding","MaxLevel":"5","MinVal1":"3","MaxVal1":"7"},
	{"ID":"Snake_Evo_01_Light","Description":"When facing a single enemy, this creature gains +<val1> DEF.","ScriptName":"DEFBonusOnLastEnemyStanding","MaxLevel":"15","MinVal1":"16","MaxVal1":"30"},
	{"ID":"Snake_Evo_01_Dark","Description":"When facing a single enemy, this creature gains +<val1> RES.","ScriptName":"RESBonusOnLastEnemyStanding","MaxLevel":"15","MinVal1":"16","MaxVal1":"30"},
	{"ID":"Pegasus_Base_Red","Description":"Gain +<val1> STR for each buff on this creature.","ScriptName":"STRBonusOnBuff","MaxLevel":"30","MinVal1":"16","MaxVal1":"45"},
	{"ID":"Pegasus_Base_Blue","Description":"Gain +<val1> INT for each buff on this creature.","ScriptName":"INTBonusOnBuff","MaxLevel":"30","MinVal1":"16","MaxVal1":"45"},
	{"ID":"Pegasus_Base_Green","Description":"Gain +<val1> DEX for each buff on this creature.","ScriptName":"DEXBonusOnBuff","MaxLevel":"3","MinVal1":"1","MaxVal1":"3"},
	{"ID":"Pegasus_Base_Light","Description":"Gain +<val1> DEF for each buff on this creature.","ScriptName":"DEFBonusOnBuff","MaxLevel":"10","MinVal1":"6","MaxVal1":"15"},
	{"ID":"Pegasus_Base_Dark","Description":"Gain +<val1> RES for each buff on this creature.","ScriptName":"RESBonusOnBuff","MaxLevel":"10","MinVal1":"6","MaxVal1":"15"},
	{"ID":"Pegasus_Evo_01_Red","Description":"Gain +<val1> STR for each buff on this creature.","ScriptName":"STRBonusOnBuff","MaxLevel":"30","MinVal1":"16","MaxVal1":"45"},
	{"ID":"Pegasus_Evo_01_Blue","Description":"Gain +<val1> INT for each buff on this creature.","ScriptName":"INTBonusOnBuff","MaxLevel":"30","MinVal1":"16","MaxVal1":"45"},
	{"ID":"Pegasus_Evo_01_Green","Description":"Gain +<val1> DEX for each buff on this creature.","ScriptName":"DEXBonusOnBuff","MaxLevel":"3","MinVal1":"1","MaxVal1":"3"},
	{"ID":"Pegasus_Evo_01_Light","Description":"Gain +<val1> DEF for each buff on this creature.","ScriptName":"DEFBonusOnBuff","MaxLevel":"10","MinVal1":"6","MaxVal1":"15"},
	{"ID":"Pegasus_Evo_01_Dark","Description":"Gain +<val1> RES for each buff on this creature.","ScriptName":"RESBonusOnBuff","MaxLevel":"10","MinVal1":"6","MaxVal1":"15"},
	{"ID":"Genie_Base_Red","Description":"Gain +<val1> Mana everytime this creature receives a debuff.","ScriptName":"GainAPOnDebuff","MaxLevel":"10","MinVal1":"1","MaxVal1":"10"},
	{"ID":"Genie_Base_Blue","Description":"Gain +<val1> Mana everytime this creature receives a debuff.","ScriptName":"GainAPOnDebuff","MaxLevel":"10","MinVal1":"1","MaxVal1":"10"},
	{"ID":"Genie_Base_Green","Description":"Gain +<val1> Mana everytime this creature receives a debuff.","ScriptName":"GainAPOnDebuff","MaxLevel":"10","MinVal1":"1","MaxVal1":"10"},
	{"ID":"Genie_Base_Light","Description":"Gain +<val1> Mana everytime this creature receives a debuff.","ScriptName":"GainAPOnDebuff","MaxLevel":"10","MinVal1":"1","MaxVal1":"10"},
	{"ID":"Genie_Base_Dark","Description":"Gain +<val1> Mana everytime this creature receives a debuff.","ScriptName":"GainAPOnDebuff","MaxLevel":"10","MinVal1":"1","MaxVal1":"10"},
	{"ID":"Genie_Evo_01_Red","Description":"Gain +<val1> Mana everytime this creature receives a debuff.","ScriptName":"GainAPOnDebuff","MaxLevel":"10","MinVal1":"1","MaxVal1":"10"},
	{"ID":"Genie_Evo_01_Blue","Description":"Gain +<val1> Mana everytime this creature receives a debuff.","ScriptName":"GainAPOnDebuff","MaxLevel":"10","MinVal1":"1","MaxVal1":"10"},
	{"ID":"Genie_Evo_01_Green","Description":"Gain +<val1> Mana everytime this creature receives a debuff.","ScriptName":"GainAPOnDebuff","MaxLevel":"10","MinVal1":"1","MaxVal1":"10"},
	{"ID":"Genie_Evo_01_Light","Description":"Gain +<val1> Mana everytime this creature receives a debuff.","ScriptName":"GainAPOnDebuff","MaxLevel":"10","MinVal1":"1","MaxVal1":"10"},
	{"ID":"Genie_Evo_01_Dark","Description":"Gain +<val1> Mana everytime this creature receives a debuff.","ScriptName":"GainAPOnDebuff","MaxLevel":"10","MinVal1":"1","MaxVal1":"10"},
	{"ID":"PhantomKnight_Base_Red","Description":"Gain +<val1> STR for each card you discard this turn.","ScriptName":"STRBonusOnDiscard","MaxLevel":"30","MinVal1":"16","MaxVal1":"45"},
	{"ID":"PhantomKnight_Base_Blue","Description":"Gain +<val1> INT for each card you discard this turn.","ScriptName":"INTBonusOnDiscard","MaxLevel":"30","MinVal1":"16","MaxVal1":"45"},
	{"ID":"PhantomKnight_Base_Green","Description":"Gain +<val1> DEX for each card you discard this turn.","ScriptName":"DEXBonusOnDiscard","MaxLevel":"5","MinVal1":"3","MaxVal1":"7"},
	{"ID":"PhantomKnight_Base_Light","Description":"Gain +<val1> DEF for each card you discard this turn.","ScriptName":"DEFBonusOnDiscard","MaxLevel":"10","MinVal1":"6","MaxVal1":"15"},
	{"ID":"PhantomKnight_Base_Dark","Description":"Gain +<val1> RES for each card you discard this turn.","ScriptName":"RESBonusOnDiscard","MaxLevel":"10","MinVal1":"6","MaxVal1":"15"},
	{"ID":"PhantomKnight_Evo_01_Red","Description":"Gain +<val1> STR for each card you discard this turn.","ScriptName":"STRBonusOnDiscard","MaxLevel":"30","MinVal1":"16","MaxVal1":"45"},
	{"ID":"PhantomKnight_Evo_01_Blue","Description":"Gain +<val1> INT for each card you discard this turn.","ScriptName":"INTBonusOnDiscard","MaxLevel":"30","MinVal1":"16","MaxVal1":"45"},
	{"ID":"PhantomKnight_Evo_01_Green","Description":"Gain +<val1> DEX for each card you discard this turn.","ScriptName":"DEXBonusOnDiscard","MaxLevel":"5","MinVal1":"3","MaxVal1":"7"},
	{"ID":"PhantomKnight_Evo_01_Light","Description":"Gain +<val1> DEF for each card you discard this turn.","ScriptName":"DEFBonusOnDiscard","MaxLevel":"10","MinVal1":"6","MaxVal1":"15"},
	{"ID":"PhantomKnight_Evo_01_Dark","Description":"Gain +<val1> RES for each card you discard this turn.","ScriptName":"RESBonusOnDiscard","MaxLevel":"10","MinVal1":"6","MaxVal1":"15"},
	{"ID":"Porc_Base_Red","Description":"Gain +<val1> STR when HP is 25% or less.","ScriptName":"STRBonusAtQuarterHealth","MaxLevel":"15","MinVal1":"16","MaxVal1":"30"},
	{"ID":"Porc_Base_Blue","Description":"Gain +<val1> INT when HP is 25% or less.","ScriptName":"INTBonusAtQuarterHealth","MaxLevel":"15","MinVal1":"16","MaxVal1":"30"},
	{"ID":"Porc_Base_Green","Description":"Gain +<val1> DEX when HP is 25% or less.","ScriptName":"DEXBonusAtQuarterHealth","MaxLevel":"3","MinVal1":"1","MaxVal1":"3"},
	{"ID":"Porc_Base_Light","Description":"Gain +<val1> DEF when HP is 25% or less.","ScriptName":"DEFBonusAtQuarterHealth","MaxLevel":"5","MinVal1":"6","MaxVal1":"10"},
	{"ID":"Porc_Base_Dark","Description":"Gain +<val1> RES when HP is 25% or less.","ScriptName":"RESBonusAtQuarterHealth","MaxLevel":"5","MinVal1":"6","MaxVal1":"10"},
	{"ID":"Porc_Evo_01_Red","Description":"Gain +<val1> STR when HP is 25% or less.","ScriptName":"STRBonusAtQuarterHealth","MaxLevel":"15","MinVal1":"16","MaxVal1":"30"},
	{"ID":"Porc_Evo_01_Blue","Description":"Gain +<val1> INT when HP is 25% or less.","ScriptName":"INTBonusAtQuarterHealth","MaxLevel":"15","MinVal1":"16","MaxVal1":"30"},
	{"ID":"Porc_Evo_01_Green","Description":"Gain +<val1> DEX when HP is 25% or less.","ScriptName":"DEXBonusAtQuarterHealth","MaxLevel":"3","MinVal1":"1","MaxVal1":"3"},
	{"ID":"Porc_Evo_01_Light","Description":"Gain +<val1> DEF when HP is 25% or less.","ScriptName":"DEFBonusAtQuarterHealth","MaxLevel":"5","MinVal1":"6","MaxVal1":"10"},
	{"ID":"Porc_Evo_01_Dark","Description":"Gain +<val1> RES when HP is 25% or less.","ScriptName":"RESBonusAtQuarterHealth","MaxLevel":"5","MinVal1":"6","MaxVal1":"10"},
	{"ID":"SkeletalWarrior_Base_Red","Description":"Gain +<val1> STR for each debuff on this creature.","ScriptName":"STRBonusOnDebuff","MaxLevel":"15","MinVal1":"16","MaxVal1":"30"},
	{"ID":"SkeletalWarrior_Base_Blue","Description":"Gain +<val1> INT for each debuff on this creature.","ScriptName":"INTBonusOnDebuff","MaxLevel":"15","MinVal1":"16","MaxVal1":"30"},
	{"ID":"SkeletalWarrior_Base_Green","Description":"Gain +<val1> DEX for each debuff on this creature.","ScriptName":"DEXBonusOnDebuff","MaxLevel":"3","MinVal1":"1","MaxVal1":"3"},
	{"ID":"SkeletalWarrior_Base_Light","Description":"Gain +<val1> DEF for each debuff on this creature.","ScriptName":"DEFBonusOnDebuff","MaxLevel":"5","MinVal1":"6","MaxVal1":"10"},
	{"ID":"SkeletalWarrior_Base_Dark","Description":"Gain +<val1> RES for each debuff on this creature.","ScriptName":"RESBonusOnDebuff","MaxLevel":"5","MinVal1":"6","MaxVal1":"10"},
	{"ID":"SkeletalWarrior_Evo_01_Red","Description":"Gain +<val1> STR for each debuff on this creature.","ScriptName":"STRBonusOnDebuff","MaxLevel":"15","MinVal1":"16","MaxVal1":"30"},
	{"ID":"SkeletalWarrior_Evo_01_Blue","Description":"Gain +<val1> INT for each debuff on this creature.","ScriptName":"INTBonusOnDebuff","MaxLevel":"15","MinVal1":"16","MaxVal1":"30"},
	{"ID":"SkeletalWarrior_Evo_01_Green","Description":"Gain +<val1> DEX for each debuff on this creature.","ScriptName":"DEXBonusOnDebuff","MaxLevel":"3","MinVal1":"1","MaxVal1":"3"},
	{"ID":"SkeletalWarrior_Evo_01_Light","Description":"Gain +<val1> DEF for each debuff on this creature.","ScriptName":"DEFBonusOnDebuff","MaxLevel":"5","MinVal1":"6","MaxVal1":"10"},
	{"ID":"SkeletalWarrior_Evo_01_Dark","Description":"Gain +<val1> RES for each debuff on this creature.","ScriptName":"RESBonusOnDebuff","MaxLevel":"5","MinVal1":"6","MaxVal1":"10"},
	{"ID":"GiantBat_Base_Red","Description":"Gain +<val1> STR while this creature is at 100% HP.","ScriptName":"STRBonusAtFullHealth","MaxLevel":"15","MinVal1":"16","MaxVal1":"30"},
	{"ID":"GiantBat_Base_Blue","Description":"Gain +<val1> INT while this creature is at 100% HP.","ScriptName":"INTBonusAtFullHealth","MaxLevel":"15","MinVal1":"16","MaxVal1":"30"},
	{"ID":"GiantBat_Base_Green","Description":"Gain +<val1> DEX while this creature is at 100% HP.","ScriptName":"DEXBonusAtFullHealth","MaxLevel":"3","MinVal1":"1","MaxVal1":"3"},
	{"ID":"GiantBat_Base_Light","Description":"Gain +<val1> DEF while this creature is at 100% HP.","ScriptName":"DEFBonusAtFullHealth","MaxLevel":"5","MinVal1":"6","MaxVal1":"10"},
	{"ID":"GiantBat_Base_Dark","Description":"Gain +<val1> RES while this creature is at 100% HP.","ScriptName":"RESBonusAtFullHealth","MaxLevel":"5","MinVal1":"6","MaxVal1":"10"},
	{"ID":"GiantBat_Evo_01_Red","Description":"Gain +<val1> STR while this creature is at 100% HP.","ScriptName":"STRBonusAtFullHealth","MaxLevel":"15","MinVal1":"16","MaxVal1":"30"},
	{"ID":"GiantBat_Evo_01_Blue","Description":"Gain +<val1> INT while this creature is at 100% HP.","ScriptName":"INTBonusAtFullHealth","MaxLevel":"15","MinVal1":"16","MaxVal1":"30"},
	{"ID":"GiantBat_Evo_01_Green","Description":"Gain +<val1> DEX while this creature is at 100% HP.","ScriptName":"DEXBonusAtFullHealth","MaxLevel":"3","MinVal1":"1","MaxVal1":"3"},
	{"ID":"GiantBat_Evo_01_Light","Description":"Gain +<val1> DEF while this creature is at 100% HP.","ScriptName":"DEFBonusAtFullHealth","MaxLevel":"5","MinVal1":"6","MaxVal1":"10"},
	{"ID":"GiantBat_Evo_01_Dark","Description":"Gain +<val1> RES while this creature is at 100% HP.","ScriptName":"RESBonusAtFullHealth","MaxLevel":"5","MinVal1":"6","MaxVal1":"10"},
	{"ID":"Golem_Base_Red"},
	{"ID":"Golem_Base_Blue"},
	{"ID":"Golem_Base_Green"},
	{"ID":"Golem_Base_Light"},
	{"ID":"Golem_Base_Dark"},
	{"ID":"Golem_Evo_01_Red"},
	{"ID":"Golem_Evo_01_Blue"},
	{"ID":"Golem_Evo_01_Green"},
	{"ID":"Golem_Evo_01_Light"},
	{"ID":"Golem_Evo_01_Dark"},
	{"ID":"CardKnight_Base_Red"},
	{"ID":"CardKnight_Base_Blue"},
	{"ID":"CardKnight_Base_Green"},
	{"ID":"CardKnight_Base_Light"},
	{"ID":"CardKnight_Base_Dark"},
	{"ID":"CardKnight_Evo_01_Red"},
	{"ID":"CardKnight_Evo_01_Blue"},
	{"ID":"CardKnight_Evo_01_Green"},
	{"ID":"CardKnight_Evo_01_Light"},
	{"ID":"CardKnight_Evo_01_Dark"},
	{"ID":"WillOWisp_Base_Red"},
	{"ID":"WillOWisp_Base_Blue"},
	{"ID":"WillOWisp_Base_Green"},
	{"ID":"WillOWisp_Base_Light"},
	{"ID":"WillOWisp_Base_Dark"},
	{"ID":"WillOWisp_Evo_01_Red"},
	{"ID":"WillOWisp_Evo_01_Blue"},
	{"ID":"WillOWisp_Evo_01_Green"},
	{"ID":"WillOWisp_Evo_01_Light"},
	{"ID":"WillOWisp_Evo_01_Dark"},
	{"ID":"BabyDragon_Base_Red"},
	{"ID":"BabyDragon_Base_Blue"},
	{"ID":"BabyDragon_Base_Green"},
	{"ID":"BabyDragon_Base_Light"},
	{"ID":"BabyDragon_Base_Dark"},
	{"ID":"BabyDragon_Evo_01_Red"},
	{"ID":"BabyDragon_Evo_01_Blue"},
	{"ID":"BabyDragon_Evo_01_Green"},
	{"ID":"BabyDragon_Evo_01_Light"},
	{"ID":"BabyDragon_Evo_01_Dark"},
	{"ID":"Ghast_Base_Red"},
	{"ID":"Ghast_Base_Blue"},
	{"ID":"Ghast_Base_Green"},
	{"ID":"Ghast_Base_Light"},
	{"ID":"Ghast_Base_Dark"},
	{"ID":"Ghast_Evo_01_Red"},
	{"ID":"Ghast_Evo_01_Blue"},
	{"ID":"Ghast_Evo_01_Green"},
	{"ID":"Ghast_Evo_01_Light"},
	{"ID":"Ghast_Evo_01_Dark"},
	{"ID":"GiantBeast_Basilisk"},
	{"ID":"GiantBeast_Yeti"},
	{"ID":"GiantBeast_BigFoot"},
	{"ID":"GiantBeast_Cyclops","Description":"Gain +<val1> DEF for each debuff on this creature.","ScriptName":"DEFBonusOnDebuff","MaxLevel":"10","MinVal1":"11","MaxVal1":"20"},
	{"ID":"GiantBeast_Headless","Description":"Gain +<val1> RES for each debuff on this creature.","ScriptName":"RESBonusOnDebuff","MaxLevel":"10","MinVal1":"11","MaxVal1":"20"},
	{"ID":"GiantBeast_Basilisk_Evo_01"},
	{"ID":"GiantBeast_Yeti_Evo_01"},
	{"ID":"GiantBeast_BigFoot_Evo_01"},
	{"ID":"GiantBeast_Cyclops_Evo_01","Description":"Gain +<val1> DEF for each debuff on this creature.","ScriptName":"DEFBonusOnDebuff","MaxLevel":"10","MinVal1":"11","MaxVal1":"20"},
	{"ID":"GiantBeast_Headless_Evo_01","Description":"Gain +<val1> RES for each debuff on this creature.","ScriptName":"RESBonusOnDebuff","MaxLevel":"10","MinVal1":"11","MaxVal1":"20"},
	{"ID":"VerminQueen_Snake","Description":"Gain +<val1> STR for each card you discard this turn.","ScriptName":"STRBonusOnDiscard","MaxLevel":"50","MinVal1":"26","MaxVal1":"75"},
	{"ID":"VerminQueen_Crab","Description":"Gain +<val1> INT for each card you discard this turn.","ScriptName":"INTBonusOnDiscard","MaxLevel":"50","MinVal1":"26","MaxVal1":"75"},
	{"ID":"VerminQueen_Spider","Description":"Gain +<val1> DEX for each card you discard this turn.","ScriptName":"DEXBonusOnDiscard","MaxLevel":"5","MinVal1":"1","MaxVal1":"5"},
	{"ID":"VerminQueen_Bee","Description":"Gain +<val1> DEF for each card you discard this turn.","ScriptName":"DEFBonusOnDiscard","MaxLevel":"50","MinVal1":"26","MaxVal1":"25"},
	{"ID":"VerminQueen_Roach"},
	{"ID":"VerminQueen_Snake_Evo_01","Description":"Gain +<val1> STR for each card you discard this turn.","ScriptName":"STRBonusOnDiscard","MaxLevel":"50","MinVal1":"26","MaxVal1":"75"},
	{"ID":"VerminQueen_Crab_Evo_01","Description":"Gain +<val1> INT for each card you discard this turn.","ScriptName":"INTBonusOnDiscard","MaxLevel":"50","MinVal1":"26","MaxVal1":"75"},
	{"ID":"VerminQueen_Spider_Evo_01","Description":"Gain +<val1> DEX for each card you discard this turn.","ScriptName":"DEXBonusOnDiscard","MaxLevel":"5","MinVal1":"1","MaxVal1":"5"},
	{"ID":"VerminQueen_Bee_Evo_01","Description":"Gain +<val1> DEF for each card you discard this turn.","ScriptName":"DEFBonusOnDiscard","MaxLevel":"50","MinVal1":"26","MaxVal1":"25"},
	{"ID":"VerminQueen_Roach_Evo_01"},
	{"ID":"Human_Knight"},
	{"ID":"Human_Witch"},
	{"ID":"Human_Rogue"},
	{"ID":"Human_Priest"},
	{"ID":"Human_Necromancer"},
	{"ID":"Human_Knight_Evo_01"},
	{"ID":"Human_Witch_Evo_01"},
	{"ID":"Human_Rogue_Evo_01"},
	{"ID":"Human_Priest_Evo_01"},
	{"ID":"Human_Necromancer_Evo_01"},
	{"ID":"HonorableBeast_Phoenix"},
	{"ID":"HonorableBeast_Hippocamp"},
	{"ID":"HonorableBeast_Ent","Description":"Gain +<val1> DEX for each buff on this creature.","ScriptName":"DEXBonusOnBuff","MaxLevel":"5","MinVal1":"1","MaxVal1":"5"},
	{"ID":"HonorableBeast_Unicorn","Description":"Gain +<val1> DEF for each buff on this creature.","ScriptName":"DEFBonusOnBuff","MaxLevel":"10","MinVal1":"11","MaxVal1":"20"},
	{"ID":"HonorableBeast_Manticore","Description":"Gain +<val1> RES for each buff on this creature.","ScriptName":"RESBonusOnBuff","MaxLevel":"10","MinVal1":"11","MaxVal1":"20"},
	{"ID":"HonorableBeast_Phoenix_Evo_01"},
	{"ID":"HonorableBeast_Hippocamp_Evo_01"},
	{"ID":"HonorableBeast_Ent_Evo_01","Description":"Gain +<val1> DEX for each buff on this creature.","ScriptName":"DEXBonusOnBuff","MaxLevel":"5","MinVal1":"1","MaxVal1":"5"},
	{"ID":"HonorableBeast_Unicorn_Evo_01","Description":"Gain +<val1> DEF for each buff on this creature.","ScriptName":"DEFBonusOnBuff","MaxLevel":"10","MinVal1":"11","MaxVal1":"20"},
	{"ID":"HonorableBeast_Manticore_Evo_01","Description":"Gain +<val1> RES for each buff on this creature.","ScriptName":"RESBonusOnBuff","MaxLevel":"10","MinVal1":"11","MaxVal1":"20"},
	{"ID":"EvilBeast_Diablo","Description":"Gain +<val1> STR when this creature destroys an enemy.","ScriptName":"STRBonusOnKill","MaxLevel":"60","MinVal1":"61","MaxVal1":"120"},
	{"ID":"EvilBeast_Kraken","Description":"Gain +<val1> INT when this creature destroys an enemy.","ScriptName":"INTBonusOnKill","MaxLevel":"60","MinVal1":"61","MaxVal1":"120"},
	{"ID":"EvilBeast_Medusa","Description":"Gain +<val1> DEX when this creature destroys an enemy.","ScriptName":"DEXBonusOnKill","MaxLevel":"5","MinVal1":"4","MaxVal1":"8"},
	{"ID":"EvilBeast_Daemon"},
	{"ID":"EvilBeast_Cerberus"},
	{"ID":"EvilBeast_Diablo_Evo_01","Description":"Gain +<val1> STR when this creature destroys an enemy.","ScriptName":"STRBonusOnKill","MaxLevel":"60","MinVal1":"61","MaxVal1":"120"},
	{"ID":"EvilBeast_Kraken_Evo_01","Description":"Gain +<val1> INT when this creature destroys an enemy.","ScriptName":"INTBonusOnKill","MaxLevel":"60","MinVal1":"61","MaxVal1":"120"},
	{"ID":"EvilBeast_Medusa_Evo_01","Description":"Gain +<val1> DEX when this creature destroys an enemy.","ScriptName":"DEXBonusOnKill","MaxLevel":"5","MinVal1":"4","MaxVal1":"8"},
	{"ID":"EvilBeast_Daemon_Evo_01"},
	{"ID":"EvilBeast_Cerberus_Evo_01"},
	{"ID":"LegendaryDragon_Red"},
	{"ID":"LegendaryDragon_Blue"},
	{"ID":"LegendaryDragon_Green"},
	{"ID":"LegendaryDragon_Light","Description":"Gain +<val1> DEF when this creature is the last on the board.","ScriptName":"DEFBonusOnLastManStanding","MaxLevel":"50","MinVal1":"51","MaxVal1":"100"},
	{"ID":"LegendaryDragon_Dark"},
	{"ID":"LegendaryDragon_Red_Evo_01"},
	{"ID":"LegendaryDragon_Blue_Evo_01"},
	{"ID":"LegendaryDragon_Green_Evo_01"},
	{"ID":"LegendaryDragon_Light_Evo_01","Description":"Gain +<val1> DEF when this creature is the last on the board.","ScriptName":"DEFBonusOnLastManStanding","MaxLevel":"50","MinVal1":"51","MaxVal1":"100"},
	{"ID":"LegendaryDragon_Dark_Evo_01"},
	{"ID":"MythicGirls_Firefly"},
	{"ID":"MythicGirls_Mermaid","Description":"Gain +<val1> INT for each card played this turn.","ScriptName":"INTBonusOnPlayCard","MaxLevel":"30","MinVal1":"31","MaxVal1":"60"},
	{"ID":"MythicGirls_Nymph"},
	{"ID":"MythicGirls_Pixie"},
	{"ID":"MythicGirls_Siren"},
	{"ID":"MythicGirls_Firefly_Evo_01"},
	{"ID":"MythicGirls_Mermaid_Evo_01","Description":"Gain +<val1> INT for each card played this turn.","ScriptName":"INTBonusOnPlayCard","MaxLevel":"30","MinVal1":"31","MaxVal1":"60"},
	{"ID":"MythicGirls_Nymph_Evo_01"},
	{"ID":"MythicGirls_Pixie_Evo_01"},
	{"ID":"MythicGirls_Siren_Evo_01"},
	{"ID":"HumanBeast_TigerWarrior","Description":"When facing a single enemy, this creature gains +<val1> STR.","ScriptName":"STRBonusOnLastEnemyStanding","MaxLevel":"60","MinVal1":"61","MaxVal1":"120"},
	{"ID":"HumanBeast_PantherArcher"},
	{"ID":"HumanBeast_LizardThief"},
	{"ID":"HumanBeast_EagleMage","Description":"When facing a single enemy, this creature gains +<val1> DEF.","ScriptName":"DEFBonusOnLastEnemyStanding","MaxLevel":"20","MinVal1":"21","MaxVal1":"40"},
	{"ID":"HumanBeast_SkullCentaur","Description":"When facing a single enemy, this creature gains +<val1> RES.","ScriptName":"RESBonusOnLastEnemyStanding","MaxLevel":"20","MinVal1":"21","MaxVal1":"40"},
	{"ID":"HumanBeast_TigerWarrior_Evo_01","Description":"When facing a single enemy, this creature gains +<val1> STR.","ScriptName":"STRBonusOnLastEnemyStanding","MaxLevel":"60","MinVal1":"61","MaxVal1":"120"},
	{"ID":"HumanBeast_PantherArcher_Evo_01"},
	{"ID":"HumanBeast_LizardThief_Evo_01"},
	{"ID":"HumanBeast_EagleMage_Evo_01","Description":"When facing a single enemy, this creature gains +<val1> DEF.","ScriptName":"DEFBonusOnLastEnemyStanding","MaxLevel":"20","MinVal1":"21","MaxVal1":"40"},
	{"ID":"HumanBeast_SkullCentaur_Evo_01","Description":"When facing a single enemy, this creature gains +<val1> RES.","ScriptName":"RESBonusOnLastEnemyStanding","MaxLevel":"20","MinVal1":"21","MaxVal1":"40"}
]
