[
	{"Title":"!!HELP_TITLE_01","Body":"!!HELP_DESC_01"},
	{"Title":"!!HELP_TITLE_02","Body":"!!HELP_DESC_02"},
	{"Title":"!!HELP_TITLE_03","Body":"!!HELP_DESC_03"},
	{"Title":"!!HELP_TITLE_04","Body":"!!HELP_DESC_04"},
	{"Title":"!!HELP_TITLE_05","Body":"!!HELP_DESC_05"},
	{"Title":"!!HELP_TITLE_06","Body":"!!HELP_DESC_06"},
	{"Title":"!!HELP_TITLE_07","Body":"!!HELP_DESC_07"},
	{"Title":"!!HELP_TITLE_08","Body":"!!HELP_DESC_08"},
	{"Title":"!!HELP_TITLE_09","Body":"!!HELP_DESC_09"},
	{"Title":"!!HELP_TITLE_10","Body":"!!HELP_DESC_10"},
	{"Title":"!!HELP_TITLE_11","Body":"!!HELP_DESC_11"},
	{"Title":"!!HELP_TITLE_12","Body":"!!HELP_DESC_12"},
	{"Title":"!!HELP_TITLE_14","Body":"!!HELP_DESC_14"},
	{"Title":"!!HELP_TITLE_15","Body":"!!HELP_DESC_15"},
	{"Title":"!!HELP_TITLE_16","Body":"!!HELP_DESC_16"}
]
