[
	{"Text":"Magic Attack","DisplayName":"!!KEYWORD_MAGICATTACK","ShowOpponentStats":"RES","Description":"!!KEYWORD_DESC_MAGICATTACK","Color":"2C16B0"},
	{"Text":"Area","DisplayName":"!!KEYWORD_AREA","Description":"!!KEYWORD_DESC_AREA","Color":"2C16B0"},
	{"Text":"Double Team","DisplayName":"!!KEYWORD_DOUBLETEAM","Description":"!!KEYWORD_DESC_DOUBLETEAM","Color":"2C16B0"},
	{"Text":"Triple Team","DisplayName":"!!KEYWORD_TRIPLETEAM","Description":"!!KEYWORD_DESC_TRIPLETEAM","Color":"2C16B0"},
	{"Text":"BEEF","DisplayName":"!!KEYWORD_BURSTSTRENGTH","PopupText":"!!KEYWORD_BURSTSTRENGTH_POPUP","EventFx":"ENABLE_BURSTSTR","ShowPlayerStats":"STR","Description":"!!KEYWORD_DESC_BURSTSTRENGTH","Color":"164DB0"},
	{"Text":"FORTIFY","DisplayName":"!!KEYWORD_BOOSTDEFENSE","PopupText":"DEFENSE UP 35%","EventFx":"ENABLE_FORTIFYDEF","ShowPlayerStats":"DEF","Description":"!!KEYWORD_DESC_BOOSTDEFENSE","Color":"164DB0"},
	{"Text":"PROTECTION","DisplayName":"!!KEYWORD_SHIELD","PopupText":"!!KEYWORD_SHIELD_POPUP","EventFx":"ENABLE_SHIELD","Description":"!!KEYWORD_DESC_SHIELD","Color":"164DB0"},
	{"Text":"PRICKLY","DisplayName":"!!KEYWORD_THORNS","PopupText":"!!KEYWORD_THORNS_POPUP","EventFx":"ENABLE_THORNS","Description":"!!KEYWORD_DESC_THORNS","Color":"164DB0"},
	{"Text":"LIFE LEECH","DisplayName":"!!KEYWORD_VAMPIRIC","PopupText":"!!KEYWORD_VAMPIRIC_POPUP","EventFx":"ENABLE_VAMPIRIC","ShowPlayerStats":"STR,INT","Description":"!!KEYWORD_DESC_VAMPIRIC","Color":"164DB0"},
	{"Text":"BULLS-EYE","DisplayName":"!!KEYWORD_PINPOINT","PopupText":"!!KEYWORD_PINPOINT_POPUP","EventFx":"ENABLE_PINPOINT","ShowPlayerStats":"STR,INT","Description":"!!KEYWORD_DESC_PINPOINT","Color":"164DB0"},
	{"Text":"HEROIC","DisplayName":"!!KEYWORD_BRAVERY","PopupText":"!!KEYWORD_BRAVERY_POPUP","EventFx":"ENABLE_BRAVERY","ShowPlayerStats":"DEF,RES","Description":"!!KEYWORD_DESC_BRAVERY","Color":"164DB0"},
	{"Text":"ENERGY SAP","DisplayName":"!!KEYWORD_SIPHON","PopupText":"!!KEYWORD_SIPHON_POPUP","EventFx":"ENABLE_APSIPHON","Description":"!!KEYWORD_DESC_SIPHON","Color":"164DB0"},
	{"Text":"PUMPED","DisplayName":"!!KEYWORD_ADRENALINE","PopupText":"!!KEYWORD_ADRENALINE_POPUP","EventFx":"ENABLE_ADRENALINE","Description":"!!KEYWORD_DESC_ADRENALINE","Color":"164DB0"},
	{"Text":"GIFT CARD","DisplayName":"!!KEYWORD_DEALER","PopupText":"!!KEYWORD_DEALER_POPUP","EventFx":"ENABLE_DEALER","Description":"!!KEYWORD_DESC_DEALER","Color":"164DB0"},
	{"Text":"PAYBACK","DisplayName":"!!KEYWORD_STRENGTHCOUNTER","PopupText":"!!KEYWORD_STRENGTHCOUNTER_POPUP","EventFx":"ENABLE_STRENGTHCOUNTER","Description":"!!KEYWORD_DESC_STRENGTHCOUNTER","Color":"164DB0"},
	{"Text":"REVENGE","DisplayName":"!!KEYWORD_REVENGE","PopupText":"!!KEYWORD_REVENGE_POPUP","EventFx":"ENABLE_REVENGE","Description":"!!KEYWORD_DESC_REVENGE","Color":"164DB0"},
	{"Text":"CORNFIELDS","DisplayName":"!!KEYWORD_LANDCORN","PopupText":"!!KEYWORD_LANDCORN_POPUP","EventFx":"ENABLE_LANDCORN","Description":"!!KEYWORD_DESC_LANDCORN","Color":"FFD700"},
	{"Text":"BLUE PLAINS","DisplayName":"!!KEYWORD_LANDPLAINS","PopupText":"!!KEYWORD_LANDPLAINS_POPUP","EventFx":"ENABLE_LANDPLAINS","Description":"Gain 1 Energy extra energy every turn. Lose 25% of your Floop Meter every turn. A Creature can only have one Landscape at a time.","Color":"164DB0"},
	{"Text":"SANDYLANDS","DisplayName":"!!KEYWORD_LANDSAND","PopupText":"!!KEYWORD_LANDSAND_POPUP","EventFx":"ENABLE_LANDSAND","Description":"Deal 6% Damage to entire enemy team at the start of each turn. This creature will always be critically Hit. A Creature can only have one Landscape at a time.","Color":"886833"},
	{"Text":"NICELANDS","DisplayName":"!!KEYWORD_LANDNICE","PopupText":"!!KEYWORD_LANDNICE_POPUP","EventFx":"ENABLE_LANDNICE","Description":"!!KEYWORD_DESC_LANDNICE","Color":"E75480"},
	{"Text":"USELESS SWAMP","DisplayName":"!!KEYWORD_LANDSWAMP","PopupText":"!!KEYWORD_LANDSWAMP_POPUP","EventFx":"ENABLE_LANDSWAMP","Description":"When this creature is attacked, Inflict Blind on the enemy and 5% Poison. Drag Attack cost increased by 1. A Creature can only have one Landscape at a time.","Color":"008000"},
	{"Text":"WEAKEN","DisplayName":"!!KEYWORD_WEAKENSTRENGTH","PopupText":"!!KEYWORD_WEAKENSTRENGTH_POPUP","EventFx":"ENABLE_WEAKENSTR","ShowOpponentStats":"STR","Description":"!!KEYWORD_DESC_WEAKENSTRENGTH","Color":"B01616"},
	{"Text":"BURN","DisplayName":"!!KEYWORD_BURN","PopupText":"DAMAGE ON HIT","EventFx":"ENABLE_BURNED","Description":"Inflicts damage upon the target once it hits an enemy. Damage is based upon a percentage of target's total HP.","Color":"B01616"},
	{"Text":"TOXIC","DisplayName":"!!KEYWORD_PLAGUE","PopupText":"!!KEYWORD_PLAGUE_POPUP","EventFx":"ENABLE_PLAGUE","Description":"!!KEYWORD_DESC_PLAGUE","Color":"B01616"},
	{"Text":"SILENCE","DisplayName":"!!KEYWORD_PARALYZE","PopupText":"!!KEYWORD_PARALYZE_POPUP","EventFx":"ENABLE_PARALYZE","ShowOpponentStats":"STR,INT","Description":"!!KEYWORD_DESC_PARALYZE","Color":"B01616"},
	{"Text":"FROZEN","DisplayName":"!!KEYWORD_FREEZE","PopupText":"!!KEYWORD_FREEZE_POPUP","EventFx":"ENABLE_FROZEN","ShowOpponentStats":"STR,INT","Description":"!!KEYWORD_DESC_FREEZE","Color":"B01616"},
	{"Text":"BLIND","DisplayName":"!!KEYWORD_BLIND","PopupText":"!!KEYWORD_BLIND_POPUP","EventFx":"ENABLE_BLIND","ShowOpponentStats":"STR,INT","Description":"!!KEYWORD_DESC_BLIND","Color":"B01616"},
	{"Text":"MORPH","DisplayName":"!!KEYWORD_TRANSMORPH","PopupText":"!!KEYWORD_TRANSMORPH_POPUP","EventFx":"ENABLE_TRANSMOGRIFY","ShowOpponentStats":"STR,INT","Description":"!!KEYWORD_DESC_TRANSMORPH","Color":"B01616"},
	{"Text":"DENY CARD","DisplayName":"!!KEYWORD_CARDBLOCK","PopupText":"!!KEYWORD_CARDBLOCK_POPUP","EventFx":"ENABLE_CARDBLOCK","Description":"!!KEYWORD_DESC_CARDBLOCK","Color":"B01616"},
	{"Text":"HEAVY","DisplayName":"!!KEYWORD_CRIPPLE","PopupText":"!!KEYWORD_CRIPPLE_POPUP","EventFx":"ENABLE_CRIPPLE","Description":"!!KEYWORD_DESC_CRIPPLE","Color":"B01616"},
	{"Text":"BLOCK","DisplayName":"!!KEYWORD_MINDLESS","PopupText":"!!KEYWORD_MINDLESS_POPUP","EventFx":"ENABLE_MINDLESS","Description":"!!KEYWORD_DESC_MINDLESS","Color":"B01616"},
	{"Text":"FURY","DisplayName":"!!KEYWORD_BERSERK","PopupText":"!!KEYWORD_BERSERK_POPUP","EventFx":"ENABLE_BERSERK","ShowOpponentStats":"STR","Description":"!!KEYWORD_DESC_BERSERK","Color":"B01616"},
	{"Text":"DIRECTDAMAGEIMMUNE","DisplayName":"!!KEYWORD_DIRECTDAMAGEIMMUNE","PopupText":"!!KEYWORD_DIRECTDAMAGEIMMUNE_POPUP","EventFx":"ENABLE_DIRECTDAMAGEIMMUNE","Description":"!!KEYWORD_DESC_DIRECTDAMAGEIMMUNE","Color":"000000"},
	{"Text":"POISONIMMUNE","DisplayName":"!!KEYWORD_POISONIMMUNE","PopupText":"!!KEYWORD_POISONIMMUNE_POPUP","EventFx":"ENABLE_POISONIMMUNE","Description":"!!KEYWORD_DESC_POSIONIMMUNE","Color":"000000"},
	{"Text":"Attack","DisplayName":"!!KEYWORD_STRENGTHATTACK","ShowOpponentStats":"DEF","Description":"!!KEYWORD_DESC_STRENGTHATTACK","Color":"2C16B0"},
	{"Text":"Hybrid Attack","DisplayName":"!!KEYWORD_HYBRIDATTACK","ShowOpponentStats":"DEF,RES","Description":"!!KEYWORD_DESC_HYBRIDATTACK","Color":"2C16B0"},
	{"Text":"Cleanse","DisplayName":"!!KEYWORD_CLEANSE","PopupText":"!!KEYWORD_CLEANSE_POPUP","Description":"!!KEYWORD_DESC_CLEANSE","Color":"2C16B0"},
	{"Text":"Attack Boost","DisplayName":"Fortitude","PopupText":"50% Attack Up","EventFx":"ENABLE_ENHANCESTR","ShowPlayerStats":"STR","Description":"Increases power of the next attack by 50%, Stacks increase number of turns effect is active.","Color":"164DB0"},
	{"Text":"Magic Boost","DisplayName":"MAGIC BOOST","PopupText":"INCREASE MAGIC ATTACK DAMAGE","EventFx":"ENABLE_ENHANCEINT","ShowPlayerStats":"INT","Description":"Increases power of next Magic Attack. Removes Magic Down when applied.","Color":"164DB0"},
	{"Text":"Magic Spike","DisplayName":"Magic Boost","PopupText":"INCREASE MAGIC ATTACK DAMAGE","EventFx":"ENABLE_BURSTINT","ShowPlayerStats":"INT","Description":"Increases power of next Magic Attack. Removes Magic Down when applied.","Color":"164DB0"},
	{"Text":"Resistance Boost","DisplayName":"Resistance Boost","PopupText":"LESS MAGIC ATTACK DAMAGE","EventFx":"ENABLE_FORTIFYRES","ShowPlayerStats":"RES","Description":"Decreases damage taken from Magic Attacks. Stacks increase number of turns effect is active.","Color":"164DB0"},
	{"Text":"Regen","DisplayName":"Regen","PopupText":"REGAIN HEALTH OVER TIME","EventFx":"ENABLE_REGEN","Description":"Restores 10% of HP at the beginning of the turn while active. Stacks increase number of turns effect is active","Color":"164DB0"},
	{"Text":"Ignore Defense","DisplayName":"!!KEYWORD_IGNOREDEFENSE","PopupText":"!!KEYWORD_IGNOREDEFENSE_POPUP","EventFx":"ENABLE_DEFIANCE","ShowPlayerStats":"STR","Description":"!!KEYWORD_DESC_IGNOREDEFENSE","Color":"164DB0"},
	{"Text":"Ignore Resistance","DisplayName":"!!KEYWORD_IGNORERESISTANCE","PopupText":"!!KEYWORD_IGNORERESISTANCE_POPUP","EventFx":"ENABLE_WISDOM","ShowPlayerStats":"INT","Description":"!!KEYWORD_DESC_IGNORERESISTANCE","Color":"164DB0"},
	{"Text":"Oiled","DisplayName":"Oiled","PopupText":"SUFFERING DURING THE TOUR","EventFx":"ENABLE_OILED","Description":"Start of turn: the creature takes damage equal to 7% of its total HP.Creature always receives critical hits when attacked.","Color":"B01616"},
	{"Text":"Immunity","DisplayName":"Immunity Armor","PopupText":"You are protected against negative","EventFx":"ENABLE_IMMUNITY","Description":"Immunity Armor protects against Debuff.","Color":"008000"},
	{"Text":"Auto Revive","DisplayName":"Resurrection Armor","PopupText":"WHEN HE DIES, HE WILL BE REVIVED AGAIN","EventFx":"ENABLE_AUTOREVIVE","Description":"This effect is applied to any creature, and when the creature dies, it will respawn with 30% HP, but as a Radiant Ghost.","Color":"008000"},
	{"Text":"Evasion","DisplayName":"Vanish","PopupText":"INVISIBILITY ACTIVATED","EventFx":"ENABLE_STEALTH","Description":"Invisibility activates and the Opponent cannot attack it.","Color":"164DB0"},
	{"Text":"Frost Armor","DisplayName":"Frost Armor","PopupText":"You are protected by chilling","EventFx":"ENABLE_CHILLED","Description":"Frost Armor gives a frozen effect on contact with an enemy creature.","Color":"008000"},
	{"Text":"Flame Armor","DisplayName":"Flame Armor","PopupText":"You are protected by flaming","EventFx":"ENABLE_FLAMING","Description":"Flame Armor gives a 15% burn effect on contact with an enemy creature.","Color":"008000"},
	{"Text":"Parisitic Armor","DisplayName":"Toxic Armor","PopupText":"You are protected by poison","EventFx":"ENABLE_PARISITIC","Description":"Toxic Armor gives a 3% poison effect on contact with an enemy creature.","Color":"008000"},
	{"Text":"Radiant Armor","DisplayName":"Wisdom Armor","PopupText":"You are protected by magic down","EventFx":"ENABLE_BRILLIANT","Description":"Wisdom Armor gives a magic down effect on contact with an enemy creature.","Color":"008000"},
	{"Text":"Void Armor","DisplayName":"Void Armor","PopupText":"You are protected by attack down","EventFx":"ENABLE_DERANGED","Description":"Void Armor gives a attack down effect on contact with an enemy creature.","Color":"008000"},
	{"Text":"Magic Counterattack","DisplayName":"Magic Counterattack","PopupText":"MAGIC COUNTERATTACK","EventFx":"ENABLE_MAGICCOUNTER","Description":"When creature is attacked, it will automatically magic attack back. Stacks increase amount of times effect occurs","Color":"164DB0"},
	{"Text":"Erase","DisplayName":"!!KEYWORD_ERASE","PopupText":"!!KEYWORD_ERASE_POPUP","Description":"!!KEYWORD_DESC_ERASE","Color":"B01616"},
	{"Text":"Weaken Magic","DisplayName":"Magic Down","PopupText":"Decrease Magic","EventFx":"ENABLE_WEAKENINT","ShowOpponentStats":"INT","Description":"Decreases magic damage done. Stacks increase number of turns effect is active. Removes Magic Boost when applied","Color":"B01616"},
	{"Text":"Break Defense","DisplayName":"Nervous","PopupText":"!!KEYWORD_BREAKDEFENSE_POPUP","EventFx":"ENABLE_BREAKDEF","ShowOpponentStats":"DEF","Description":"!!KEYWORD_DESC_BREAKDEFENSE","Color":"B01616"},
	{"Text":"Break Resistance","DisplayName":"!!KEYWORD_BREAKRESISTANCE","PopupText":"!!KEYWORD_BREAKRESISTANCE_POPUP","EventFx":"ENABLE_BREAKRES","ShowOpponentStats":"RES","Description":"!!KEYWORD_DESC_BREAKRESISTANCE","Color":"B01616"},
	{"Text":"Poison","DisplayName":"Curse","PopupText":"!!KEYWORD_PLAGUE_POPUP","EventFx":"ENABLE_POISON","Description":"Creature Loses 10% of HP Every Turn. Stacks Increase number of turns effect is active.","Color":"800080"},
	{"Text":"Nervous","DisplayName":"!!KEYWORD_NERVOUS","PopupText":"!!KEYWORD_NERVOUS_POPUP","EventFx":"ENABLE_NERVOUS","ShowOpponentStats":"STR,INT,DEX","Description":"!!KEYWORD_DESC_NERVOUS","Color":"B01616"},
	{"Text":"Mana Leak","DisplayName":"!!KEYWORD_MANALEAK","PopupText":"!!KEYWORD_MANALEAK_POPUP","EventFx":"ENABLE_APLEAK","Description":"!!KEYWORD_DESC_MANALEAK","Color":"B01616"},
	{"Text":"Marked","DisplayName":"!!KEYWORD_MARKED","PopupText":"!!KEYWORD_MARKED_POPUP","EventFx":"ENABLE_MARKED","Description":"!!KEYWORD_DESC_MARKED","Color":"B01616"},
	{"Text":"Energy Bleed","DisplayName":"Curse-Energy","PopupText":"STEAL ENERGY PER TURNS","EventFx":"ENABLE_APPOISON","Description":"At the start of the round, you lose Energy.","Color":"B01616"},
	{"Text":"Confuse","DisplayName":"Confused","PopupText":"Creature becomes confused.","EventFx":"ENABLE_CONFUSE","Description":"When this effect is on Any creature, creature will be confused and attack random target when drag attacking.","Color":"B01616"},
]
