[
	{"ID":"Leader_Warrior_VFX","VFXName":"VFX_HeroLose_Warrior","AnimStateName":"Lose","AttachNode":"FX_LoseNode","StartOffsetFrame":"54.43"},
	{"ID":"^","VFXName":"VFX_HeroWin","AnimStateName":"Win","AttachNode":"FX_WinNode","StartOffsetFrame":"43.16"},
	{"ID":"^","VFXName":"VFX_HeroCard_00","AnimStateName":"HeroCard_00","AttachNode":"Puppet_R_Thumb_02","StartOffsetFrame":"46.17"},
	{"ID":"^","VFXName":"VFX_HeroCard_01","AnimStateName":"HeroCard_01","AttachNode":"Puppet_R_Thumb_02","StartOffsetFrame":"41"},
	{"ID":"Leader_Gork_VFX","VFXName":"VFX_CigarSmoke","AnimStateName":"Persistent","AttachNode":"FX_CigarNode"},
	{"ID":"^","VFXName":"VFX_HeroLose_Gork","AnimStateName":"Lose","AttachNode":"FX_LoseNode","StartOffsetFrame":"50.63"},
	{"ID":"^","VFXName":"VFX_HeroCard_00","AnimStateName":"HeroCard_00","AttachNode":"Puppet_R_Thumb_02","StartOffsetFrame":"31.88"},
	{"ID":"^","VFXName":"VFX_HeroCard_01","AnimStateName":"HeroCard_01","AttachNode":"Puppet_R_Thumb_02","StartOffsetFrame":"31.88"},
	{"ID":"Leader_Gork_Gen_01_VFX","VFXName":"VFX_CigarSmoke","AnimStateName":"Persistent","AttachNode":"FX_CigarNode"},
	{"ID":"^","VFXName":"VFX_HeroLose_Gork","AnimStateName":"Lose","AttachNode":"FX_LoseNode","StartOffsetFrame":"50.63"},
	{"ID":"^","VFXName":"VFX_HeroCard_00","AnimStateName":"HeroCard_00","AttachNode":"FX_HeroCardNode00","StartOffsetFrame":"33.36"},
	{"ID":"^","VFXName":"VFX_HeroCard_01","AnimStateName":"HeroCard_01","AttachNode":"FX_HeroCardNode01","StartOffsetFrame":"53.2"},
	{"ID":"Leader_Thief_VFX","VFXName":"VFX_HeroLose_Thief","AnimStateName":"Lose","AttachNode":"FX_LoseNode","StartOffsetFrame":"63"},
	{"ID":"^","VFXName":"VFX_HeroWin","AnimStateName":"Win","AttachNode":"FX_WinNode","StartOffsetFrame":"36.83"},
	{"ID":"^","VFXName":"VFX_HeroCard_00","AnimStateName":"HeroCard_00","AttachNode":"FX_HeroCardNode00","StartOffsetFrame":"35.5"},
	{"ID":"^","VFXName":"VFX_HeroCard_01","AnimStateName":"HeroCard_01","AttachNode":"FX_HeroCardNode01","StartOffsetFrame":"48"},
	{"ID":"Leader_Druid_VFX","VFXName":"VFX_HeroLose_Warrior","AnimStateName":"Lose","AttachNode":"FX_LoseNode","StartOffsetFrame":"31.72"},
	{"ID":"^","VFXName":"VFX_HeroCard_00","AnimStateName":"HeroCard_00","AttachNode":"FX_HeroCardNode00","StartOffsetFrame":"35.25"},
	{"ID":"^","VFXName":"VFX_HeroCard_01","AnimStateName":"HeroCard_01","AttachNode":"FX_HeroCardNode01","StartOffsetFrame":"45.6"},
	{"ID":"Leader_Druid_Gen_VFX","VFXName":"VFX_HeroLose_Gork","AnimStateName":"Lose","AttachNode":"FX_LoseNode","StartOffsetFrame":"31.72"},
	{"ID":"^","VFXName":"VFX_HeroCard_00","AnimStateName":"HeroCard_00","AttachNode":"FX_HeroCardNode00","StartOffsetFrame":"41.29"},
	{"ID":"^","VFXName":"VFX_HeroCard_01","AnimStateName":"HeroCard_01","AttachNode":"FX_HeroCardNode01","StartOffsetFrame":"41.29"},
	{"ID":"Leader_Medusa_VFX","VFXName":"VFX_HeroLose_Medusa","AnimStateName":"Lose","AttachNode":"FX_LoseNode","StartOffsetFrame":"61.81"},
	{"ID":"^"},
	{"ID":"^","VFXName":"VFX_HeroCard_00","AnimStateName":"HeroCard_00","AttachNode":"FX_HeroCardNode00","StartOffsetFrame":"35.25"},
	{"ID":"^","VFXName":"VFX_HeroCard_01","AnimStateName":"HeroCard_01","AttachNode":"FX_HeroCardNode01","StartOffsetFrame":"46.82"},
	{"ID":"Leader_Dwarf_VFX","VFXName":"VFX_HeroLose_Dwarf","AnimStateName":"Lose","AttachNode":"FX_LoseNode","StartOffsetFrame":"61.63"},
	{"ID":"^","VFXName":"VFX_HeroCard_00","AnimStateName":"HeroCard_00","AttachNode":"FX_HeroCardNode00","StartOffsetFrame":"36.38"},
	{"ID":"^","VFXName":"VFX_HeroCard_01","AnimStateName":"HeroCard_01","AttachNode":"FX_HeroCardNode01","StartOffsetFrame":"43.6"},
	{"ID":"Leader_Minotaur_VFX","VFXName":"VFX_HeroCard_00","AnimStateName":"HeroCard_00","AttachNode":"FX_HeroCardNode00","StartOffsetFrame":"43.21"},
	{"ID":"^","VFXName":"VFX_HeroCard_01","AnimStateName":"HeroCard_01","AttachNode":"FX_HeroCardNode01","StartOffsetFrame":"56.07"},
	{"ID":"Leader_Minotaur_Gen_VFX","VFXName":"VFX_HeroCard_00","AnimStateName":"HeroCard_00","AttachNode":"FX_HeroCardNode00","StartOffsetFrame":"44.76"},
	{"ID":"^","VFXName":"VFX_HeroCard_01","AnimStateName":"HeroCard_01","AttachNode":"FX_HeroCardNode01","StartOffsetFrame":"44.76"},
	{"ID":"Leader_Wizard_VFX","VFXName":"VFX_HeroLose_Wizard","AnimStateName":"Lose","AttachNode":"FX_LoseNodeHand","StartOffsetFrame":"23.95"},
	{"ID":"^","VFXName":"VFX_HeroCard_00","AnimStateName":"Lose","AttachNode":"FX_LoseNodeEyeR","StartOffsetFrame":"22.95"},
	{"ID":"^","VFXName":"VFX_HeroCard_00","AnimStateName":"Lose","AttachNode":"FX_LoseNodeEyeL","StartOffsetFrame":"22.95"},
	{"ID":"^","VFXName":"VFX_HeroCard_00","AnimStateName":"HeroCard_00","AttachNode":"FX_HeroCardNode00","StartOffsetFrame":"35.25"},
	{"ID":"^","VFXName":"VFX_HeroCard_01","AnimStateName":"HeroCard_01","AttachNode":"FX_HeroCardNode01","StartOffsetFrame":"34.32"}
]
