[
	{"ID":"Tutorial","QuestLine":"Tutorial"},
	{"ID":"League1","Name":"!!LEAGUE_League1_NAME","BackgroundTexture":"Backdrop_Treehouse","FrameTexture":"TreeFort_Banner","PortraitTexture":"Jake_Battle_Image","QuestLine":"Main"},
	{"ID":"League2","Name":"!!LEAGUE_League2_NAME","BackgroundTexture":"Backdrop_Beach","FrameTexture":"BadLands_Banner","PortraitTexture":"Finn_Battle_Image","QuestLine":"Main"},
	{"ID":"League3","Name":"!!LEAGUE_League3_NAME","BackgroundTexture":"Backdrop_CandyKingdom","FrameTexture":"CandyKingdom_Banner","PortraitTexture":"PBG_Battle_Image","QuestLine":"Main"},
	{"ID":"League4","Name":"!!LEAGUE_League4_NAME","BackgroundTexture":"Backdrop_Marcelines","FrameTexture":"MarcelinesCave_Banner","PortraitTexture":"Marceline_Battle_Image","QuestLine":"Main"},
	{"ID":"League5","Name":"!!LEAGUE_League5_NAME","BackgroundTexture":"Backdrop_FireKingdom","FrameTexture":"FireKingdom_Banner","PortraitTexture":"FlamePrincess_Battle_Image","QuestLine":"Main"},
	{"ID":"League6","Name":"!!LEAGUE_League6_NAME","BackgroundTexture":"Backdrop_LumpySpace","FrameTexture":"LumpySpace_Banner","PortraitTexture":"LSP_Battle_Image","QuestLine":"Main"},
	{"ID":"League7","Name":"!!LEAGUE_League7_NAME","BackgroundTexture":"Backdrop_OilRig","FrameTexture":"OilRig_Banner","PortraitTexture":"GrandPrix_Battle_Image","QuestLine":"Main"},
	{"ID":"League8","Name":"!!LEAGUE_League8_NAME","BackgroundTexture":"Backdrop_Treehouse","FrameTexture":"TreeFort_Banner","PortraitTexture":"Jake_Battle_Image","QuestLine":"Main","HideUntil":"League7"},
	{"ID":"League9","Name":"!!LEAGUE_League9_NAME","BackgroundTexture":"Backdrop_Beach","FrameTexture":"BadLands_Banner","PortraitTexture":"Finn_Battle_Image","QuestLine":"Main","HideUntil":"League8"},
	{"ID":"League10","Name":"!!LEAGUE_League10_NAME","BackgroundTexture":"Backdrop_CandyKingdom","FrameTexture":"CandyKingdom_Banner","PortraitTexture":"PBG_Battle_Image","QuestLine":"Main","HideUntil":"League9"},
	{"ID":"League11","Name":"!!LEAGUE_League11_NAME","BackgroundTexture":"Backdrop_Marcelines","FrameTexture":"MarcelinesCave_Banner","PortraitTexture":"Marceline_Battle_Image","QuestLine":"Main","HideUntil":"League10"},
	{"ID":"League12","Name":"!!LEAGUE_League12_NAME","BackgroundTexture":"Backdrop_FireKingdom","FrameTexture":"FireKingdom_Banner","PortraitTexture":"FlamePrincess_Battle_Image","QuestLine":"Main","HideUntil":"League11"},
	{"ID":"League13","Name":"!!LEAGUE_League13_NAME","BackgroundTexture":"Backdrop_LumpySpace","FrameTexture":"LumpySpace_Banner","PortraitTexture":"LSP_Battle_Image","QuestLine":"Main","HideUntil":"League12"},
	{"ID":"League14","Name":"!!LEAGUE_League14_NAME","BackgroundTexture":"Backdrop_OilRig","FrameTexture":"OilRig_Banner","PortraitTexture":"GrandPrix_Battle_Image","QuestLine":"Main","HideUntil":"League13"},
	{"ID":"League15","Name":"!!LEAGUE_League15_NAME","BackgroundTexture":"Backdrop_IceCave","FrameTexture":"IceKingdom_Banner","PortraitTexture":"BMO_Battle_Image","QuestLine":"Main","HideUntil":"League14"},
	{"ID":"League16","Name":"Corn Kingdom","BackgroundTexture":"Backdrop_Treehouse","FrameTexture":"TreeFort_Banner","PortraitTexture":"Jake_Battle_Image","QuestLine":"Main","HideUntil":"League15"},
	{"ID":"League17","Name":"Classic Game","BackgroundTexture":"Backdrop_Treehouse","FrameTexture":"TreeFort_Banner","PortraitTexture":"BMO_Battle_Image","QuestLine":"Main","HideUntil":"League16"},
	{"ID":"League18","Name":"Original Mix Melee","BackgroundTexture":"Backdrop_Beach","FrameTexture":"BadLands_Banner","PortraitTexture":"Finn_Battle_Image","QuestLine":"Main","HideUntil":"League17"},
	{"ID":"League19","Name":"7 Of Color","BackgroundTexture":"Backdrop_Beach","FrameTexture":"BadLands_Banner","PortraitTexture":"LadyCorn_Battle_Image","QuestLine":"Main","HideUntil":"League18"},
	{"ID":"League20","Name":"Candy Factory","BackgroundTexture":"Backdrop_CandyKingdom","FrameTexture":"CandyKingdom_Banner","PortraitTexture":"PBG_Battle_Image","QuestLine":"Main","HideUntil":"League19"},
	{"ID":"League21","Name":"Sour Vizier","BackgroundTexture":"Backdrop_CandyKingdom","FrameTexture":"CandyKingdom_Banner","PortraitTexture":"Lemongrab_Battle_Image","QuestLine":"Main","HideUntil":"League20"},
	{"ID":"League22","Name":"Darkness Barrier","BackgroundTexture":"Backdrop_Marcelines","FrameTexture":"MarcelinesCave_Banner","PortraitTexture":"Marceline_Battle_Image","QuestLine":"Main","HideUntil":"League21"},
	{"ID":"League23","Name":"Guest in the Cave","BackgroundTexture":"Backdrop_Marcelines","FrameTexture":"MarcelinesCave_Banner","PortraitTexture":"Finn_Battle_Image","QuestLine":"Main","HideUntil":"League22"},
	{"ID":"League24","Name":"Immortal Dark Power","BackgroundTexture":"Backdrop_Marcelines","FrameTexture":"MarcelinesCave_Banner","PortraitTexture":"PeppermintButler_Battle_Image","QuestLine":"Main","HideUntil":"League23"},
	{"ID":"DungeonMaps","Name":"!!DUNGEON_MAPS","BackgroundTexture":"PVP_Banner_04","FrameTexture":"Creature_Dungeon_Banner","PortraitTexture":"BMO_Battle_Image","LeagueIconTexture":"Icon_DungeonMaps","QuestLine":"Special"},
	{"ID":"Monday","Name":"!!LEAGUE_Monday_NAME","BackgroundTexture":"Monday_Dungeon_Banner","FrameTexture":"Monday_Dungeon_Banner","PortraitTexture":"BMO_Battle_Image","LeagueIconTexture":"Icon_Monday","QuestLine":"Special","LeaguePreview":"12h","StartTime1":"Monday"},
	{"ID":"Tuesday","Name":"!!LEAGUE_Tuesday_NAME","BackgroundTexture":"Tuesday_Dungeon_Banner","FrameTexture":"Tuesday_Dungeon_Banner","PortraitTexture":"BMO_Battle_Image","LeagueIconTexture":"Icon_Tuesday","QuestLine":"Special","LeaguePreview":"12h","StartTime1":"Tuesday"},
	{"ID":"Wednesday","Name":"!!LEAGUE_Wednesday_NAME","BackgroundTexture":"Wednesday_Dungeon_Banner","FrameTexture":"Wednesday_Dungeon_Banner","PortraitTexture":"BMO_Battle_Image","LeagueIconTexture":"Icon_Wednesday","QuestLine":"Special","LeaguePreview":"12h","StartTime1":"Wednesday"},
	{"ID":"Thursday","Name":"!!LEAGUE_Thursday_NAME","BackgroundTexture":"Thursday_Dungeon_Banner","FrameTexture":"Thursday_Dungeon_Banner","PortraitTexture":"BMO_Battle_Image","LeagueIconTexture":"Icon_Thursday","QuestLine":"Special","LeaguePreview":"12h","StartTime1":"Thursday"},
	{"ID":"Friday","Name":"!!LEAGUE_Friday_NAME","BackgroundTexture":"Friday_Dungeon_Banner","FrameTexture":"Friday_Dungeon_Banner","PortraitTexture":"BMO_Battle_Image","LeagueIconTexture":"Icon_Friday","QuestLine":"Special","LeaguePreview":"12h","StartTime1":"Friday"},
	{"ID":"Saturday","Name":"!!LEAGUE_Saturday_NAME","BackgroundTexture":"Saturday_Dungeon_Banner","FrameTexture":"Saturday_Dungeon_Banner","PortraitTexture":"BMO_Battle_Image","LeagueIconTexture":"Icon_Saturday","QuestLine":"Special","LeaguePreview":"12h","StartTime1":"Saturday"},
	{"ID":"Sunday","Name":"!!LEAGUE_Sunday_NAME","BackgroundTexture":"Sunday_Dungeon_Banner","FrameTexture":"Sunday_Dungeon_Banner","PortraitTexture":"BMO_Battle_Image","LeagueIconTexture":"Icon_Sunday","QuestLine":"Special","LeaguePreview":"12h","StartTime1":"Sunday"},
	{"ID":"SnackHour","Name":"!!LEAGUE_SnackHour_NAME","BackgroundTexture":"SnackHour_Dungeon_Banner","FrameTexture":"SnackHour_Dungeon_Banner","PortraitTexture":"BMO_Battle_Image","LeagueIconTexture":"Icon_SnackHour","QuestLine":"Special","LeaguePreview":"8h","RandomInterval":"Daily","RandomCount":"2","RandomDuration":"2h"},
	{"ID":"FancyMeal","Name":"!!LEAGUE_FancyMeal_NAME","BackgroundTexture":"FancyMeal_Dungeon_Banner","FrameTexture":"FancyMeal_Dungeon_Banner","PortraitTexture":"BMO_Battle_Image","LeagueIconTexture":"Icon_FancyMeal","QuestLine":"Special","LeaguePreview":"12h","StartTime1":"","EndTime1":"","StartTime2":"9/18/2016","EndTime2":"9/21/2060","StartTime3":"10/2/2016","EndTime3":"10/5/2060","StartTime4":"10/16/2016","EndTime4":"10/19/2016","StartTime5":"10/27/2016","EndTime5":"10/30/2016","StartTime6":"11/15/2016","EndTime6":"11/18/2016","StartTime7":"11/27/2016","EndTime7":"11/30/2016","StartTime8":"12/11/2016","EndTime8":"12/14/2016","StartTime9":"12/29/2016","EndTime9":"1/1/2017","StartTime10":"1/14/2017","EndTime10":"1/17/2017","NotificationOn":"True"},
	{"ID":"CakeCorn","Name":"!!LEAGUE_CakeCorn_NAME","BackgroundTexture":"Cake_Dungeon_Banner","FrameTexture":"Cake_Dungeon_Banner","PortraitTexture":"BMO_Battle_Image","QuestLine":"Special","LeaguePreview":"3h","RandomInterval":"Daily","RandomCount":"1","RandomDuration":"1h","NotificationOn":"True"},
	{"ID":"CakePlains","Name":"!!LEAGUE_CakePlains_NAME","BackgroundTexture":"Cake_Dungeon_Banner","FrameTexture":"Cake_Dungeon_Banner","PortraitTexture":"BMO_Battle_Image","QuestLine":"Special","LeaguePreview":"3h","RandomInterval":"Daily","RandomCount":"1","RandomDuration":"1h","NotificationOn":"True"},
	{"ID":"CakeSand","Name":"!!LEAGUE_CakeSand_NAME","BackgroundTexture":"Cake_Dungeon_Banner","FrameTexture":"Cake_Dungeon_Banner","PortraitTexture":"BMO_Battle_Image","QuestLine":"Special","LeaguePreview":"3h","RandomInterval":"Daily","RandomCount":"1","RandomDuration":"1h","NotificationOn":"True"},
	{"ID":"CakeNice","Name":"!!LEAGUE_CakeNice_NAME","BackgroundTexture":"Cake_Dungeon_Banner","FrameTexture":"Cake_Dungeon_Banner","PortraitTexture":"BMO_Battle_Image","QuestLine":"Special","LeaguePreview":"3h","RandomInterval":"Daily","RandomCount":"1","RandomDuration":"1h","NotificationOn":"True"},
	{"ID":"CakeSwamp","Name":"!!LEAGUE_CakeSwamp_NAME","BackgroundTexture":"Cake_Dungeon_Banner","FrameTexture":"Cake_Dungeon_Banner","PortraitTexture":"BMO_Battle_Image","QuestLine":"Special","LeaguePreview":"3h","RandomInterval":"Daily","RandomCount":"1","RandomDuration":"1h","NotificationOn":"True"},
	{"ID":"GoldDungeon","Name":"!!LEAGUE_GoldDungeon_NAME","BackgroundTexture":"Gold_Dungeon_Banner","FrameTexture":"Gold_Dungeon_Banner","PortraitTexture":"BMO_Battle_Image","QuestLine":"Special","LeaguePreview":"3h","RandomInterval":"Daily","RandomCount":"1","RandomDuration":"1h","NotificationOn":"True"},
	{"ID":"RICH_DUNGEON","Name":"Who want Rich???","BackgroundTexture":"Gold_Dungeon_Banner","FrameTexture":"Gold_Dungeon_Banner","PortraitTexture":"BMO_Battle_Image","QuestLine":"Special","LeaguePreview":"24h","StartTime1":"","EndTime1":""},
	{"ID":"CORN_0006_DUNGEON","Name":"!!LEAGUE_CORN_0006_DUNGEON_NAME","BackgroundTexture":"Card_Dungeon_Banner","FrameTexture":"Card_Dungeon_Banner","PortraitTexture":"BMO_Battle_Image","QuestLine":"Special","LeaguePreview":"24h","RandomInterval":"Monthly","RandomCount":"5","RandomDuration":"2h"},
	{"ID":"CORN_0008_DUNGEON","Name":"!!LEAGUE_CORN_0008_DUNGEON_NAME","BackgroundTexture":"Card_Dungeon_Banner","FrameTexture":"Card_Dungeon_Banner","PortraitTexture":"BMO_Battle_Image","QuestLine":"Special","LeaguePreview":"24h","RandomInterval":"Monthly","RandomCount":"5","RandomDuration":"2h"},
	{"ID":"CORN_0031_DUNGEON","Name":"CARD - Ghost of Maize","BackgroundTexture":"Card_Dungeon_Banner","FrameTexture":"Card_Dungeon_Banner","PortraitTexture":"BMO_Battle_Image","QuestLine":"Special","LeaguePreview":"24h","RandomInterval":"Monthly","RandomCount":"5","RandomDuration":"2h"},
	{"ID":"CORN_0045_DUNGEON","Name":"CARD - River Of Swords","BackgroundTexture":"Card_Dungeon_Banner","FrameTexture":"Card_Dungeon_Banner","PortraitTexture":"BMO_Battle_Image","QuestLine":"Special","LeaguePreview":"24h","RandomInterval":"Monthly","RandomCount":"5","RandomDuration":"2h"},
	{"ID":"CORN_0004_DUNGEON","Name":"!!LEAGUE_CORN_0004_DUNGEON_NAME","BackgroundTexture":"Card_Dungeon_Banner","FrameTexture":"Card_Dungeon_Banner","PortraitTexture":"BMO_Battle_Image","QuestLine":"Special","LeaguePreview":"24h","RandomInterval":"Monthly","RandomCount":"5","RandomDuration":"2h"},
	{"ID":"CORN_0024_DUNGEON","Name":"!!LEAGUE_CORN_0024_DUNGEON_NAME","BackgroundTexture":"Card_Dungeon_Banner","FrameTexture":"Card_Dungeon_Banner","PortraitTexture":"BMO_Battle_Image","QuestLine":"Special","LeaguePreview":"24h","RandomInterval":"Monthly","RandomCount":"5","RandomDuration":"2h"},
	{"ID":"CORN_0002_DUNGEON","Name":"!!LEAGUE_CORN_0002_DUNGEON_NAME","BackgroundTexture":"Card_Dungeon_Banner","FrameTexture":"Card_Dungeon_Banner","PortraitTexture":"BMO_Battle_Image","QuestLine":"Special","LeaguePreview":"24h","RandomInterval":"Monthly","RandomCount":"5","RandomDuration":"2h"},
	{"ID":"PLAINS_0003_DUNGEON","Name":"!!LEAGUE_PLAINS_0003_DUNGEON_NAME","BackgroundTexture":"Card_Dungeon_Banner","FrameTexture":"Card_Dungeon_Banner","PortraitTexture":"BMO_Battle_Image","QuestLine":"Special","LeaguePreview":"24h","RandomInterval":"Monthly","RandomCount":"5","RandomDuration":"2h"},
	{"ID":"PLAINS_0004_DUNGEON","Name":"!!LEAGUE_PLAINS_0004_DUNGEON_NAME","BackgroundTexture":"Card_Dungeon_Banner","FrameTexture":"Card_Dungeon_Banner","PortraitTexture":"BMO_Battle_Image","QuestLine":"Special","LeaguePreview":"24h","RandomInterval":"Monthly","RandomCount":"5","RandomDuration":"2h"},
	{"ID":"PLAINS_0021_DUNGEON","Name":"CARD - Diplomatic Immunity","BackgroundTexture":"Card_Dungeon_Banner","FrameTexture":"Card_Dungeon_Banner","PortraitTexture":"BMO_Battle_Image","QuestLine":"Special","LeaguePreview":"24h","RandomInterval":"Monthly","RandomCount":"5","RandomDuration":"2h"},
	{"ID":"PLAINS_0026_DUNGEON","Name":"!!LEAGUE_PLAINS_0026_DUNGEON_NAME","BackgroundTexture":"Card_Dungeon_Banner","FrameTexture":"Card_Dungeon_Banner","PortraitTexture":"BMO_Battle_Image","QuestLine":"Special","LeaguePreview":"24h","RandomInterval":"Monthly","RandomCount":"5","RandomDuration":"2h"},
	{"ID":"PLAINS_0013_DUNGEON","Name":"!!LEAGUE_PLAINS_0013_DUNGEON_NAME","BackgroundTexture":"Card_Dungeon_Banner","FrameTexture":"Card_Dungeon_Banner","PortraitTexture":"BMO_Battle_Image","QuestLine":"Special","LeaguePreview":"24h","RandomInterval":"Monthly","RandomCount":"5","RandomDuration":"2h"},
	{"ID":"PLAINS_0008_DUNGEON","Name":"!!LEAGUE_PLAINS_0008_DUNGEON_NAME","BackgroundTexture":"Card_Dungeon_Banner","FrameTexture":"Card_Dungeon_Banner","PortraitTexture":"BMO_Battle_Image","QuestLine":"Special","LeaguePreview":"24h","RandomInterval":"Monthly","RandomCount":"5","RandomDuration":"2h"},
	{"ID":"SAND_0001_DUNGEON","Name":"!!LEAGUE_SAND_0001_DUNGEON_NAME","BackgroundTexture":"Card_Dungeon_Banner","FrameTexture":"Card_Dungeon_Banner","PortraitTexture":"BMO_Battle_Image","QuestLine":"Special","LeaguePreview":"24h","RandomInterval":"Monthly","RandomCount":"5","RandomDuration":"2h"},
	{"ID":"SAND_0002_DUNGEON","Name":"!!LEAGUE_SAND_0002_DUNGEON_NAME","BackgroundTexture":"Card_Dungeon_Banner","FrameTexture":"Card_Dungeon_Banner","PortraitTexture":"BMO_Battle_Image","QuestLine":"Special","LeaguePreview":"24h","RandomInterval":"Monthly","RandomCount":"5","RandomDuration":"2h"},
	{"ID":"SAND_0015_DUNGEON","Name":"!!LEAGUE_SAND_0015_DUNGEON_NAME","BackgroundTexture":"Card_Dungeon_Banner","FrameTexture":"Card_Dungeon_Banner","PortraitTexture":"BMO_Battle_Image","QuestLine":"Special","LeaguePreview":"24h","RandomInterval":"Monthly","RandomCount":"5","RandomDuration":"2h"},
	{"ID":"SAND_0005_DUNGEON","Name":"!!LEAGUE_SAND_0005_DUNGEON_NAME","BackgroundTexture":"Card_Dungeon_Banner","FrameTexture":"Card_Dungeon_Banner","PortraitTexture":"BMO_Battle_Image","QuestLine":"Special","LeaguePreview":"24h","RandomInterval":"Monthly","RandomCount":"5","RandomDuration":"2h"},
	{"ID":"SAND_0003_DUNGEON","Name":"!!LEAGUE_SAND_0003_DUNGEON_NAME","BackgroundTexture":"Card_Dungeon_Banner","FrameTexture":"Card_Dungeon_Banner","PortraitTexture":"BMO_Battle_Image","QuestLine":"Special","LeaguePreview":"24h","RandomInterval":"Monthly","RandomCount":"5","RandomDuration":"2h"},
	{"ID":"SAND_0017_DUNGEON","Name":"!!LEAGUE_SAND_0017_DUNGEON_NAME","BackgroundTexture":"Card_Dungeon_Banner","FrameTexture":"Card_Dungeon_Banner","PortraitTexture":"BMO_Battle_Image","QuestLine":"Special","LeaguePreview":"24h","RandomInterval":"Monthly","RandomCount":"5","RandomDuration":"2h"},
	{"ID":"SAND_0047_DUNGEON","Name":"CARD - Last Will Detriment","BackgroundTexture":"Card_Dungeon_Banner","FrameTexture":"Card_Dungeon_Banner","PortraitTexture":"BMO_Battle_Image","QuestLine":"Special","LeaguePreview":"24h","RandomInterval":"Monthly","RandomCount":"5","RandomDuration":"2h"},
	{"ID":"NICE_0001_DUNGEON","Name":"!!LEAGUE_NICE_0001_DUNGEON_NAME","BackgroundTexture":"Card_Dungeon_Banner","FrameTexture":"Card_Dungeon_Banner","PortraitTexture":"BMO_Battle_Image","QuestLine":"Special","LeaguePreview":"24h","RandomInterval":"Monthly","RandomCount":"5","RandomDuration":"2h"},
	{"ID":"NICE_0027_DUNGEON","Name":"!!LEAGUE_NICE_0027_DUNGEON_NAME","BackgroundTexture":"Card_Dungeon_Banner","FrameTexture":"Card_Dungeon_Banner","PortraitTexture":"BMO_Battle_Image","QuestLine":"Special","LeaguePreview":"24h","RandomInterval":"Monthly","RandomCount":"5","RandomDuration":"2h"},
	{"ID":"NICE_0019_DUNGEON","Name":"!!LEAGUE_NICE_0019_DUNGEON_NAME","BackgroundTexture":"Card_Dungeon_Banner","FrameTexture":"Card_Dungeon_Banner","PortraitTexture":"BMO_Battle_Image","QuestLine":"Special","LeaguePreview":"24h","RandomInterval":"Monthly","RandomCount":"5","RandomDuration":"2h"},
	{"ID":"NICE_0028_DUNGEON","Name":"!!LEAGUE_NICE_0028_DUNGEON_NAME","BackgroundTexture":"Card_Dungeon_Banner","FrameTexture":"Card_Dungeon_Banner","PortraitTexture":"BMO_Battle_Image","QuestLine":"Special","LeaguePreview":"24h","RandomInterval":"Monthly","RandomCount":"5","RandomDuration":"2h"},
	{"ID":"NICE_0030_DUNGEON","Name":"!!LEAGUE_NICE_0030_DUNGEON_NAME","BackgroundTexture":"Card_Dungeon_Banner","FrameTexture":"Card_Dungeon_Banner","PortraitTexture":"BMO_Battle_Image","QuestLine":"Special","LeaguePreview":"24h","RandomInterval":"Monthly","RandomCount":"5","RandomDuration":"2h"},
	{"ID":"NICE_0043_DUNGEON","Name":"CARD - Fruit Cake","BackgroundTexture":"Card_Dungeon_Banner","FrameTexture":"Card_Dungeon_Banner","PortraitTexture":"BMO_Battle_Image","QuestLine":"Special","LeaguePreview":"24h","RandomInterval":"Monthly","RandomCount":"5","RandomDuration":"2h"},
	{"ID":"SWAMP_0001_DUNGEON","Name":"!!LEAGUE_SWAMP_0001_DUNGEON_NAME","BackgroundTexture":"Card_Dungeon_Banner","FrameTexture":"Card_Dungeon_Banner","PortraitTexture":"BMO_Battle_Image","QuestLine":"Special","LeaguePreview":"24h","RandomInterval":"Monthly","RandomCount":"5","RandomDuration":"2h"},
	{"ID":"SWAMP_0002_DUNGEON","Name":"!!LEAGUE_SWAMP_0002_DUNGEON_NAME","BackgroundTexture":"Card_Dungeon_Banner","FrameTexture":"Card_Dungeon_Banner","PortraitTexture":"BMO_Battle_Image","QuestLine":"Special","LeaguePreview":"24h","RandomInterval":"Monthly","RandomCount":"5","RandomDuration":"2h"},
	{"ID":"SWAMP_0005_DUNGEON","Name":"!!LEAGUE_SWAMP_0005_DUNGEON_NAME","BackgroundTexture":"Card_Dungeon_Banner","FrameTexture":"Card_Dungeon_Banner","PortraitTexture":"BMO_Battle_Image","QuestLine":"Special","LeaguePreview":"24h","RandomInterval":"Monthly","RandomCount":"5","RandomDuration":"2h"},
	{"ID":"SWAMP_0009_DUNGEON","Name":"!!LEAGUE_SWAMP_0009_DUNGEON_NAME","BackgroundTexture":"Card_Dungeon_Banner","FrameTexture":"Card_Dungeon_Banner","PortraitTexture":"BMO_Battle_Image","QuestLine":"Special","LeaguePreview":"24h","RandomInterval":"Monthly","RandomCount":"5","RandomDuration":"2h"},
	{"ID":"SWAMP_0031_DUNGEON","Name":"!!LEAGUE_SWAMP_0031_DUNGEON_NAME","BackgroundTexture":"Card_Dungeon_Banner","FrameTexture":"Card_Dungeon_Banner","PortraitTexture":"BMO_Battle_Image","QuestLine":"Special","LeaguePreview":"24h","RandomInterval":"Monthly","RandomCount":"5","RandomDuration":"2h"},
	{"ID":"SWAMP_0003_DUNGEON","Name":"CARD - Skeleton Key","BackgroundTexture":"Card_Dungeon_Banner","FrameTexture":"Card_Dungeon_Banner","PortraitTexture":"BMO_Battle_Image","QuestLine":"Special","LeaguePreview":"24h","RandomInterval":"Monthly","RandomCount":"5","RandomDuration":"2h"},
	{"ID":"SWAMP_0051_DUNGEON","Name":"CARD - Gossamer Beam","BackgroundTexture":"Card_Dungeon_Banner","FrameTexture":"Card_Dungeon_Banner","PortraitTexture":"BMO_Battle_Image","QuestLine":"Special","LeaguePreview":"24h","RandomInterval":"Monthly","RandomCount":"5","RandomDuration":"2h"},
	{"ID":"Bull_DUNGEON","Name":"Bullfighting","BackgroundTexture":"Creature_Dungeon_Banner","FrameTexture":"Creature_Dungeon_Banner","PortraitTexture":"FlamePrincess_Battle_Image","QuestLine":"Special","LeaguePreview":"24h","StartTime1":"","EndTime1":""},
	{"ID":"MutantZombieRex_DUNGEON","Name":"Mutant MONSTER!!!","BackgroundTexture":"Creature_Dungeon_Banner","FrameTexture":"Creature_Dungeon_Banner","PortraitTexture":"Marceline_Battle_Image","QuestLine":"Special","LeaguePreview":"24h","StartTime1":"5/1/2002","EndTime1":"5/2/2002"},
	{"ID":"Sludger_DUNGEON","Name":"Reptile MONSTER!!!","BackgroundTexture":"Creature_Dungeon_Banner","FrameTexture":"Creature_Dungeon_Banner","PortraitTexture":"Jake_Battle_Image","QuestLine":"Special","LeaguePreview":"24h","StartTime1":"5/1/2002","EndTime1":"5/2/2002"},{"ID":"PlainJane_DUNGEON","Name":"!!LEAGUE_PlainJane_DUNGEON_NAME","BackgroundTexture":"Creature_Dungeon_Banner","FrameTexture":"Creature_Dungeon_Banner","PortraitTexture":"Marceline_Battle_Image","QuestLine":"Special","LeaguePreview":"24h","StartTime1":"","EndTime1":""},
	{"ID":"HuskerDragon_DUNGEON","Name":"!!LEAGUE_HuskerDragon_DUNGEON_NAME","BackgroundTexture":"Creature_Dungeon_Banner","FrameTexture":"Creature_Dungeon_Banner","PortraitTexture":"Jake_Battle_Image","QuestLine":"Special","LeaguePreview":"24h","StartTime1":"","EndTime1":""},
	{"ID":"AlecSander_DUNGEON","Name":"!!LEAGUE_AlecSander_DUNGEON_NAME","BackgroundTexture":"Creature_Dungeon_Banner","FrameTexture":"Creature_Dungeon_Banner","PortraitTexture":"FlamePrincess_Battle_Image","QuestLine":"Special","LeaguePreview":"24h","StartTime1":"","EndTime1":""},
	{"ID":"Birds_DUNGEON","Name":"Good Wing, Bad Wing","BackgroundTexture":"Creature_Dungeon_Banner","FrameTexture":"Creature_Dungeon_Banner","PortraitTexture":"PBG_Battle_Image","QuestLine":"Special","LeaguePreview":"8h","RandomInterval":"Daily","RandomCount":"2","RandomDuration":"2h"},
	{"ID":"ENERGYDRINK_DUNGEON","Name":"Cotton Family","BackgroundTexture":"Creature_Dungeon_Banner","FrameTexture":"Creature_Dungeon_Banner","PortraitTexture":"PBG_Battle_Image","QuestLine":"Special","LeaguePreview":"24h","StartTime1":"","EndTime1":""},
	{"ID":"SPIDER_DUNGEON","Name":"Toxic Cave","BackgroundTexture":"Creature_Dungeon_Banner","FrameTexture":"Creature_Dungeon_Banner","PortraitTexture":"Marceline_Battle_Image","QuestLine":"Special","LeaguePreview":"24h","StartTime1":"","EndTime1":""},
	{"ID":"EARL_DUNGEON","Name":"Plains Warrior","BackgroundTexture":"Creature_Dungeon_Banner","FrameTexture":"Creature_Dungeon_Banner","PortraitTexture":"GrandPrix_Battle_Image","QuestLine":"Special","LeaguePreview":"24h","StartTime1":"","EndTime1":""},
	{"ID":"LadyScarab_Crit_DUNGEON","Name":"CRITICALS ONLY - Lady Scarab","BackgroundTexture":"Creature_Dungeon_Banner","FrameTexture":"Creature_Dungeon_Banner","PortraitTexture":"Marceline_Battle_Image","QuestLine":"Special","LeaguePreview":"24h","StartTime1":"","EndTime1":""},
	{"ID":"AncientScholar_RandEnergy_DUNGEON","Name":"ENERGY SCRAMBLE - Ancient Scolar","BackgroundTexture":"Creature_Dungeon_Banner","FrameTexture":"Creature_Dungeon_Banner","PortraitTexture":"Marceline_Battle_Image","QuestLine":"Special","LeaguePreview":"24h","StartTime1":"","EndTime1":""}
]
