[
	{"Parameter":"SecondsPerStamina","Value":"1"},
	{"Parameter":"StaminaRefillCost","Value":"50"},
	{"Parameter":"MaxPvpStamina","Value":"999"},
	{"Parameter":"PvpStaminaMatchCost","Value":"1"},
	{"Parameter":"SecondsPerPvpStamina","Value":"3600"},
	{"Parameter":"StartingLoadoutCount","Value":"5"},
	{"Parameter":"TownGridSpacing","Value":"1"},
	{"Parameter":"TownBuildingCollisionHeight","Value":"2"},
	{"Parameter":"TownAutoPlacementPadding","Value":"5"},
	{"Parameter":"ReviveCost","Value":"100"},
	{"Parameter":"StartingInventorySpace","Value":"25"},
	{"Parameter":"MaxInventorySpace","Value":"1000"},
	{"Parameter":"InventorySpacePurchaseCost","Value":"100"},
	{"Parameter":"InventorySpacePerPurchase","Value":"10"},
	{"Parameter":"StartingActionPoints","Value":"2"},
	{"Parameter":"StartingStaminaPoints","Value":"50"},
	{"Parameter":"CriticalPercent","Value":"50"},
	{"Parameter":"DrawToHandSize","Value":"True"},
	{"Parameter":"HandSize","Value":"5"},
	{"Parameter":"CardsToDraw","Value":"2"},
	{"Parameter":"ActionPointsPerDiscard","Value":"0"},
	{"Parameter":"SpecialQuestPreviewDays","Value":"1"},
	{"Parameter":"SpecialQuestExpiredDays","Value":"0"},
	{"Parameter":"LeagueBonusPreviewHours","Value":"12"},
	{"Parameter":"TutorialCreature","Value":"CornBall_Base"},
	{"Parameter":"TutorialEVOCreature","Value":"CoolDog_Base"},
	{"Parameter":"ExtensionCardWeight","Value":"20"},
	{"Parameter":"MaxActionPoints","Value":"10"},
	{"Parameter":"ActionPointIncrement","Value":"1"},
	{"Parameter":"HelpRewardForExplorer","Value":"10"},
	{"Parameter":"HelpRewardForAlly","Value":"50"},
	{"Parameter":"StartingAllyBoxSpace","Value":"30"},
	{"Parameter":"MaxAllyBoxSpace","Value":"1000"},
	{"Parameter":"AllyBoxPurchaseCost","Value":"100"},
	{"Parameter":"AllyBoxPerPurchase","Value":"5"},
	{"Parameter":"TutorialBuyHero","Value":"Leader_Finn"},
	{"Parameter":"TutorialCards","Value":"CORN_0002,PLAINS_0003,SAND_0001,NICE_0006,SWAMP_0002"},
	{"Parameter":"PvpXPPercentPerBattle","Value":"3"},
	{"Parameter":"PvpEntryCostPercent","Value":"1"},
	{"Parameter":"PvPCompatibilityVersion","Value":"110"},
	{"Parameter":"ChatCompatibilityVersion","Value":"100"},
	{"Parameter":"PvPReconnectTimeoutHost","Value":"15"},
	{"Parameter":"PvPReconnectTimeoutClient","Value":"15"},
	{"Parameter":"PvPReconnectRetryCountHost","Value":"15"},
	{"Parameter":"PvPReconnectRetryCountClient","Value":"15"},
	{"Parameter":"PvPMessageAckTimeout","Value":"15"},
	{"Parameter":"PvPHeartBeat","Value":"5"},
	{"Parameter":"PvPResendDelay","Value":"1"},
	{"Parameter":"PvPLeaveDelay","Value":"0.5"},
	{"Parameter":"ForceDisableDebug","Value":"False"},
	{"Parameter":"UseGooglePlayKFFKey","Value":"False"},
	{"Parameter":"MultiplayerUnrankedSearchRange","Value":"5"},
	{"Parameter":"MultiplayerUnrankedSearchRange2ndPath","Value":"10"},
	{"Parameter":"MultiplayerUnrankedSearchRange3rdPath","Value":"15"},
	{"Parameter":"MultiplayerRankedSearchRange","Value":"4"},
	{"Parameter":"MultiplayerRankedSearchRange2ndPath","Value":"8"},
	{"Parameter":"MultiplayerRankedSearchRange3rdPath","Value":"12"},
	{"Parameter":"MultiplayerTimeLimitStart","Value":"45"},
	{"Parameter":"MultiplayerTimeLimitPerTurn","Value":"5"},
	{"Parameter":"MultiplayerTimeLimitShowAt","Value":"14"},
	{"Parameter":"MultiplayerNormalizedLevel","Value":"25"},
	{"Parameter":"DailyExpeditions","Value":"4"},
	{"Parameter":"ExpeditionBigSuccessChanceMultiplier","Value":"0.1"},
	{"Parameter":"NotificationReminderHours","Value":"24,72,168"},
	{"Parameter":"MaxMatchesInHistory","Value":"20"},
	{"Parameter":"iTunesStoreURL","Value":"itunes.apple.com/us/app/card-wars-kingdom-adventure/id1084805156?ls=1&mt=8&uo=4&at=11lmxx"},
	{"Parameter":"marketStoreURL","Value":"com.turner.cardwars2"},
	{"Parameter":"ShowInviteButtons","Value":"False"},
	{"Parameter":"ChatSegmentingMinutes","Value":"240"},
	{"Parameter":"ChatSeparateRegeon","Value":"False"},
	{"Parameter":"PvpEnable","Value":"True"},
	{"Parameter":"ChatEnable","Value":"True"},
	{"Parameter":"HarderHashCheck","Value":"False"},
	{"Parameter":"UseGameServerStats","Value":"False"},
	{"Parameter":"AndroidFBAccount","Value":"True"},
	{"Parameter":"GachaXpLevelsPerPlayerRank","Value":"0.1"},
	{"Parameter":"MaxGachaXpLevel","Value":"10"},
	{"Parameter":"DisableChat","Value":"False"},
	{"Parameter":"DisablePvp","Value":"False"},
	{"Parameter":"PvPHackThreshold","Value":"998900"},
	{"Parameter":"ThrottlePPM","Value":"0.4"},
	{"Parameter":"ThrottleMPM","Value":"0.3"},
	{"Parameter":"ThrottlePD","Value":"0.06"},
	{"Parameter":"ThrottleMD","Value":"0.02"},
	{"Parameter":"ThrottleDX","Value":"2"},
	{"Parameter":"StandardGachaMultiPullLimit","Value":"30"},
	{"Parameter":"PremiumGachaMultiPullLimit","Value":"15"},
	{"Parameter":"GachaChatAnnounceRarity","Value":"3"},
	{"Parameter":"ActiveCalendar","Value":"A"},
	{"Parameter":"RepeatingCalendar","Value":"RepeatA"},
	{"Parameter":"InviteRedeemReward","Value":"Pegasus_Base_Light"},
	{"Parameter":"GlobalSaleCooldownMinutes","Value":"15"},
	{"Parameter":"3StarThreshold","Value":"1"},
	{"Parameter":"2StarThreshold","Value":"2"},
	{"Parameter":"1StarThreshold","Value":"3"},
	{"Parameter":"CreaturesOnBoard","Value":"4"},
	{"Parameter":"CreaturesOnTeam","Value":"5"},
	{"Parameter":"AllowCreatureFusion","Value":"True"},
	{"Parameter":"StandardGachaCost","Value":"100"},
	{"Parameter":"PremiumGachaCost","Value":"50"},
	{"Parameter":"fbAgeGate","Value":"13"},
	{"Parameter":"chatAgeGate","Value":"18"},
	{"Parameter":"defaultTutCreature_Plains","Value":"AncientScholar_Base"},
	{"Parameter":"defaultTutCreature_Corn","Value":"HuskerKnight_Base"},
	{"Parameter":"defaultTutCreature_Nice","Value":"Shepard_Base"},
	{"Parameter":"BuySoftCurrencyCost","Value":"50"},
	{"Parameter":"BuySoftCurrencyAmount","Value":"10000"},
	{"Parameter":"AwakenEventStartDate"},
	{"Parameter":"AwakenEventEndDate"},
	{"Parameter":"AwakenEventBonus","Value":"1"}
]
