[
	{"MissionID":"All_Dailies_1","Name":"!!All_Dailies_1_NAME","Description":"!!MISSIONS_DAILIES_DESC","Script":"CompleteAllDailies","Val1":"3","Type":"Meta","HardCurrency":"100"},
	{"MissionID":"All_Dailies_2","Name":"!!All_Dailies_2_NAME","Description":"!!MISSIONS_DAILIES_DESC","Script":"CompleteAllDailies","Val1":"3","Type":"Meta","HardCurrency":"100"},
	{"MissionID":"All_Dailies_3","Name":"!!All_Dailies_3_NAME","Description":"!!MISSIONS_DAILIES_DESC","Script":"CompleteAllDailies","Val1":"3","Type":"Meta","HardCurrency":"100"},
	{"MissionID":"DLY_3_CollectRunes3","Name":"!!DLY_3_CollectRunes3_NAME","Description":"!!MISSIONS_LOOT2_DESC","Script":"CollectRunes","Val1":"3","Val2":"3","Type":"Meta","RankRequirement":"10","SocialCurrency":"100"},
	{"MissionID":"DLY_5_CollectXPMaterials3","Name":"!!DLY_5_CollectXPMaterials3_NAME","Description":"!!MISSIONS_LOOT1_DESC","Script":"CollectXPMaterials","Val1":"5","Val2":"3","Type":"Meta","SocialCurrency":"100"},
	{"MissionID":"DLY_10_GetCriticals","Name":"!!DLY_10_GetCriticals_NAME","Description":"!!MISSIONS_CRIT1_DESC","Script":"GetCriticals","Val1":"10","Type":"Battle","SocialCurrency":"100"},
	{"MissionID":"DLY_10_KillCreatures","Name":"!!DLY_10_KillCreatures_NAME","Description":"!!MISSIONS_DESTROY1_DESC","Script":"KillCreatures","Val1":"10","Type":"Battle","SocialCurrency":"100"},
	{"MissionID":"DLY_5_KillFactionCreatures1","Name":"!!DLY_5_KillFactionCreatures1_NAME","Description":"!!MISSIONS_DESTROY2_DESC","Script":"KillFactionCreatures","Val1":"5","Val2":"1","Type":"Battle","RankRequirement":"15","SocialCurrency":"100"},
	{"MissionID":"DLY_5_KillFactionCreatures3","Name":"!!DLY_5_KillFactionCreatures3_NAME","Description":"!!MISSIONS_DESTROY3_DESC","Script":"KillFactionCreatures","Val1":"5","Val2":"3","Type":"Battle","RankRequirement":"15","SocialCurrency":"100"},
	{"MissionID":"DLY_5_KillFactionCreatures2","Name":"!!DLY_5_KillFactionCreatures2_NAME","Description":"!!MISSIONS_DESTROY4_DESC","Script":"KillFactionCreatures","Val1":"5","Val2":"2","Type":"Battle","RankRequirement":"15","SocialCurrency":"100"},
	{"MissionID":"DLY_5_KillFactionCreatures5","Name":"!!DLY_5_KillFactionCreatures5_NAME","Description":"!!MISSIONS_DESTROY5_DESC","Script":"KillFactionCreatures","Val1":"5","Val2":"5","Type":"Battle","RankRequirement":"15","SocialCurrency":"100"},
	{"MissionID":"DLY_5_KillFactionCreatures4","Name":"!!DLY_5_KillFactionCreatures4_NAME","Description":"!!MISSIONS_DESTROY6_DESC","Script":"KillFactionCreatures","Val1":"5","Val2":"4","Type":"Battle","RankRequirement":"15","SocialCurrency":"100"},
	{"MissionID":"DLY_25_PlayCards","Name":"!!DLY_25_PlayCards_NAME","Description":"!!MISSIONS_PLAY1_DESC","Script":"PlayCards","Val1":"25","Type":"Battle","SocialCurrency":"100"},
	{"MissionID":"DLY_15_PlayFactionCards1","Name":"!!DLY_15_PlayFactionCards1_NAME","Description":"!!MISSIONS_PLAY2_DESC","Script":"PlayFactionCards","Val1":"15","Val2":"1","Type":"Battle","RankRequirement":"15","SocialCurrency":"100"},
	{"MissionID":"DLY_15_PlayFactionCards3","Name":"!!DLY_15_PlayFactionCards3_NAME","Description":"!!MISSIONS_PLAY3_DESC","Script":"PlayFactionCards","Val1":"15","Val2":"3","Type":"Battle","RankRequirement":"15","SocialCurrency":"100"},
	{"MissionID":"DLY_15_PlayFactionCards2","Name":"!!DLY_15_PlayFactionCards2_NAME","Description":"!!MISSIONS_PLAY4_DESC","Script":"PlayFactionCards","Val1":"15","Val2":"2","Type":"Battle","RankRequirement":"15","SocialCurrency":"100"},
	{"MissionID":"DLY_15_PlayFactionCards5","Name":"!!DLY_15_PlayFactionCards5_NAME","Description":"!!MISSIONS_PLAY5_DESC","Script":"PlayFactionCards","Val1":"15","Val2":"5","Type":"Battle","RankRequirement":"15","SocialCurrency":"100"},
	{"MissionID":"DLY_15_PlayFactionCards4","Name":"!!DLY_15_PlayFactionCards4_NAME","Description":"!!MISSIONS_PLAY6_DESC","Script":"PlayFactionCards","Val1":"15","Val2":"4","Type":"Battle","RankRequirement":"15","SocialCurrency":"100"},
	{"MissionID":"DLY_5_PlaySuperCards","Name":"!!DLY_5_PlaySuperCards_NAME","Description":"!!MISSIONS_METER_DESC","Script":"PlaySuperCards","Val1":"5","Type":"Battle","SocialCurrency":"100"},
	{"MissionID":"DLY_5_LoseCreatures","Name":"!!DLY_5_LoseCreatures_NAME","Description":"!!MISSIONS_FAINT_DESC","Script":"LoseCreatures","Val1":"5","Type":"Battle","SocialCurrency":"100"},
	{"MissionID":"DLY_25_DoDragAttacks","Name":"!!DLY_25_DoDragAttacks_NAME","Description":"!!MISSIONS_DRAG_DESC","Script":"DoDragAttacks","Val1":"25","Type":"Battle","SocialCurrency":"100"},
	{"MissionID":"DLY_5_DoMagicAttacks","Name":"!!DLY_5_DoMagicAttacks_NAME","Description":"!!MISSIONS_MAGICATK_DESC","Script":"DoMagicAttacks","Val1":"5","Type":"Battle","RankRequirement":"15","SocialCurrency":"100"},
	{"MissionID":"DLY_15_DeployCreatures","Name":"!!DLY_15_DeployCreatures_NAME","Description":"!!MISSIONS_DEPLOY1_DESC","Script":"DeployCreatures","Val1":"15","Type":"Battle","SocialCurrency":"100"},
	{"MissionID":"DLY_5_DeployFactionCreatures1","Name":"!!DLY_5_DeployFactionCreatures1_NAME","Description":"!!MISSIONS_DEPLOY2_DESC","Script":"DeployFactionCreatures","Val1":"5","Val2":"1","Type":"Battle","RankRequirement":"15","SocialCurrency":"100"},
	{"MissionID":"DLY_5_DeployFactionCreatures3","Name":"!!DLY_5_DeployFactionCreatures3_NAME","Description":"!!MISSIONS_DEPLOY3_DESC","Script":"DeployFactionCreatures","Val1":"5","Val2":"3","Type":"Battle","RankRequirement":"15","SocialCurrency":"100"},
	{"MissionID":"DLY_5_DeployFactionCreatures2","Name":"!!DLY_5_DeployFactionCreatures2_NAME","Description":"!!MISSIONS_DEPLOY4_DESC","Script":"DeployFactionCreatures","Val1":"5","Val2":"2","Type":"Battle","RankRequirement":"15","SocialCurrency":"100"},
	{"MissionID":"DLY_5_DeployFactionCreatures5","Name":"!!DLY_5_DeployFactionCreatures5_NAME","Description":"!!MISSIONS_DEPLOY5_DESC","Script":"DeployFactionCreatures","Val1":"5","Val2":"5","Type":"Battle","RankRequirement":"15","SocialCurrency":"100"},
	{"MissionID":"DLY_5_DeployFactionCreatures4","Name":"!!DLY_5_DeployFactionCreatures4_NAME","Description":"!!MISSIONS_DEPLOY6_DESC","Script":"DeployFactionCreatures","Val1":"5","Val2":"4","Type":"Battle","RankRequirement":"15","SocialCurrency":"100"},
	{"MissionID":"DLY_300_UseEnergy","Name":"!!DLY_300_UseEnergy_NAME","Description":"!!MISSIONS_ENERGY1_DESC","Script":"UseEnergy","Val1":"300","Type":"Battle","SocialCurrency":"100"},
	{"MissionID":"DLY_75_UseEnergy_SB","Name":"!!DLY_75_UseEnergy_SB_NAME","Description":"!!MISSIONS_ENERGY2_DESC","Script":"UseEnergy","Val1":"75","Type":"Battle","SingleBattle":"True","SocialCurrency":"100"},
	{"MissionID":"DLY_3_WinAny","Name":"!!DLY_3_WinAny_NAME","Description":"!!MISSIONS_VICTORY_DESC","Script":"WinAny","Val1":"3","Type":"Wins","SocialCurrency":"100"},
	{"MissionID":"DLY_1_WinPvP","Name":"!!DLY_1_WinPvP_NAME","Description":"!!MISSIONS_PVP_DESC","Script":"WinPvP","Val1":"1","Type":"Wins","RankRequirement":"15","SocialCurrency":"100"},
	{"MissionID":"DLY_1_WinHighestLeague","Name":"!!DLY_1_WinHighestLeague_NAME","Description":"!!MISSIONS_CHAMP_DESC","Script":"WinHighestLeague","Val1":"1","Type":"Wins","SocialCurrency":"100"},
	{"MissionID":"DLY_1_WinDungeon","Name":"!!DLY_1_WinDungeon_NAME","Description":"!!MISSIONS_DUNGEON_DESC","Script":"WinDungeon","Val1":"1","Type":"Wins","RankRequirement":"10","SocialCurrency":"100"},
	{"MissionID":"GLB_10_EarnStars","Name":"!!GLB_10_EarnStars_NAME","Description":"!!MISSIONS_STARS_DESC","Script":"EarnStars","Val1":"10","Type":"Global","HardCurrency":"150"},
	{"MissionID":"GLB_20_EarnStars","Name":"!!GLB_20_EarnStars_NAME","Description":"!!MISSIONS_STARS_DESC","Script":"EarnStars","Val1":"20","Type":"Global","MissionPrerequisite":"GLB_10_EarnStars","HardCurrency":"125"},
	{"MissionID":"GLB_30_EarnStars","Name":"!!GLB_30_EarnStars_NAME","Description":"!!MISSIONS_STARS_DESC","Script":"EarnStars","Val1":"30","Type":"Global","MissionPrerequisite":"GLB_20_EarnStars","HardCurrency":"100"},
	{"MissionID":"GLB_50_EarnStars","Name":"!!GLB_50_EarnStars_NAME","Description":"!!MISSIONS_STARS_DESC","Script":"EarnStars","Val1":"50","Type":"Global","MissionPrerequisite":"GLB_30_EarnStars","HardCurrency":"100"},
	{"MissionID":"GLB_75_EarnStars","Name":"!!GLB_75_EarnStars_NAME","Description":"!!MISSIONS_STARS_DESC","Script":"EarnStars","Val1":"75","Type":"Global","MissionPrerequisite":"GLB_50_EarnStars","HardCurrency":"100"},
	{"MissionID":"GLB_100_EarnStars","Name":"!!GLB_100_EarnStars_NAME","Description":"!!MISSIONS_STARS_DESC","Script":"EarnStars","Val1":"100","Type":"Global","MissionPrerequisite":"GLB_75_EarnStars","HardCurrency":"100"},
	{"MissionID":"GLB_150_EarnStars","Name":"!!GLB_150_EarnStars_NAME","Description":"!!MISSIONS_STARS_DESC","Script":"EarnStars","Val1":"150","Type":"Global","MissionPrerequisite":"GLB_100_EarnStars","HardCurrency":"100"},
	{"MissionID":"GLB_200_EarnStars","Name":"!!GLB_200_EarnStars_NAME","Description":"!!MISSIONS_STARS_DESC","Script":"EarnStars","Val1":"200","Type":"Global","MissionPrerequisite":"GLB_150_EarnStars","HardCurrency":"100"},
	{"MissionID":"GLB_250_EarnStars","Name":"!!GLB_250_EarnStars_NAME","Description":"!!MISSIONS_STARS_DESC","Script":"EarnStars","Val1":"250","Type":"Global","MissionPrerequisite":"GLB_200_EarnStars","HardCurrency":"100"},
	{"MissionID":"GLB_300_EarnStars","Name":"!!GLB_300_EarnStars_NAME","Description":"!!MISSIONS_STARS_DESC","Script":"EarnStars","Val1":"300","Type":"Global","MissionPrerequisite":"GLB_250_EarnStars","HardCurrency":"100"},
	{"MissionID":"GLB_400_EarnStars","Name":"!!GLB_400_EarnStars_NAME","Description":"!!MISSIONS_STARS_DESC","Script":"EarnStars","Val1":"400","Type":"Global","MissionPrerequisite":"GLB_300_EarnStars","HardCurrency":"100"},
	{"MissionID":"GLB_500_EarnStars","Name":"!!GLB_500_EarnStars_NAME","Description":"!!MISSIONS_STARS_DESC","Script":"EarnStars","Val1":"500","Type":"Global","MissionPrerequisite":"GLB_400_EarnStars","HardCurrency":"100"},
	{"MissionID":"GLB_600_EarnStars","Name":"!!GLB_600_EarnStars_NAME","Description":"!!MISSIONS_STARS_DESC","Script":"EarnStars","Val1":"600","Type":"Global","MissionPrerequisite":"GLB_500_EarnStars","HardCurrency":"100"},
	{"MissionID":"GLB_700_EarnStars","Name":"!!GLB_700_EarnStars_NAME","Description":"!!MISSIONS_STARS_DESC","Script":"EarnStars","Val1":"700","Type":"Global","MissionPrerequisite":"GLB_600_EarnStars","HardCurrency":"100"},
	{"MissionID":"GLB_800_EarnStars","Name":"!!GLB_800_EarnStars_NAME","Description":"!!MISSIONS_STARS_DESC","Script":"EarnStars","Val1":"800","Type":"Global","MissionPrerequisite":"GLB_700_EarnStars","HardCurrency":"100"},
	{"MissionID":"GLB_10_KillCreatures","Name":"!!GLB_10_KillCreatures_NAME","Description":"!!MISSIONS_KING_DESC","Script":"KillCreatures","Val1":"10","Type":"Global","HardCurrency":"150"},
	{"MissionID":"GLB_20_KillCreatures","Name":"!!GLB_20_KillCreatures_NAME","Description":"!!MISSIONS_KING_DESC","Script":"KillCreatures","Val1":"20","Type":"Global","MissionPrerequisite":"GLB_10_KillCreatures","HardCurrency":"125"},
	{"MissionID":"GLB_50_KillCreatures","Name":"!!GLB_50_KillCreatures_NAME","Description":"!!MISSIONS_KING_DESC","Script":"KillCreatures","Val1":"50","Type":"Global","MissionPrerequisite":"GLB_20_KillCreatures","HardCurrency":"100"},
	{"MissionID":"GLB_100_KillCreatures","Name":"!!GLB_100_KillCreatures_NAME","Description":"!!MISSIONS_KING_DESC","Script":"KillCreatures","Val1":"100","Type":"Global","MissionPrerequisite":"GLB_50_KillCreatures","HardCurrency":"100"},
	{"MissionID":"GLB_250_KillCreatures","Name":"!!GLB_250_KillCreatures_NAME","Description":"!!MISSIONS_KING_DESC","Script":"KillCreatures","Val1":"250","Type":"Global","MissionPrerequisite":"GLB_100_KillCreatures","HardCurrency":"100"},
	{"MissionID":"GLB_700_KillCreatures","Name":"!!GLB_700_KillCreatures_NAME","Description":"!!MISSIONS_KING_DESC","Script":"KillCreatures","Val1":"700","Type":"Global","MissionPrerequisite":"GLB_250_KillCreatures","HardCurrency":"100"},
	{"MissionID":"GLB_1000_KillCreatures","Name":"!!GLB_1000_KillCreatures_NAME","Description":"!!MISSIONS_KING_DESC","Script":"KillCreatures","Val1":"1000","Type":"Global","MissionPrerequisite":"GLB_700_KillCreatures","HardCurrency":"100"},
	{"MissionID":"GLB_2000_KillCreatures","Name":"!!GLB_2000_KillCreatures_NAME","Description":"!!MISSIONS_KING_DESC","Script":"KillCreatures","Val1":"2000","Type":"Global","MissionPrerequisite":"GLB_1000_KillCreatures","HardCurrency":"100"},
	{"MissionID":"GLB_3000_KillCreatures","Name":"!!GLB_3000_KillCreatures_NAME","Description":"!!MISSIONS_KING_DESC","Script":"KillCreatures","Val1":"3000","Type":"Global","MissionPrerequisite":"GLB_2000_KillCreatures","HardCurrency":"100"},
	{"MissionID":"GLB_5000_KillCreatures","Name":"!!GLB_5000_KillCreatures_NAME","Description":"!!MISSIONS_KING_DESC","Script":"KillCreatures","Val1":"5000","Type":"Global","MissionPrerequisite":"GLB_3000_KillCreatures","HardCurrency":"100"},
	{"MissionID":"GLB_7500_KillCreatures","Name":"!!GLB_7500_KillCreatures_NAME","Description":"!!MISSIONS_KING_DESC","Script":"KillCreatures","Val1":"7500","Type":"Global","MissionPrerequisite":"GLB_5000_KillCreatures","HardCurrency":"100"},
	{"MissionID":"GLB_10000_KillCreatures","Name":"!!GLB_10000_KillCreatures_NAME","Description":"!!MISSIONS_KING_DESC","Script":"KillCreatures","Val1":"10000","Type":"Global","MissionPrerequisite":"GLB_7500_KillCreatures","HardCurrency":"100"},
	{"MissionID":"GLB_15000_KillCreatures","Name":"!!GLB_15000_KillCreatures_NAME","Description":"!!MISSIONS_KING_DESC","Script":"KillCreatures","Val1":"15000","Type":"Global","MissionPrerequisite":"GLB_10000_KillCreatures","HardCurrency":"100"},
	{"MissionID":"GLB_20000_KillCreatures","Name":"!!GLB_20000_KillCreatures_NAME","Description":"!!MISSIONS_KING_DESC","Script":"KillCreatures","Val1":"20000","Type":"Global","MissionPrerequisite":"GLB_15000_KillCreatures","HardCurrency":"100"},
	{"MissionID":"GLB_25000_KillCreatures","Name":"!!GLB_25000_KillCreatures_NAME","Description":"!!MISSIONS_KING_DESC","Script":"KillCreatures","Val1":"25000","Type":"Global","MissionPrerequisite":"GLB_20000_KillCreatures","HardCurrency":"100"},
	{"MissionID":"GLB_30000_KillCreatures","Name":"!!GLB_30000_KillCreatures_NAME","Description":"!!MISSIONS_KING_DESC","Script":"KillCreatures","Val1":"30000","Type":"Global","MissionPrerequisite":"GLB_25000_KillCreatures","HardCurrency":"100"},
	{"MissionID":"GLB_40000_KillCreatures","Name":"!!GLB_40000_KillCreatures_NAME","Description":"!!MISSIONS_KING_DESC","Script":"KillCreatures","Val1":"40000","Type":"Global","MissionPrerequisite":"GLB_30000_KillCreatures","HardCurrency":"100"},
	{"MissionID":"GLB_50000_KillCreatures","Name":"!!GLB_50000_KillCreatures_NAME","Description":"!!MISSIONS_KING_DESC","Script":"KillCreatures","Val1":"50000","Type":"Global","MissionPrerequisite":"GLB_40000_KillCreatures","HardCurrency":"100"},
	{"MissionID":"GLB_60000_KillCreatures","Name":"!!GLB_60000_KillCreatures_NAME","Description":"!!MISSIONS_KING_DESC","Script":"KillCreatures","Val1":"60000","Type":"Global","MissionPrerequisite":"GLB_50000_KillCreatures","HardCurrency":"100"},
	{"MissionID":"GLB_50_PlayCards","Name":"!!GLB_50_PlayCards_NAME","Description":"!!MISSONS_GAME_DESC","Script":"PlayCards","Val1":"50","Type":"Global","HardCurrency":"150"},
	{"MissionID":"GLB_100_PlayCards","Name":"!!GLB_100_PlayCards_NAME","Description":"!!MISSONS_GAME_DESC","Script":"PlayCards","Val1":"100","Type":"Global","MissionPrerequisite":"GLB_50_PlayCards","HardCurrency":"125"},
	{"MissionID":"GLB_300_PlayCards","Name":"!!GLB_300_PlayCards_NAME","Description":"!!MISSONS_GAME_DESC","Script":"PlayCards","Val1":"300","Type":"Global","MissionPrerequisite":"GLB_100_PlayCards","HardCurrency":"100"},
	{"MissionID":"GLB_500_PlayCards","Name":"!!GLB_500_PlayCards_NAME","Description":"!!MISSONS_GAME_DESC","Script":"PlayCards","Val1":"500","Type":"Global","MissionPrerequisite":"GLB_300_PlayCards","HardCurrency":"100"},
	{"MissionID":"GLB_750_PlayCards","Name":"!!GLB_750_PlayCards_NAME","Description":"!!MISSONS_GAME_DESC","Script":"PlayCards","Val1":"750","Type":"Global","MissionPrerequisite":"GLB_500_PlayCards","HardCurrency":"100"},
	{"MissionID":"GLB_1000_PlayCards","Name":"!!GLB_1000_PlayCards_NAME","Description":"!!MISSONS_GAME_DESC","Script":"PlayCards","Val1":"1000","Type":"Global","MissionPrerequisite":"GLB_750_PlayCards","HardCurrency":"100"},
	{"MissionID":"GLB_2000_PlayCards","Name":"!!GLB_2000_PlayCards_NAME","Description":"!!MISSONS_GAME_DESC","Script":"PlayCards","Val1":"2000","Type":"Global","MissionPrerequisite":"GLB_1000_PlayCards","HardCurrency":"100"},
	{"MissionID":"GLB_3000_PlayCards","Name":"!!GLB_3000_PlayCards_NAME","Description":"!!MISSONS_GAME_DESC","Script":"PlayCards","Val1":"3000","Type":"Global","MissionPrerequisite":"GLB_2000_PlayCards","HardCurrency":"100"},
	{"MissionID":"GLB_5000_PlayCards","Name":"!!GLB_5000_PlayCards_NAME","Description":"!!MISSONS_GAME_DESC","Script":"PlayCards","Val1":"5000","Type":"Global","MissionPrerequisite":"GLB_3000_PlayCards","HardCurrency":"100"},
	{"MissionID":"GLB_7500_PlayCards","Name":"!!GLB_7500_PlayCards_NAME","Description":"!!MISSONS_GAME_DESC","Script":"PlayCards","Val1":"7500","Type":"Global","MissionPrerequisite":"GLB_5000_PlayCards","HardCurrency":"100"},
	{"MissionID":"GLB_10000_PlayCards","Name":"!!GLB_10000_PlayCards_NAME","Description":"!!MISSONS_GAME_DESC","Script":"PlayCards","Val1":"10000","Type":"Global","MissionPrerequisite":"GLB_7500_PlayCards","HardCurrency":"100"},
	{"MissionID":"GLB_12500_PlayCards","Name":"!!GLB_12500_PlayCards_NAME","Description":"!!MISSONS_GAME_DESC","Script":"PlayCards","Val1":"12500","Type":"Global","MissionPrerequisite":"GLB_10000_PlayCards","HardCurrency":"100"},
	{"MissionID":"GLB_15000_PlayCards","Name":"!!GLB_15000_PlayCards_NAME","Description":"!!MISSONS_GAME_DESC","Script":"PlayCards","Val1":"15000","Type":"Global","MissionPrerequisite":"GLB_12500_PlayCards","HardCurrency":"100"},
	{"MissionID":"GLB_20000_PlayCards","Name":"!!GLB_20000_PlayCards_NAME","Description":"!!MISSONS_GAME_DESC","Script":"PlayCards","Val1":"20000","Type":"Global","MissionPrerequisite":"GLB_15000_PlayCards","HardCurrency":"100"},
	{"MissionID":"GLB_25000_PlayCards","Name":"!!GLB_25000_PlayCards_NAME","Description":"!!MISSONS_GAME_DESC","Script":"PlayCards","Val1":"25000","Type":"Global","MissionPrerequisite":"GLB_20000_PlayCards","HardCurrency":"100"},
	{"MissionID":"GLB_30000_PlayCards","Name":"!!GLB_30000_PlayCards_NAME","Description":"!!MISSONS_GAME_DESC","Script":"PlayCards","Val1":"30000","Type":"Global","MissionPrerequisite":"GLB_25000_PlayCards","HardCurrency":"100"},
	{"MissionID":"GLB_35000_PlayCards","Name":"!!GLB_35000_PlayCards_NAME","Description":"!!MISSONS_GAME_DESC","Script":"PlayCards","Val1":"35000","Type":"Global","MissionPrerequisite":"GLB_30000_PlayCards","HardCurrency":"100"},
	{"MissionID":"GLB_40000_PlayCards","Name":"!!GLB_40000_PlayCards_NAME","Description":"!!MISSONS_GAME_DESC","Script":"PlayCards","Val1":"40000","Type":"Global","MissionPrerequisite":"GLB_35000_PlayCards","HardCurrency":"100"},
	{"MissionID":"GLB_50000_PlayCards","Name":"!!GLB_50000_PlayCards_NAME","Description":"!!MISSONS_GAME_DESC","Script":"PlayCards","Val1":"50000","Type":"Global","MissionPrerequisite":"GLB_40000_PlayCards","HardCurrency":"100"},
	{"MissionID":"GLB_60000_PlayCards","Name":"!!GLB_60000_PlayCards_NAME","Description":"!!MISSONS_GAME_DESC","Script":"PlayCards","Val1":"60000","Type":"Global","MissionPrerequisite":"GLB_50000_PlayCards","HardCurrency":"100"},
	{"MissionID":"GLB_25_PlayFactionCards1","Name":"!!GLB_25_PlayFactionCards1_NAME","Description":"!!MISSIONS_FIGHTER_DESC","Script":"PlayFactionCards","Val1":"25","Val2":"1","Type":"Global","HardCurrency":"150"},
	{"MissionID":"GLB_50_PlayFactionCards1","Name":"!!GLB_50_PlayFactionCards1_NAME","Description":"!!MISSIONS_FIGHTER_DESC","Script":"PlayFactionCards","Val1":"50","Val2":"1","Type":"Global","MissionPrerequisite":"GLB_25_PlayFactionCards1","HardCurrency":"125"},
	{"MissionID":"GLB_100_PlayFactionCards1","Name":"!!GLB_100_PlayFactionCards1_NAME","Description":"!!MISSIONS_FIGHTER_DESC","Script":"PlayFactionCards","Val1":"100","Val2":"1","Type":"Global","MissionPrerequisite":"GLB_50_PlayFactionCards1","HardCurrency":"100"},
	{"MissionID":"GLB_250_PlayFactionCards1","Name":"!!GLB_250_PlayFactionCards1_NAME","Description":"!!MISSIONS_FIGHTER_DESC","Script":"PlayFactionCards","Val1":"250","Val2":"1","Type":"Global","MissionPrerequisite":"GLB_100_PlayFactionCards1","HardCurrency":"100"},
	{"MissionID":"GLB_500_PlayFactionCards1","Name":"!!GLB_500_PlayFactionCards1_NAME","Description":"!!MISSIONS_FIGHTER_DESC","Script":"PlayFactionCards","Val1":"500","Val2":"1","Type":"Global","MissionPrerequisite":"GLB_250_PlayFactionCards1","HardCurrency":"100"},
	{"MissionID":"GLB_750_PlayFactionCards1","Name":"!!GLB_750_PlayFactionCards1_NAME","Description":"!!MISSIONS_FIGHTER_DESC","Script":"PlayFactionCards","Val1":"750","Val2":"1","Type":"Global","MissionPrerequisite":"GLB_500_PlayFactionCards1","HardCurrency":"100"},
	{"MissionID":"GLB_1000_PlayFactionCards1","Name":"!!GLB_1000_PlayFactionCards1_NAME","Description":"!!MISSIONS_FIGHTER_DESC","Script":"PlayFactionCards","Val1":"1000","Val2":"1","Type":"Global","MissionPrerequisite":"GLB_750_PlayFactionCards1","HardCurrency":"100"},
	{"MissionID":"GLB_2000_PlayFactionCards1","Name":"!!GLB_2000_PlayFactionCards1_NAME","Description":"!!MISSIONS_FIGHTER_DESC","Script":"PlayFactionCards","Val1":"2000","Val2":"1","Type":"Global","MissionPrerequisite":"GLB_1000_PlayFactionCards1","HardCurrency":"100"},
	{"MissionID":"GLB_3000_PlayFactionCards1","Name":"!!GLB_3000_PlayFactionCards1_NAME","Description":"!!MISSIONS_FIGHTER_DESC","Script":"PlayFactionCards","Val1":"3000","Val2":"1","Type":"Global","MissionPrerequisite":"GLB_2000_PlayFactionCards1","HardCurrency":"100"},
	{"MissionID":"GLB_5000_PlayFactionCards1","Name":"!!GLB_5000_PlayFactionCards1_NAME","Description":"!!MISSIONS_FIGHTER_DESC","Script":"PlayFactionCards","Val1":"5000","Val2":"1","Type":"Global","MissionPrerequisite":"GLB_3000_PlayFactionCards1","HardCurrency":"100"},
	{"MissionID":"GLB_7500_PlayFactionCards1","Name":"!!GLB_7500_PlayFactionCards1_NAME","Description":"!!MISSIONS_FIGHTER_DESC","Script":"PlayFactionCards","Val1":"7500","Val2":"1","Type":"Global","MissionPrerequisite":"GLB_5000_PlayFactionCards1","HardCurrency":"100"},
	{"MissionID":"GLB_10000_PlayFactionCards1","Name":"!!GLB_10000_PlayFactionCards1_NAME","Description":"!!MISSIONS_FIGHTER_DESC","Script":"PlayFactionCards","Val1":"10000","Val2":"1","Type":"Global","MissionPrerequisite":"GLB_7500_PlayFactionCards1","HardCurrency":"100"},
	{"MissionID":"GLB_12500_PlayFactionCards1","Name":"!!GLB_12500_PlayFactionCards1_NAME","Description":"!!MISSIONS_FIGHTER_DESC","Script":"PlayFactionCards","Val1":"12500","Val2":"1","Type":"Global","MissionPrerequisite":"GLB_10000_PlayFactionCards1","HardCurrency":"100"},
	{"MissionID":"GLB_15000_PlayFactionCards1","Name":"!!GLB_15000_PlayFactionCards1_NAME","Description":"!!MISSIONS_FIGHTER_DESC","Script":"PlayFactionCards","Val1":"15000","Val2":"1","Type":"Global","MissionPrerequisite":"GLB_12500_PlayFactionCards1","HardCurrency":"100"},
	{"MissionID":"GLB_20000_PlayFactionCards1","Name":"!!GLB_20000_PlayFactionCards1_NAME","Description":"!!MISSIONS_FIGHTER_DESC","Script":"PlayFactionCards","Val1":"20000","Val2":"1","Type":"Global","MissionPrerequisite":"GLB_15000_PlayFactionCards1","HardCurrency":"100"},
	{"MissionID":"GLB_25000_PlayFactionCards1","Name":"!!GLB_25000_PlayFactionCards1_NAME","Description":"!!MISSIONS_FIGHTER_DESC","Script":"PlayFactionCards","Val1":"25000","Val2":"1","Type":"Global","MissionPrerequisite":"GLB_20000_PlayFactionCards1","HardCurrency":"100"},
	{"MissionID":"GLB_30000_PlayFactionCards1","Name":"!!GLB_30000_PlayFactionCards1_NAME","Description":"!!MISSIONS_FIGHTER_DESC","Script":"PlayFactionCards","Val1":"30000","Val2":"1","Type":"Global","MissionPrerequisite":"GLB_25000_PlayFactionCards1","HardCurrency":"100"},
	{"MissionID":"GLB_35000_PlayFactionCards1","Name":"!!GLB_35000_PlayFactionCards1_NAME","Description":"!!MISSIONS_FIGHTER_DESC","Script":"PlayFactionCards","Val1":"35000","Val2":"1","Type":"Global","MissionPrerequisite":"GLB_30000_PlayFactionCards1","HardCurrency":"100"},
	{"MissionID":"GLB_40000_PlayFactionCards1","Name":"!!GLB_40000_PlayFactionCards1_NAME","Description":"!!MISSIONS_FIGHTER_DESC","Script":"PlayFactionCards","Val1":"40000","Val2":"1","Type":"Global","MissionPrerequisite":"GLB_35000_PlayFactionCards1","HardCurrency":"100"},
	{"MissionID":"GLB_50000_PlayFactionCards1","Name":"!!GLB_50000_PlayFactionCards1_NAME","Description":"!!MISSIONS_FIGHTER_DESC","Script":"PlayFactionCards","Val1":"50000","Val2":"1","Type":"Global","MissionPrerequisite":"GLB_40000_PlayFactionCards1","HardCurrency":"100"},
	{"MissionID":"GLB_25_PlayFactionCards3","Name":"!!GLB_25_PlayFactionCards3_NAME","Description":"!!MISSIONS_MYSTIC_DESC","Script":"PlayFactionCards","Val1":"25","Val2":"3","Type":"Global","HardCurrency":"150"},
	{"MissionID":"GLB_50_PlayFactionCards3","Name":"!!GLB_50_PlayFactionCards3_NAME","Description":"!!MISSIONS_MYSTIC_DESC","Script":"PlayFactionCards","Val1":"50","Val2":"3","Type":"Global","MissionPrerequisite":"GLB_25_PlayFactionCards3","HardCurrency":"125"},
	{"MissionID":"GLB_100_PlayFactionCards3","Name":"!!GLB_100_PlayFactionCards3_NAME","Description":"!!MISSIONS_MYSTIC_DESC","Script":"PlayFactionCards","Val1":"100","Val2":"3","Type":"Global","MissionPrerequisite":"GLB_50_PlayFactionCards3","HardCurrency":"100"},
	{"MissionID":"GLB_250_PlayFactionCards3","Name":"!!GLB_250_PlayFactionCards3_NAME","Description":"!!MISSIONS_MYSTIC_DESC","Script":"PlayFactionCards","Val1":"250","Val2":"3","Type":"Global","MissionPrerequisite":"GLB_100_PlayFactionCards3","HardCurrency":"100"},
	{"MissionID":"GLB_500_PlayFactionCards3","Name":"!!GLB_500_PlayFactionCards3_NAME","Description":"!!MISSIONS_MYSTIC_DESC","Script":"PlayFactionCards","Val1":"500","Val2":"3","Type":"Global","MissionPrerequisite":"GLB_250_PlayFactionCards3","HardCurrency":"100"},
	{"MissionID":"GLB_750_PlayFactionCards3","Name":"!!GLB_750_PlayFactionCards3_NAME","Description":"!!MISSIONS_MYSTIC_DESC","Script":"PlayFactionCards","Val1":"750","Val2":"3","Type":"Global","MissionPrerequisite":"GLB_500_PlayFactionCards3","HardCurrency":"100"},
	{"MissionID":"GLB_1000_PlayFactionCards3","Name":"!!GLB_1000_PlayFactionCards3_NAME","Description":"!!MISSIONS_MYSTIC_DESC","Script":"PlayFactionCards","Val1":"1000","Val2":"3","Type":"Global","MissionPrerequisite":"GLB_750_PlayFactionCards3","HardCurrency":"100"},
	{"MissionID":"GLB_2000_PlayFactionCards3","Name":"!!GLB_2000_PlayFactionCards3_NAME","Description":"!!MISSIONS_MYSTIC_DESC","Script":"PlayFactionCards","Val1":"2000","Val2":"3","Type":"Global","MissionPrerequisite":"GLB_1000_PlayFactionCards3","HardCurrency":"100"},
	{"MissionID":"GLB_3000_PlayFactionCards3","Name":"!!GLB_3000_PlayFactionCards3_NAME","Description":"!!MISSIONS_MYSTIC_DESC","Script":"PlayFactionCards","Val1":"3000","Val2":"3","Type":"Global","MissionPrerequisite":"GLB_2000_PlayFactionCards3","HardCurrency":"100"},
	{"MissionID":"GLB_5000_PlayFactionCards3","Name":"!!GLB_5000_PlayFactionCards3_NAME","Description":"!!MISSIONS_MYSTIC_DESC","Script":"PlayFactionCards","Val1":"5000","Val2":"3","Type":"Global","MissionPrerequisite":"GLB_3000_PlayFactionCards3","HardCurrency":"100"},
	{"MissionID":"GLB_7500_PlayFactionCards3","Name":"!!GLB_7500_PlayFactionCards3_NAME","Description":"!!MISSIONS_MYSTIC_DESC","Script":"PlayFactionCards","Val1":"7500","Val2":"3","Type":"Global","MissionPrerequisite":"GLB_5000_PlayFactionCards3","HardCurrency":"100"},
	{"MissionID":"GLB_10000_PlayFactionCards3","Name":"!!GLB_10000_PlayFactionCards3_NAME","Description":"!!MISSIONS_MYSTIC_DESC","Script":"PlayFactionCards","Val1":"10000","Val2":"3","Type":"Global","MissionPrerequisite":"GLB_7500_PlayFactionCards3","HardCurrency":"100"},
	{"MissionID":"GLB_12500_PlayFactionCards3","Name":"!!GLB_12500_PlayFactionCards3_NAME","Description":"!!MISSIONS_MYSTIC_DESC","Script":"PlayFactionCards","Val1":"12500","Val2":"3","Type":"Global","MissionPrerequisite":"GLB_10000_PlayFactionCards3","HardCurrency":"100"},
	{"MissionID":"GLB_15000_PlayFactionCards3","Name":"!!GLB_15000_PlayFactionCards3_NAME","Description":"!!MISSIONS_MYSTIC_DESC","Script":"PlayFactionCards","Val1":"15000","Val2":"3","Type":"Global","MissionPrerequisite":"GLB_12500_PlayFactionCards3","HardCurrency":"100"},
	{"MissionID":"GLB_20000_PlayFactionCards3","Name":"!!GLB_20000_PlayFactionCards3_NAME","Description":"!!MISSIONS_MYSTIC_DESC","Script":"PlayFactionCards","Val1":"20000","Val2":"3","Type":"Global","MissionPrerequisite":"GLB_15000_PlayFactionCards3","HardCurrency":"100"},
	{"MissionID":"GLB_25000_PlayFactionCards3","Name":"!!GLB_25000_PlayFactionCards3_NAME","Description":"!!MISSIONS_MYSTIC_DESC","Script":"PlayFactionCards","Val1":"25000","Val2":"3","Type":"Global","MissionPrerequisite":"GLB_20000_PlayFactionCards3","HardCurrency":"100"},
	{"MissionID":"GLB_30000_PlayFactionCards3","Name":"!!GLB_30000_PlayFactionCards3_NAME","Description":"!!MISSIONS_MYSTIC_DESC","Script":"PlayFactionCards","Val1":"30000","Val2":"3","Type":"Global","MissionPrerequisite":"GLB_25000_PlayFactionCards3","HardCurrency":"100"},
	{"MissionID":"GLB_35000_PlayFactionCards3","Name":"!!GLB_35000_PlayFactionCards3_NAME","Description":"!!MISSIONS_MYSTIC_DESC","Script":"PlayFactionCards","Val1":"35000","Val2":"3","Type":"Global","MissionPrerequisite":"GLB_30000_PlayFactionCards3","HardCurrency":"100"},
	{"MissionID":"GLB_40000_PlayFactionCards3","Name":"!!GLB_40000_PlayFactionCards3_NAME","Description":"!!MISSIONS_MYSTIC_DESC","Script":"PlayFactionCards","Val1":"40000","Val2":"3","Type":"Global","MissionPrerequisite":"GLB_35000_PlayFactionCards3","HardCurrency":"100"},
	{"MissionID":"GLB_50000_PlayFactionCards3","Name":"!!GLB_50000_PlayFactionCards3_NAME","Description":"!!MISSIONS_MYSTIC_DESC","Script":"PlayFactionCards","Val1":"50000","Val2":"3","Type":"Global","MissionPrerequisite":"GLB_40000_PlayFactionCards3","HardCurrency":"100"},
	{"MissionID":"GLB_25_PlayFactionCards2","Name":"!!GLB_25_PlayFactionCards2_NAME","Description":"!!MISSIONS_GUARD_DESC","Script":"PlayFactionCards","Val1":"25","Val2":"2","Type":"Global","HardCurrency":"150"},
	{"MissionID":"GLB_50_PlayFactionCards2","Name":"!!GLB_50_PlayFactionCards2_NAME","Description":"!!MISSIONS_GUARD_DESC","Script":"PlayFactionCards","Val1":"50","Val2":"2","Type":"Global","MissionPrerequisite":"GLB_25_PlayFactionCards2","HardCurrency":"125"},
	{"MissionID":"GLB_100_PlayFactionCards2","Name":"!!GLB_100_PlayFactionCards2_NAME","Description":"!!MISSIONS_GUARD_DESC","Script":"PlayFactionCards","Val1":"100","Val2":"2","Type":"Global","MissionPrerequisite":"GLB_50_PlayFactionCards2","HardCurrency":"100"},
	{"MissionID":"GLB_250_PlayFactionCards2","Name":"!!GLB_250_PlayFactionCards2_NAME","Description":"!!MISSIONS_GUARD_DESC","Script":"PlayFactionCards","Val1":"250","Val2":"2","Type":"Global","MissionPrerequisite":"GLB_100_PlayFactionCards2","HardCurrency":"100"},
	{"MissionID":"GLB_500_PlayFactionCards2","Name":"!!GLB_500_PlayFactionCards2_NAME","Description":"!!MISSIONS_GUARD_DESC","Script":"PlayFactionCards","Val1":"500","Val2":"2","Type":"Global","MissionPrerequisite":"GLB_250_PlayFactionCards2","HardCurrency":"100"},
	{"MissionID":"GLB_750_PlayFactionCards2","Name":"!!GLB_750_PlayFactionCards2_NAME","Description":"!!MISSIONS_GUARD_DESC","Script":"PlayFactionCards","Val1":"750","Val2":"2","Type":"Global","MissionPrerequisite":"GLB_500_PlayFactionCards2","HardCurrency":"100"},
	{"MissionID":"GLB_1000_PlayFactionCards2","Name":"!!GLB_1000_PlayFactionCards2_NAME","Description":"!!MISSIONS_GUARD_DESC","Script":"PlayFactionCards","Val1":"1000","Val2":"2","Type":"Global","MissionPrerequisite":"GLB_750_PlayFactionCards2","HardCurrency":"100"},
	{"MissionID":"GLB_2000_PlayFactionCards2","Name":"!!GLB_2000_PlayFactionCards2_NAME","Description":"!!MISSIONS_GUARD_DESC","Script":"PlayFactionCards","Val1":"2000","Val2":"2","Type":"Global","MissionPrerequisite":"GLB_1000_PlayFactionCards2","HardCurrency":"100"},
	{"MissionID":"GLB_3000_PlayFactionCards2","Name":"!!GLB_3000_PlayFactionCards2_NAME","Description":"!!MISSIONS_GUARD_DESC","Script":"PlayFactionCards","Val1":"3000","Val2":"2","Type":"Global","MissionPrerequisite":"GLB_2000_PlayFactionCards2","HardCurrency":"100"},
	{"MissionID":"GLB_5000_PlayFactionCards2","Name":"!!GLB_5000_PlayFactionCards2_NAME","Description":"!!MISSIONS_GUARD_DESC","Script":"PlayFactionCards","Val1":"5000","Val2":"2","Type":"Global","MissionPrerequisite":"GLB_3000_PlayFactionCards2","HardCurrency":"100"},
	{"MissionID":"GLB_7500_PlayFactionCards2","Name":"!!GLB_7500_PlayFactionCards2_NAME","Description":"!!MISSIONS_GUARD_DESC","Script":"PlayFactionCards","Val1":"7500","Val2":"2","Type":"Global","MissionPrerequisite":"GLB_5000_PlayFactionCards2","HardCurrency":"100"},
	{"MissionID":"GLB_10000_PlayFactionCards2","Name":"!!GLB_10000_PlayFactionCards2_NAME","Description":"!!MISSIONS_GUARD_DESC","Script":"PlayFactionCards","Val1":"10000","Val2":"2","Type":"Global","MissionPrerequisite":"GLB_7500_PlayFactionCards2","HardCurrency":"100"},
	{"MissionID":"GLB_12500_PlayFactionCards2","Name":"!!GLB_12500_PlayFactionCards2_NAME","Description":"!!MISSIONS_GUARD_DESC","Script":"PlayFactionCards","Val1":"12500","Val2":"2","Type":"Global","MissionPrerequisite":"GLB_10000_PlayFactionCards2","HardCurrency":"100"},
	{"MissionID":"GLB_15000_PlayFactionCards2","Name":"!!GLB_15000_PlayFactionCards2_NAME","Description":"!!MISSIONS_GUARD_DESC","Script":"PlayFactionCards","Val1":"15000","Val2":"2","Type":"Global","MissionPrerequisite":"GLB_12500_PlayFactionCards2","HardCurrency":"100"},
	{"MissionID":"GLB_20000_PlayFactionCards2","Name":"!!GLB_20000_PlayFactionCards2_NAME","Description":"!!MISSIONS_GUARD_DESC","Script":"PlayFactionCards","Val1":"20000","Val2":"2","Type":"Global","MissionPrerequisite":"GLB_15000_PlayFactionCards2","HardCurrency":"100"},
	{"MissionID":"GLB_25000_PlayFactionCards2","Name":"!!GLB_25000_PlayFactionCards2_NAME","Description":"!!MISSIONS_GUARD_DESC","Script":"PlayFactionCards","Val1":"25000","Val2":"2","Type":"Global","MissionPrerequisite":"GLB_20000_PlayFactionCards2","HardCurrency":"100"},
	{"MissionID":"GLB_30000_PlayFactionCards2","Name":"!!GLB_30000_PlayFactionCards2_NAME","Description":"!!MISSIONS_GUARD_DESC","Script":"PlayFactionCards","Val1":"30000","Val2":"2","Type":"Global","MissionPrerequisite":"GLB_25000_PlayFactionCards2","HardCurrency":"100"},
	{"MissionID":"GLB_35000_PlayFactionCards2","Name":"!!GLB_35000_PlayFactionCards2_NAME","Description":"!!MISSIONS_GUARD_DESC","Script":"PlayFactionCards","Val1":"35000","Val2":"2","Type":"Global","MissionPrerequisite":"GLB_30000_PlayFactionCards2","HardCurrency":"100"},
	{"MissionID":"GLB_40000_PlayFactionCards2","Name":"!!GLB_40000_PlayFactionCards2_NAME","Description":"!!MISSIONS_GUARD_DESC","Script":"PlayFactionCards","Val1":"40000","Val2":"2","Type":"Global","MissionPrerequisite":"GLB_35000_PlayFactionCards2","HardCurrency":"100"},
	{"MissionID":"GLB_50000_PlayFactionCards2","Name":"!!GLB_50000_PlayFactionCards2_NAME","Description":"!!MISSIONS_GUARD_DESC","Script":"PlayFactionCards","Val1":"50000","Val2":"2","Type":"Global","MissionPrerequisite":"GLB_40000_PlayFactionCards2","HardCurrency":"100"},
	{"MissionID":"GLB_25_PlayFactionCards5","Name":"!!GLB_25_PlayFactionCards5_NAME","Description":"!!MISSIONS_RECOVERY_DESC","Script":"PlayFactionCards","Val1":"25","Val2":"5","Type":"Global","HardCurrency":"150"},
	{"MissionID":"GLB_50_PlayFactionCards5","Name":"!!GLB_50_PlayFactionCards5_NAME","Description":"!!MISSIONS_RECOVERY_DESC","Script":"PlayFactionCards","Val1":"50","Val2":"5","Type":"Global","MissionPrerequisite":"GLB_25_PlayFactionCards5","HardCurrency":"125"},
	{"MissionID":"GLB_100_PlayFactionCards5","Name":"!!GLB_100_PlayFactionCards5_NAME","Description":"!!MISSIONS_RECOVERY_DESC","Script":"PlayFactionCards","Val1":"100","Val2":"5","Type":"Global","MissionPrerequisite":"GLB_50_PlayFactionCards5","HardCurrency":"100"},
	{"MissionID":"GLB_250_PlayFactionCards5","Name":"!!GLB_250_PlayFactionCards5_NAME","Description":"!!MISSIONS_RECOVERY_DESC","Script":"PlayFactionCards","Val1":"250","Val2":"5","Type":"Global","MissionPrerequisite":"GLB_100_PlayFactionCards5","HardCurrency":"100"},
	{"MissionID":"GLB_500_PlayFactionCards5","Name":"!!GLB_500_PlayFactionCards5_NAME","Description":"!!MISSIONS_RECOVERY_DESC","Script":"PlayFactionCards","Val1":"500","Val2":"5","Type":"Global","MissionPrerequisite":"GLB_250_PlayFactionCards5","HardCurrency":"100"},
	{"MissionID":"GLB_750_PlayFactionCards5","Name":"!!GLB_750_PlayFactionCards5_NAME","Description":"!!MISSIONS_RECOVERY_DESC","Script":"PlayFactionCards","Val1":"750","Val2":"5","Type":"Global","MissionPrerequisite":"GLB_500_PlayFactionCards5","HardCurrency":"100"},
	{"MissionID":"GLB_1000_PlayFactionCards5","Name":"!!GLB_1000_PlayFactionCards5_NAME","Description":"!!MISSIONS_RECOVERY_DESC","Script":"PlayFactionCards","Val1":"1000","Val2":"5","Type":"Global","MissionPrerequisite":"GLB_750_PlayFactionCards5","HardCurrency":"100"},
	{"MissionID":"GLB_2000_PlayFactionCards5","Name":"!!GLB_2000_PlayFactionCards5_NAME","Description":"!!MISSIONS_RECOVERY_DESC","Script":"PlayFactionCards","Val1":"2000","Val2":"5","Type":"Global","MissionPrerequisite":"GLB_1000_PlayFactionCards5","HardCurrency":"100"},
	{"MissionID":"GLB_3000_PlayFactionCards5","Name":"!!GLB_3000_PlayFactionCards5_NAME","Description":"!!MISSIONS_RECOVERY_DESC","Script":"PlayFactionCards","Val1":"3000","Val2":"5","Type":"Global","MissionPrerequisite":"GLB_2000_PlayFactionCards5","HardCurrency":"100"},
	{"MissionID":"GLB_5000_PlayFactionCards5","Name":"!!GLB_5000_PlayFactionCards5_NAME","Description":"!!MISSIONS_RECOVERY_DESC","Script":"PlayFactionCards","Val1":"5000","Val2":"5","Type":"Global","MissionPrerequisite":"GLB_3000_PlayFactionCards5","HardCurrency":"100"},
	{"MissionID":"GLB_7500_PlayFactionCards5","Name":"!!GLB_7500_PlayFactionCards5_NAME","Description":"!!MISSIONS_RECOVERY_DESC","Script":"PlayFactionCards","Val1":"7500","Val2":"5","Type":"Global","MissionPrerequisite":"GLB_5000_PlayFactionCards5","HardCurrency":"100"},
	{"MissionID":"GLB_10000_PlayFactionCards5","Name":"!!GLB_10000_PlayFactionCards5_NAME","Description":"!!MISSIONS_RECOVERY_DESC","Script":"PlayFactionCards","Val1":"10000","Val2":"5","Type":"Global","MissionPrerequisite":"GLB_7500_PlayFactionCards5","HardCurrency":"100"},
	{"MissionID":"GLB_12500_PlayFactionCards5","Name":"!!GLB_12500_PlayFactionCards5_NAME","Description":"!!MISSIONS_RECOVERY_DESC","Script":"PlayFactionCards","Val1":"12500","Val2":"5","Type":"Global","MissionPrerequisite":"GLB_10000_PlayFactionCards5","HardCurrency":"100"},
	{"MissionID":"GLB_15000_PlayFactionCards5","Name":"!!GLB_15000_PlayFactionCards5_NAME","Description":"!!MISSIONS_RECOVERY_DESC","Script":"PlayFactionCards","Val1":"15000","Val2":"5","Type":"Global","MissionPrerequisite":"GLB_12500_PlayFactionCards5","HardCurrency":"100"},
	{"MissionID":"GLB_20000_PlayFactionCards5","Name":"!!GLB_20000_PlayFactionCards5_NAME","Description":"!!MISSIONS_RECOVERY_DESC","Script":"PlayFactionCards","Val1":"20000","Val2":"5","Type":"Global","MissionPrerequisite":"GLB_15000_PlayFactionCards5","HardCurrency":"100"},
	{"MissionID":"GLB_25000_PlayFactionCards5","Name":"!!GLB_25000_PlayFactionCards5_NAME","Description":"!!MISSIONS_RECOVERY_DESC","Script":"PlayFactionCards","Val1":"25000","Val2":"5","Type":"Global","MissionPrerequisite":"GLB_20000_PlayFactionCards5","HardCurrency":"100"},
	{"MissionID":"GLB_30000_PlayFactionCards5","Name":"!!GLB_30000_PlayFactionCards5_NAME","Description":"!!MISSIONS_RECOVERY_DESC","Script":"PlayFactionCards","Val1":"30000","Val2":"5","Type":"Global","MissionPrerequisite":"GLB_25000_PlayFactionCards5","HardCurrency":"100"},
	{"MissionID":"GLB_35000_PlayFactionCards5","Name":"!!GLB_35000_PlayFactionCards5_NAME","Description":"!!MISSIONS_RECOVERY_DESC","Script":"PlayFactionCards","Val1":"35000","Val2":"5","Type":"Global","MissionPrerequisite":"GLB_30000_PlayFactionCards5","HardCurrency":"100"},
	{"MissionID":"GLB_40000_PlayFactionCards5","Name":"!!GLB_40000_PlayFactionCards5_NAME","Description":"!!MISSIONS_RECOVERY_DESC","Script":"PlayFactionCards","Val1":"40000","Val2":"5","Type":"Global","MissionPrerequisite":"GLB_35000_PlayFactionCards5","HardCurrency":"100"},
	{"MissionID":"GLB_50000_PlayFactionCards5","Name":"!!GLB_50000_PlayFactionCards5_NAME","Description":"!!MISSIONS_RECOVERY_DESC","Script":"PlayFactionCards","Val1":"50000","Val2":"5","Type":"Global","MissionPrerequisite":"GLB_40000_PlayFactionCards5","HardCurrency":"100"},
	{"MissionID":"GLB_25_PlayFactionCards4","Name":"!!GLB_25_PlayFactionCards4_NAME","Description":"!!MISSIONS_UTILITY_DESC","Script":"PlayFactionCards","Val1":"25","Val2":"4","Type":"Global","HardCurrency":"150"},
	{"MissionID":"GLB_50_PlayFactionCards4","Name":"!!GLB_50_PlayFactionCards4_NAME","Description":"!!MISSIONS_UTILITY_DESC","Script":"PlayFactionCards","Val1":"50","Val2":"4","Type":"Global","MissionPrerequisite":"GLB_25_PlayFactionCards4","HardCurrency":"125"},
	{"MissionID":"GLB_100_PlayFactionCards4","Name":"!!GLB_100_PlayFactionCards4_NAME","Description":"!!MISSIONS_UTILITY_DESC","Script":"PlayFactionCards","Val1":"100","Val2":"4","Type":"Global","MissionPrerequisite":"GLB_50_PlayFactionCards4","HardCurrency":"100"},
	{"MissionID":"GLB_250_PlayFactionCards4","Name":"!!GLB_250_PlayFactionCards4_NAME","Description":"!!MISSIONS_UTILITY_DESC","Script":"PlayFactionCards","Val1":"250","Val2":"4","Type":"Global","MissionPrerequisite":"GLB_100_PlayFactionCards4","HardCurrency":"100"},
	{"MissionID":"GLB_500_PlayFactionCards4","Name":"!!GLB_500_PlayFactionCards4_NAME","Description":"!!MISSIONS_UTILITY_DESC","Script":"PlayFactionCards","Val1":"500","Val2":"4","Type":"Global","MissionPrerequisite":"GLB_250_PlayFactionCards4","HardCurrency":"100"},
	{"MissionID":"GLB_750_PlayFactionCards4","Name":"!!GLB_750_PlayFactionCards4_NAME","Description":"!!MISSIONS_UTILITY_DESC","Script":"PlayFactionCards","Val1":"750","Val2":"4","Type":"Global","MissionPrerequisite":"GLB_500_PlayFactionCards4","HardCurrency":"100"},
	{"MissionID":"GLB_1000_PlayFactionCards4","Name":"!!GLB_1000_PlayFactionCards4_NAME","Description":"!!MISSIONS_UTILITY_DESC","Script":"PlayFactionCards","Val1":"1000","Val2":"4","Type":"Global","MissionPrerequisite":"GLB_750_PlayFactionCards4","HardCurrency":"100"},
	{"MissionID":"GLB_2000_PlayFactionCards4","Name":"!!GLB_2000_PlayFactionCards4_NAME","Description":"!!MISSIONS_UTILITY_DESC","Script":"PlayFactionCards","Val1":"2000","Val2":"4","Type":"Global","MissionPrerequisite":"GLB_1000_PlayFactionCards4","HardCurrency":"100"},
	{"MissionID":"GLB_3000_PlayFactionCards4","Name":"!!GLB_3000_PlayFactionCards4_NAME","Description":"!!MISSIONS_UTILITY_DESC","Script":"PlayFactionCards","Val1":"3000","Val2":"4","Type":"Global","MissionPrerequisite":"GLB_2000_PlayFactionCards4","HardCurrency":"100"},
	{"MissionID":"GLB_5000_PlayFactionCards4","Name":"!!GLB_5000_PlayFactionCards4_NAME","Description":"!!MISSIONS_UTILITY_DESC","Script":"PlayFactionCards","Val1":"5000","Val2":"4","Type":"Global","MissionPrerequisite":"GLB_3000_PlayFactionCards4","HardCurrency":"100"},
	{"MissionID":"GLB_7500_PlayFactionCards4","Name":"!!GLB_7500_PlayFactionCards4_NAME","Description":"!!MISSIONS_UTILITY_DESC","Script":"PlayFactionCards","Val1":"7500","Val2":"4","Type":"Global","MissionPrerequisite":"GLB_5000_PlayFactionCards4","HardCurrency":"100"},
	{"MissionID":"GLB_10000_PlayFactionCards4","Name":"!!GLB_10000_PlayFactionCards4_NAME","Description":"!!MISSIONS_UTILITY_DESC","Script":"PlayFactionCards","Val1":"10000","Val2":"4","Type":"Global","MissionPrerequisite":"GLB_7500_PlayFactionCards4","HardCurrency":"100"},
	{"MissionID":"GLB_12500_PlayFactionCards4","Name":"!!GLB_12500_PlayFactionCards4_NAME","Description":"!!MISSIONS_UTILITY_DESC","Script":"PlayFactionCards","Val1":"12500","Val2":"4","Type":"Global","MissionPrerequisite":"GLB_10000_PlayFactionCards4","HardCurrency":"100"},
	{"MissionID":"GLB_15000_PlayFactionCards4","Name":"!!GLB_15000_PlayFactionCards4_NAME","Description":"!!MISSIONS_UTILITY_DESC","Script":"PlayFactionCards","Val1":"15000","Val2":"4","Type":"Global","MissionPrerequisite":"GLB_12500_PlayFactionCards4","HardCurrency":"100"},
	{"MissionID":"GLB_20000_PlayFactionCards4","Name":"!!GLB_20000_PlayFactionCards4_NAME","Description":"!!MISSIONS_UTILITY_DESC","Script":"PlayFactionCards","Val1":"20000","Val2":"4","Type":"Global","MissionPrerequisite":"GLB_15000_PlayFactionCards4","HardCurrency":"100"},
	{"MissionID":"GLB_25000_PlayFactionCards4","Name":"!!GLB_25000_PlayFactionCards4_NAME","Description":"!!MISSIONS_UTILITY_DESC","Script":"PlayFactionCards","Val1":"25000","Val2":"4","Type":"Global","MissionPrerequisite":"GLB_20000_PlayFactionCards4","HardCurrency":"100"},
	{"MissionID":"GLB_30000_PlayFactionCards4","Name":"!!GLB_30000_PlayFactionCards4_NAME","Description":"!!MISSIONS_UTILITY_DESC","Script":"PlayFactionCards","Val1":"30000","Val2":"4","Type":"Global","MissionPrerequisite":"GLB_25000_PlayFactionCards4","HardCurrency":"100"},
	{"MissionID":"GLB_35000_PlayFactionCards4","Name":"!!GLB_35000_PlayFactionCards4_NAME","Description":"!!MISSIONS_UTILITY_DESC","Script":"PlayFactionCards","Val1":"35000","Val2":"4","Type":"Global","MissionPrerequisite":"GLB_30000_PlayFactionCards4","HardCurrency":"100"},
	{"MissionID":"GLB_40000_PlayFactionCards4","Name":"!!GLB_40000_PlayFactionCards4_NAME","Description":"!!MISSIONS_UTILITY_DESC","Script":"PlayFactionCards","Val1":"40000","Val2":"4","Type":"Global","MissionPrerequisite":"GLB_35000_PlayFactionCards4","HardCurrency":"100"},
	{"MissionID":"GLB_50000_PlayFactionCards4","Name":"!!GLB_50000_PlayFactionCards4_NAME","Description":"!!MISSIONS_UTILITY_DESC","Script":"PlayFactionCards","Val1":"50000","Val2":"4","Type":"Global","MissionPrerequisite":"GLB_40000_PlayFactionCards4","HardCurrency":"100"},
	{"MissionID":"GLB_10_LoseCreatures","Name":"!!GLB_10_LoseCreatures_NAME","Description":"!!MISSIONS_LOSS_DESC","Script":"LoseCreatures","Val1":"10","Type":"Global","HardCurrency":"150"},
	{"MissionID":"GLB_50_LoseCreatures","Name":"!!GLB_50_LoseCreatures_NAME","Description":"!!MISSIONS_LOSS_DESC","Script":"LoseCreatures","Val1":"50","Type":"Global","MissionPrerequisite":"GLB_10_LoseCreatures","HardCurrency":"125"},
	{"MissionID":"GLB_100_LoseCreatures","Name":"!!GLB_100_LoseCreatures_NAME","Description":"!!MISSIONS_LOSS_DESC","Script":"LoseCreatures","Val1":"100","Type":"Global","MissionPrerequisite":"GLB_50_LoseCreatures","HardCurrency":"100"},
	{"MissionID":"GLB_250_LoseCreatures","Name":"!!GLB_250_LoseCreatures_NAME","Description":"!!MISSIONS_LOSS_DESC","Script":"LoseCreatures","Val1":"250","Type":"Global","MissionPrerequisite":"GLB_100_LoseCreatures","HardCurrency":"100"},
	{"MissionID":"GLB_500_LoseCreatures","Name":"!!GLB_500_LoseCreatures_NAME","Description":"!!MISSIONS_LOSS_DESC","Script":"LoseCreatures","Val1":"500","Type":"Global","MissionPrerequisite":"GLB_250_LoseCreatures","HardCurrency":"100"},
	{"MissionID":"GLB_750_LoseCreatures","Name":"!!GLB_750_LoseCreatures_NAME","Description":"!!MISSIONS_LOSS_DESC","Script":"LoseCreatures","Val1":"750","Type":"Global","MissionPrerequisite":"GLB_500_LoseCreatures","HardCurrency":"100"},
	{"MissionID":"GLB_1000_LoseCreatures","Name":"!!GLB_1000_LoseCreatures_NAME","Description":"!!MISSIONS_LOSS_DESC","Script":"LoseCreatures","Val1":"1000","Type":"Global","MissionPrerequisite":"GLB_750_LoseCreatures","HardCurrency":"100"},
	{"MissionID":"GLB_3000_LoseCreatures","Name":"!!GLB_3000_LoseCreatures_NAME","Description":"!!MISSIONS_LOSS_DESC","Script":"LoseCreatures","Val1":"3000","Type":"Global","MissionPrerequisite":"GLB_1000_LoseCreatures","HardCurrency":"100"},
	{"MissionID":"GLB_5000_LoseCreatures","Name":"!!GLB_5000_LoseCreatures_NAME","Description":"!!MISSIONS_LOSS_DESC","Script":"LoseCreatures","Val1":"5000","Type":"Global","MissionPrerequisite":"GLB_3000_LoseCreatures","HardCurrency":"100"},
	{"MissionID":"GLB_7500_LoseCreatures","Name":"!!GLB_7500_LoseCreatures_NAME","Description":"!!MISSIONS_LOSS_DESC","Script":"LoseCreatures","Val1":"7500","Type":"Global","MissionPrerequisite":"GLB_5000_LoseCreatures","HardCurrency":"100"},
	{"MissionID":"GLB_10000_LoseCreatures","Name":"!!GLB_10000_LoseCreatures_NAME","Description":"!!MISSIONS_LOSS_DESC","Script":"LoseCreatures","Val1":"10000","Type":"Global","MissionPrerequisite":"GLB_7500_LoseCreatures","HardCurrency":"100"},
	{"MissionID":"GLB_15000_LoseCreatures","Name":"!!GLB_15000_LoseCreatures_NAME","Description":"!!MISSIONS_LOSS_DESC","Script":"LoseCreatures","Val1":"15000","Type":"Global","MissionPrerequisite":"GLB_10000_LoseCreatures","HardCurrency":"100"},
	{"MissionID":"GLB_20000_LoseCreatures","Name":"!!GLB_20000_LoseCreatures_NAME","Description":"!!MISSIONS_LOSS_DESC","Script":"LoseCreatures","Val1":"20000","Type":"Global","MissionPrerequisite":"GLB_15000_LoseCreatures","HardCurrency":"100"},
	{"MissionID":"GLB_25000_LoseCreatures","Name":"!!GLB_25000_LoseCreatures_NAME","Description":"!!MISSIONS_LOSS_DESC","Script":"LoseCreatures","Val1":"25000","Type":"Global","MissionPrerequisite":"GLB_20000_LoseCreatures","HardCurrency":"100"},
	{"MissionID":"GLB_30000_LoseCreatures","Name":"!!GLB_30000_LoseCreatures_NAME","Description":"!!MISSIONS_LOSS_DESC","Script":"LoseCreatures","Val1":"30000","Type":"Global","MissionPrerequisite":"GLB_25000_LoseCreatures","HardCurrency":"100"},
	{"MissionID":"GLB_5_WinAny","Name":"!!GLB_5_WinAny_NAME","Description":"!!MISSIONS_WIN_DESC","Script":"WinAny","Val1":"5","Type":"Global","HardCurrency":"150"},
	{"MissionID":"GLB_10_WinAny","Name":"!!GLB_10_WinAny_NAME","Description":"!!MISSIONS_WIN_DESC","Script":"WinAny","Val1":"10","Type":"Global","MissionPrerequisite":"GLB_5_WinAny","HardCurrency":"125"},
	{"MissionID":"GLB_25_WinAny","Name":"!!GLB_25_WinAny_NAME","Description":"!!MISSIONS_WIN_DESC","Script":"WinAny","Val1":"25","Type":"Global","MissionPrerequisite":"GLB_10_WinAny","HardCurrency":"100"},
	{"MissionID":"GLB_50_WinAny","Name":"!!GLB_50_WinAny_NAME","Description":"!!MISSIONS_WIN_DESC","Script":"WinAny","Val1":"50","Type":"Global","MissionPrerequisite":"GLB_25_WinAny","HardCurrency":"100"},
	{"MissionID":"GLB_75_WinAny","Name":"!!GLB_75_WinAny_NAME","Description":"!!MISSIONS_WIN_DESC","Script":"WinAny","Val1":"75","Type":"Global","MissionPrerequisite":"GLB_50_WinAny","HardCurrency":"100"},
	{"MissionID":"GLB_100_WinAny","Name":"!!GLB_100_WinAny_NAME","Description":"!!MISSIONS_WIN_DESC","Script":"WinAny","Val1":"100","Type":"Global","MissionPrerequisite":"GLB_75_WinAny","HardCurrency":"100"},
	{"MissionID":"GLB_150_WinAny","Name":"!!GLB_150_WinAny_NAME","Description":"!!MISSIONS_WIN_DESC","Script":"WinAny","Val1":"150","Type":"Global","MissionPrerequisite":"GLB_100_WinAny","HardCurrency":"100"},
	{"MissionID":"GLB_200_WinAny","Name":"!!GLB_200_WinAny_NAME","Description":"!!MISSIONS_WIN_DESC","Script":"WinAny","Val1":"200","Type":"Global","MissionPrerequisite":"GLB_150_WinAny","HardCurrency":"100"},
	{"MissionID":"GLB_250_WinAny","Name":"!!GLB_250_WinAny_NAME","Description":"!!MISSIONS_WIN_DESC","Script":"WinAny","Val1":"250","Type":"Global","MissionPrerequisite":"GLB_200_WinAny","HardCurrency":"100"},
	{"MissionID":"GLB_300_WinAny","Name":"!!GLB_300_WinAny_NAME","Description":"!!MISSIONS_WIN_DESC","Script":"WinAny","Val1":"300","Type":"Global","MissionPrerequisite":"GLB_250_WinAny","HardCurrency":"100"},
	{"MissionID":"GLB_400_WinAny","Name":"!!GLB_400_WinAny_NAME","Description":"!!MISSIONS_WIN_DESC","Script":"WinAny","Val1":"400","Type":"Global","MissionPrerequisite":"GLB_300_WinAny","HardCurrency":"100"},
	{"MissionID":"GLB_500_WinAny","Name":"!!GLB_500_WinAny_NAME","Description":"!!MISSIONS_WIN_DESC","Script":"WinAny","Val1":"500","Type":"Global","MissionPrerequisite":"GLB_400_WinAny","HardCurrency":"100"},
	{"MissionID":"GLB_600_WinAny","Name":"!!GLB_600_WinAny_NAME","Description":"!!MISSIONS_WIN_DESC","Script":"WinAny","Val1":"600","Type":"Global","MissionPrerequisite":"GLB_500_WinAny","HardCurrency":"100"},
	{"MissionID":"GLB_700_WinAny","Name":"!!GLB_700_WinAny_NAME","Description":"!!MISSIONS_WIN_DESC","Script":"WinAny","Val1":"700","Type":"Global","MissionPrerequisite":"GLB_600_WinAny","HardCurrency":"100"},
	{"MissionID":"GLB_800_WinAny","Name":"!!GLB_800_WinAny_NAME","Description":"!!MISSIONS_WIN_DESC","Script":"WinAny","Val1":"800","Type":"Global","MissionPrerequisite":"GLB_700_WinAny","HardCurrency":"100"},
	{"MissionID":"GLB_900_WinAny","Name":"!!GLB_900_WinAny_NAME","Description":"!!MISSIONS_WIN_DESC","Script":"WinAny","Val1":"900","Type":"Global","MissionPrerequisite":"GLB_800_WinAny","HardCurrency":"100"},
	{"MissionID":"GLB_1000_WinAny","Name":"!!GLB_1000_WinAny_NAME","Description":"!!MISSIONS_WIN_DESC","Script":"WinAny","Val1":"1000","Type":"Global","MissionPrerequisite":"GLB_900_WinAny","HardCurrency":"100"},
	{"MissionID":"GLB_1250_WinAny","Name":"!!GLB_1250_WinAny_NAME","Description":"!!MISSIONS_WIN_DESC","Script":"WinAny","Val1":"1250","Type":"Global","MissionPrerequisite":"GLB_1000_WinAny","HardCurrency":"100"},
	{"MissionID":"GLB_1500_WinAny","Name":"!!GLB_1500_WinAny_NAME","Description":"!!MISSIONS_WIN_DESC","Script":"WinAny","Val1":"1500","Type":"Global","MissionPrerequisite":"GLB_1250_WinAny","HardCurrency":"100"},
	{"MissionID":"GLB_1750_WinAny","Name":"!!GLB_1750_WinAny_NAME","Description":"!!MISSIONS_WIN_DESC","Script":"WinAny","Val1":"1750","Type":"Global","MissionPrerequisite":"GLB_1500_WinAny","HardCurrency":"100"},
	{"MissionID":"GLB_2000_WinAny","Name":"!!GLB_2000_WinAny_NAME","Description":"!!MISSIONS_WIN_DESC","Script":"WinAny","Val1":"2000","Type":"Global","MissionPrerequisite":"GLB_1750_WinAny","HardCurrency":"100"},
	{"MissionID":"GLB_2500_WinAny","Name":"!!GLB_2500_WinAny_NAME","Description":"!!MISSIONS_WIN_DESC","Script":"WinAny","Val1":"2500","Type":"Global","MissionPrerequisite":"GLB_2000_WinAny","HardCurrency":"100"},
	{"MissionID":"GLB_3000_WinAny","Name":"!!GLB_3000_WinAny_NAME","Description":"!!MISSIONS_WIN_DESC","Script":"WinAny","Val1":"3000","Type":"Global","MissionPrerequisite":"GLB_2500_WinAny","HardCurrency":"100"},
	{"MissionID":"GLB_3500_WinAny","Name":"!!GLB_3500_WinAny_NAME","Description":"!!MISSIONS_WIN_DESC","Script":"WinAny","Val1":"3500","Type":"Global","MissionPrerequisite":"GLB_3000_WinAny","HardCurrency":"100"},
	{"MissionID":"GLB_4000_WinAny","Name":"!!GLB_4000_WinAny_NAME","Description":"!!MISSIONS_WIN_DESC","Script":"WinAny","Val1":"4000","Type":"Global","MissionPrerequisite":"GLB_3500_WinAny","HardCurrency":"100"},
	{"MissionID":"GLB_1_WinPvP","Name":"!!GLB_1_WinPvP_NAME","Description":"!!MISSIONS_DUEL_DESC","Script":"WinPvP","Val1":"1","Type":"Global","HardCurrency":"150"},
	{"MissionID":"GLB_3_WinPvP","Name":"!!GLB_3_WinPvP_NAME","Description":"!!MISSIONS_DUEL_DESC","Script":"WinPvP","Val1":"3","Type":"Global","MissionPrerequisite":"GLB_1_WinPvP","HardCurrency":"125"},
	{"MissionID":"GLB_5_WinPvP","Name":"!!GLB_5_WinPvP_NAME","Description":"!!MISSIONS_DUEL_DESC","Script":"WinPvP","Val1":"5","Type":"Global","MissionPrerequisite":"GLB_3_WinPvP","HardCurrency":"100"},
	{"MissionID":"GLB_10_WinPvP","Name":"!!GLB_10_WinPvP_NAME","Description":"!!MISSIONS_DUEL_DESC","Script":"WinPvP","Val1":"10","Type":"Global","MissionPrerequisite":"GLB_5_WinPvP","HardCurrency":"100"},
	{"MissionID":"GLB_15_WinPvP","Name":"!!GLB_15_WinPvP_NAME","Description":"!!MISSIONS_DUEL_DESC","Script":"WinPvP","Val1":"15","Type":"Global","MissionPrerequisite":"GLB_10_WinPvP","HardCurrency":"100"},
	{"MissionID":"GLB_20_WinPvP","Name":"!!GLB_20_WinPvP_NAME","Description":"!!MISSIONS_DUEL_DESC","Script":"WinPvP","Val1":"20","Type":"Global","MissionPrerequisite":"GLB_15_WinPvP","HardCurrency":"100"},
	{"MissionID":"GLB_25_WinPvP","Name":"!!GLB_25_WinPvP_NAME","Description":"!!MISSIONS_DUEL_DESC","Script":"WinPvP","Val1":"25","Type":"Global","MissionPrerequisite":"GLB_20_WinPvP","HardCurrency":"100"},
	{"MissionID":"GLB_50_WinPvP","Name":"!!GLB_50_WinPvP_NAME","Description":"!!MISSIONS_DUEL_DESC","Script":"WinPvP","Val1":"50","Type":"Global","MissionPrerequisite":"GLB_25_WinPvP","HardCurrency":"100"},
	{"MissionID":"GLB_75_WinPvP","Name":"!!GLB_75_WinPvP_NAME","Description":"!!MISSIONS_DUEL_DESC","Script":"WinPvP","Val1":"75","Type":"Global","MissionPrerequisite":"GLB_50_WinPvP","HardCurrency":"100"},
	{"MissionID":"GLB_100_WinPvP","Name":"!!GLB_100_WinPvP_NAME","Description":"!!MISSIONS_DUEL_DESC","Script":"WinPvP","Val1":"100","Type":"Global","MissionPrerequisite":"GLB_75_WinPvP","HardCurrency":"100"},
	{"MissionID":"GLB_150_WinPvP","Name":"!!GLB_150_WinPvP_NAME","Description":"!!MISSIONS_DUEL_DESC","Script":"WinPvP","Val1":"150","Type":"Global","MissionPrerequisite":"GLB_100_WinPvP","HardCurrency":"100"},
	{"MissionID":"GLB_200_WinPvP","Name":"!!GLB_200_WinPvP_NAME","Description":"!!MISSIONS_DUEL_DESC","Script":"WinPvP","Val1":"200","Type":"Global","MissionPrerequisite":"GLB_150_WinPvP","HardCurrency":"100"},
	{"MissionID":"GLB_250_WinPvP","Name":"!!GLB_250_WinPvP_NAME","Description":"!!MISSIONS_DUEL_DESC","Script":"WinPvP","Val1":"250","Type":"Global","MissionPrerequisite":"GLB_200_WinPvP","HardCurrency":"100"},
	{"MissionID":"GLB_300_WinPvP","Name":"!!GLB_300_WinPvP_NAME","Description":"!!MISSIONS_DUEL_DESC","Script":"WinPvP","Val1":"300","Type":"Global","MissionPrerequisite":"GLB_250_WinPvP","HardCurrency":"100"},
	{"MissionID":"GLB_400_WinPvP","Name":"!!GLB_400_WinPvP_NAME","Description":"!!MISSIONS_DUEL_DESC","Script":"WinPvP","Val1":"400","Type":"Global","MissionPrerequisite":"GLB_300_WinPvP","HardCurrency":"100"},
	{"MissionID":"GLB_500_WinPvP","Name":"!!GLB_500_WinPvP_NAME","Description":"!!MISSIONS_DUEL_DESC","Script":"WinPvP","Val1":"500","Type":"Global","MissionPrerequisite":"GLB_400_WinPvP","HardCurrency":"100"},
	{"MissionID":"GLB_600_WinPvP","Name":"!!GLB_600_WinPvP_NAME","Description":"!!MISSIONS_DUEL_DESC","Script":"WinPvP","Val1":"600","Type":"Global","MissionPrerequisite":"GLB_500_WinPvP","HardCurrency":"100"},
	{"MissionID":"GLB_700_WinPvP","Name":"!!GLB_700_WinPvP_NAME","Description":"!!MISSIONS_DUEL_DESC","Script":"WinPvP","Val1":"700","Type":"Global","MissionPrerequisite":"GLB_600_WinPvP","HardCurrency":"100"},
	{"MissionID":"GLB_800_WinPvP","Name":"!!GLB_800_WinPvP_NAME","Description":"!!MISSIONS_DUEL_DESC","Script":"WinPvP","Val1":"800","Type":"Global","MissionPrerequisite":"GLB_700_WinPvP","HardCurrency":"100"},
	{"MissionID":"GLB_900_WinPvP","Name":"!!GLB_900_WinPvP_NAME","Description":"!!MISSIONS_DUEL_DESC","Script":"WinPvP","Val1":"900","Type":"Global","MissionPrerequisite":"GLB_800_WinPvP","HardCurrency":"100"},
	{"MissionID":"GLB_1000_WinPvP","Name":"!!GLB_1000_WinPvP_NAME","Description":"!!MISSIONS_DUEL_DESC","Script":"WinPvP","Val1":"1000","Type":"Global","MissionPrerequisite":"GLB_900_WinPvP","HardCurrency":"100"},
	{"MissionID":"GLB_1250_WinPvP","Name":"!!GLB_1250_WinPvP_NAME","Description":"!!MISSIONS_DUEL_DESC","Script":"WinPvP","Val1":"1250","Type":"Global","MissionPrerequisite":"GLB_1000_WinPvP","HardCurrency":"100"},
	{"MissionID":"GLB_1500_WinPvP","Name":"!!GLB_1500_WinPvP_NAME","Description":"!!MISSIONS_DUEL_DESC","Script":"WinPvP","Val1":"1500","Type":"Global","MissionPrerequisite":"GLB_1250_WinPvP","HardCurrency":"100"},
	{"MissionID":"GLB_1750_WinPvP","Name":"!!GLB_1750_WinPvP_NAME","Description":"!!MISSIONS_DUEL_DESC","Script":"WinPvP","Val1":"1750","Type":"Global","MissionPrerequisite":"GLB_1500_WinPvP","HardCurrency":"100"},
	{"MissionID":"GLB_2000_WinPvP","Name":"!!GLB_2000_WinPvP_NAME","Description":"!!MISSIONS_DUEL_DESC","Script":"WinPvP","Val1":"2000","Type":"Global","MissionPrerequisite":"GLB_1750_WinPvP","HardCurrency":"100"},
	{"MissionID":"GLB_2500_WinPvP","Name":"!!GLB_2500_WinPvP_NAME","Description":"!!MISSIONS_DUEL_DESC","Script":"WinPvP","Val1":"2500","Type":"Global","MissionPrerequisite":"GLB_2000_WinPvP","HardCurrency":"100"},
	{"MissionID":"GLB_10_GetCriticals","Name":"!!GLB_10_GetCriticals_NAME","Description":"!!MISSIONS_POW_DESC","Script":"GetCriticals","Val1":"10","Type":"Global","HardCurrency":"150"},
	{"MissionID":"GLB_25_GetCriticals","Name":"!!GLB_25_GetCriticals_NAME","Description":"!!MISSIONS_POW_DESC","Script":"GetCriticals","Val1":"25","Type":"Global","MissionPrerequisite":"GLB_10_GetCriticals","HardCurrency":"125"},
	{"MissionID":"GLB_50_GetCriticals","Name":"!!GLB_50_GetCriticals_NAME","Description":"!!MISSIONS_POW_DESC","Script":"GetCriticals","Val1":"50","Type":"Global","MissionPrerequisite":"GLB_25_GetCriticals","HardCurrency":"100"},
	{"MissionID":"GLB_75_GetCriticals","Name":"!!GLB_75_GetCriticals_NAME","Description":"!!MISSIONS_POW_DESC","Script":"GetCriticals","Val1":"75","Type":"Global","MissionPrerequisite":"GLB_50_GetCriticals","HardCurrency":"100"},
	{"MissionID":"GLB_100_GetCriticals","Name":"!!GLB_100_GetCriticals_NAME","Description":"!!MISSIONS_POW_DESC","Script":"GetCriticals","Val1":"100","Type":"Global","MissionPrerequisite":"GLB_75_GetCriticals","HardCurrency":"100"},
	{"MissionID":"GLB_150_GetCriticals","Name":"!!GLB_150_GetCriticals_NAME","Description":"!!MISSIONS_POW_DESC","Script":"GetCriticals","Val1":"150","Type":"Global","MissionPrerequisite":"GLB_100_GetCriticals","HardCurrency":"100"},
	{"MissionID":"GLB_200_GetCriticals","Name":"!!GLB_200_GetCriticals_NAME","Description":"!!MISSIONS_POW_DESC","Script":"GetCriticals","Val1":"200","Type":"Global","MissionPrerequisite":"GLB_150_GetCriticals","HardCurrency":"100"},
	{"MissionID":"GLB_250_GetCriticals","Name":"!!GLB_250_GetCriticals_NAME","Description":"!!MISSIONS_POW_DESC","Script":"GetCriticals","Val1":"250","Type":"Global","MissionPrerequisite":"GLB_200_GetCriticals","HardCurrency":"100"},
	{"MissionID":"GLB_300_GetCriticals","Name":"!!GLB_300_GetCriticals_NAME","Description":"!!MISSIONS_POW_DESC","Script":"GetCriticals","Val1":"300","Type":"Global","MissionPrerequisite":"GLB_250_GetCriticals","HardCurrency":"100"},
	{"MissionID":"GLB_400_GetCriticals","Name":"!!GLB_400_GetCriticals_NAME","Description":"!!MISSIONS_POW_DESC","Script":"GetCriticals","Val1":"400","Type":"Global","MissionPrerequisite":"GLB_300_GetCriticals","HardCurrency":"100"},
	{"MissionID":"GLB_500_GetCriticals","Name":"!!GLB_500_GetCriticals_NAME","Description":"!!MISSIONS_POW_DESC","Script":"GetCriticals","Val1":"500","Type":"Global","MissionPrerequisite":"GLB_400_GetCriticals","HardCurrency":"100"},
	{"MissionID":"GLB_750_GetCriticals","Name":"!!GLB_750_GetCriticals_NAME","Description":"!!MISSIONS_POW_DESC","Script":"GetCriticals","Val1":"750","Type":"Global","MissionPrerequisite":"GLB_500_GetCriticals","HardCurrency":"100"},
	{"MissionID":"GLB_1000_GetCriticals","Name":"!!GLB_1000_GetCriticals_NAME","Description":"!!MISSIONS_POW_DESC","Script":"GetCriticals","Val1":"1000","Type":"Global","MissionPrerequisite":"GLB_750_GetCriticals","HardCurrency":"100"},
	{"MissionID":"GLB_1500_GetCriticals","Name":"!!GLB_1500_GetCriticals_NAME","Description":"!!MISSIONS_POW_DESC","Script":"GetCriticals","Val1":"1500","Type":"Global","MissionPrerequisite":"GLB_1000_GetCriticals","HardCurrency":"100"},
	{"MissionID":"GLB_2000_GetCriticals","Name":"!!GLB_2000_GetCriticals_NAME","Description":"!!MISSIONS_POW_DESC","Script":"GetCriticals","Val1":"2000","Type":"Global","MissionPrerequisite":"GLB_1500_GetCriticals","HardCurrency":"100"},
	{"MissionID":"GLB_2500_GetCriticals","Name":"!!GLB_2500_GetCriticals_NAME","Description":"!!MISSIONS_POW_DESC","Script":"GetCriticals","Val1":"2500","Type":"Global","MissionPrerequisite":"GLB_2000_GetCriticals","HardCurrency":"100"},
	{"MissionID":"GLB_3000_GetCriticals","Name":"!!GLB_3000_GetCriticals_NAME","Description":"!!MISSIONS_POW_DESC","Script":"GetCriticals","Val1":"3000","Type":"Global","MissionPrerequisite":"GLB_2500_GetCriticals","HardCurrency":"100"},
	{"MissionID":"GLB_4000_GetCriticals","Name":"!!GLB_4000_GetCriticals_NAME","Description":"!!MISSIONS_POW_DESC","Script":"GetCriticals","Val1":"4000","Type":"Global","MissionPrerequisite":"GLB_3000_GetCriticals","HardCurrency":"100"},
	{"MissionID":"GLB_5000_GetCriticals","Name":"!!GLB_5000_GetCriticals_NAME","Description":"!!MISSIONS_POW_DESC","Script":"GetCriticals","Val1":"5000","Type":"Global","MissionPrerequisite":"GLB_4000_GetCriticals","HardCurrency":"100"},
	{"MissionID":"GLB_7500_GetCriticals","Name":"!!GLB_7500_GetCriticals_NAME","Description":"!!MISSIONS_POW_DESC","Script":"GetCriticals","Val1":"7500","Type":"Global","MissionPrerequisite":"GLB_5000_GetCriticals","HardCurrency":"100"},
	{"MissionID":"GLB_10000_GetCriticals","Name":"!!GLB_10000_GetCriticals_NAME","Description":"!!MISSIONS_POW_DESC","Script":"GetCriticals","Val1":"10000","Type":"Global","MissionPrerequisite":"GLB_7500_GetCriticals","HardCurrency":"100"},
	{"MissionID":"GLB_15000_GetCriticals","Name":"!!GLB_15000_GetCriticals_NAME","Description":"!!MISSIONS_POW_DESC","Script":"GetCriticals","Val1":"15000","Type":"Global","MissionPrerequisite":"GLB_10000_GetCriticals","HardCurrency":"100"},
	{"MissionID":"GLB_20000_GetCriticals","Name":"!!GLB_20000_GetCriticals_NAME","Description":"!!MISSIONS_POW_DESC","Script":"GetCriticals","Val1":"20000","Type":"Global","MissionPrerequisite":"GLB_15000_GetCriticals","HardCurrency":"100"},
	{"MissionID":"GLB_25000_GetCriticals","Name":"!!GLB_25000_GetCriticals_NAME","Description":"!!MISSIONS_POW_DESC","Script":"GetCriticals","Val1":"25000","Type":"Global","MissionPrerequisite":"GLB_20000_GetCriticals","HardCurrency":"100"},
	{"MissionID":"GLB_35000_GetCriticals","Name":"!!GLB_35000_GetCriticals_NAME","Description":"!!MISSIONS_POW_DESC","Script":"GetCriticals","Val1":"35000","Type":"Global","MissionPrerequisite":"GLB_25000_GetCriticals","HardCurrency":"100"},
	{"MissionID":"GLB_45000_GetCriticals","Name":"!!GLB_45000_GetCriticals_NAME","Description":"!!MISSIONS_POW_DESC","Script":"GetCriticals","Val1":"45000","Type":"Global","MissionPrerequisite":"GLB_35000_GetCriticals","HardCurrency":"100"},
	{"MissionID":"GLB_60000_GetCriticals","Name":"!!GLB_60000_GetCriticals_NAME","Description":"!!MISSIONS_POW_DESC","Script":"GetCriticals","Val1":"60000","Type":"Global","MissionPrerequisite":"GLB_45000_GetCriticals","HardCurrency":"100"},
	{"MissionID":"GLB_75000_GetCriticals","Name":"!!GLB_75000_GetCriticals_NAME","Description":"!!MISSIONS_POW_DESC","Script":"GetCriticals","Val1":"75000","Type":"Global","MissionPrerequisite":"GLB_60000_GetCriticals","HardCurrency":"100"},
	{"MissionID":"GLB_100000_GetCriticals","Name":"!!GLB_100000_GetCriticals_NAME","Description":"!!MISSIONS_POW_DESC","Script":"GetCriticals","Val1":"100000","Type":"Global","MissionPrerequisite":"GLB_75000_GetCriticals","HardCurrency":"100"},
	{"MissionID":"GLB_25_CollectXPMaterials","Name":"!!GLB_25_CollectXPMaterials_NAME","Description":"!!MISSIONS_CAKECOLLECT_DESC","Script":"CollectXPMaterials","Val1":"25","Type":"Global","HardCurrency":"150"},
	{"MissionID":"GLB_50_CollectXPMaterials","Name":"!!GLB_50_CollectXPMaterials_NAME","Description":"!!MISSIONS_CAKECOLLECT_DESC","Script":"CollectXPMaterials","Val1":"50","Type":"Global","MissionPrerequisite":"GLB_25_CollectXPMaterials","HardCurrency":"125"},
	{"MissionID":"GLB_100_CollectXPMaterials","Name":"!!GLB_100_CollectXPMaterials_NAME","Description":"!!MISSIONS_CAKECOLLECT_DESC","Script":"CollectXPMaterials","Val1":"100","Type":"Global","MissionPrerequisite":"GLB_50_CollectXPMaterials","HardCurrency":"100"},
	{"MissionID":"GLB_250_CollectXPMaterials","Name":"!!GLB_250_CollectXPMaterials_NAME","Description":"!!MISSIONS_CAKECOLLECT_DESC","Script":"CollectXPMaterials","Val1":"250","Type":"Global","MissionPrerequisite":"GLB_100_CollectXPMaterials","HardCurrency":"100"},
	{"MissionID":"GLB_500_CollectXPMaterials","Name":"!!GLB_500_CollectXPMaterials_NAME","Description":"!!MISSIONS_CAKECOLLECT_DESC","Script":"CollectXPMaterials","Val1":"500","Type":"Global","MissionPrerequisite":"GLB_250_CollectXPMaterials","HardCurrency":"100"},
	{"MissionID":"GLB_750_CollectXPMaterials","Name":"!!GLB_750_CollectXPMaterials_NAME","Description":"!!MISSIONS_CAKECOLLECT_DESC","Script":"CollectXPMaterials","Val1":"750","Type":"Global","MissionPrerequisite":"GLB_500_CollectXPMaterials","HardCurrency":"100"},
	{"MissionID":"GLB_1000_CollectXPMaterials","Name":"!!GLB_1000_CollectXPMaterials_NAME","Description":"!!MISSIONS_CAKECOLLECT_DESC","Script":"CollectXPMaterials","Val1":"1000","Type":"Global","MissionPrerequisite":"GLB_750_CollectXPMaterials","HardCurrency":"100"},
	{"MissionID":"GLB_2000_CollectXPMaterials","Name":"!!GLB_2000_CollectXPMaterials_NAME","Description":"!!MISSIONS_CAKECOLLECT_DESC","Script":"CollectXPMaterials","Val1":"2000","Type":"Global","MissionPrerequisite":"GLB_1000_CollectXPMaterials","HardCurrency":"100"},
	{"MissionID":"GLB_3000_CollectXPMaterials","Name":"!!GLB_3000_CollectXPMaterials_NAME","Description":"!!MISSIONS_CAKECOLLECT_DESC","Script":"CollectXPMaterials","Val1":"3000","Type":"Global","MissionPrerequisite":"GLB_2000_CollectXPMaterials","HardCurrency":"100"},
	{"MissionID":"GLB_5000_CollectXPMaterials","Name":"!!GLB_5000_CollectXPMaterials_NAME","Description":"!!MISSIONS_CAKECOLLECT_DESC","Script":"CollectXPMaterials","Val1":"5000","Type":"Global","MissionPrerequisite":"GLB_3000_CollectXPMaterials","HardCurrency":"100"},
	{"MissionID":"GLB_7500_CollectXPMaterials","Name":"!!GLB_7500_CollectXPMaterials_NAME","Description":"!!MISSIONS_CAKECOLLECT_DESC","Script":"CollectXPMaterials","Val1":"7500","Type":"Global","MissionPrerequisite":"GLB_5000_CollectXPMaterials","HardCurrency":"100"},
	{"MissionID":"GLB_10000_CollectXPMaterials","Name":"!!GLB_10000_CollectXPMaterials_NAME","Description":"!!MISSIONS_CAKECOLLECT_DESC","Script":"CollectXPMaterials","Val1":"10000","Type":"Global","MissionPrerequisite":"GLB_7500_CollectXPMaterials","HardCurrency":"100"},
	{"MissionID":"GLB_12500_CollectXPMaterials","Name":"!!GLB_12500_CollectXPMaterials_NAME","Description":"!!MISSIONS_CAKECOLLECT_DESC","Script":"CollectXPMaterials","Val1":"12500","Type":"Global","MissionPrerequisite":"GLB_10000_CollectXPMaterials","HardCurrency":"100"},
	{"MissionID":"GLB_15000_CollectXPMaterials","Name":"!!GLB_15000_CollectXPMaterials_NAME","Description":"!!MISSIONS_CAKECOLLECT_DESC","Script":"CollectXPMaterials","Val1":"15000","Type":"Global","MissionPrerequisite":"GLB_12500_CollectXPMaterials","HardCurrency":"100"},
	{"MissionID":"GLB_20000_CollectXPMaterials","Name":"!!GLB_20000_CollectXPMaterials_NAME","Description":"!!MISSIONS_CAKECOLLECT_DESC","Script":"CollectXPMaterials","Val1":"20000","Type":"Global","MissionPrerequisite":"GLB_15000_CollectXPMaterials","HardCurrency":"100"},
	{"MissionID":"GLB_25000_CollectXPMaterials","Name":"!!GLB_25000_CollectXPMaterials_NAME","Description":"!!MISSIONS_CAKECOLLECT_DESC","Script":"CollectXPMaterials","Val1":"25000","Type":"Global","MissionPrerequisite":"GLB_20000_CollectXPMaterials","HardCurrency":"100"},
	{"MissionID":"GLB_30000_CollectXPMaterials","Name":"!!GLB_30000_CollectXPMaterials_NAME","Description":"!!MISSIONS_CAKECOLLECT_DESC","Script":"CollectXPMaterials","Val1":"30000","Type":"Global","MissionPrerequisite":"GLB_25000_CollectXPMaterials","HardCurrency":"100"},
	{"MissionID":"GLB_35000_CollectXPMaterials","Name":"!!GLB_35000_CollectXPMaterials_NAME","Description":"!!MISSIONS_CAKECOLLECT_DESC","Script":"CollectXPMaterials","Val1":"35000","Type":"Global","MissionPrerequisite":"GLB_30000_CollectXPMaterials","HardCurrency":"100"},
	{"MissionID":"GLB_40000_CollectXPMaterials","Name":"!!GLB_40000_CollectXPMaterials_NAME","Description":"!!MISSIONS_CAKECOLLECT_DESC","Script":"CollectXPMaterials","Val1":"40000","Type":"Global","MissionPrerequisite":"GLB_35000_CollectXPMaterials","HardCurrency":"100"},
	{"MissionID":"GLB_50000_CollectXPMaterials","Name":"!!GLB_50000_CollectXPMaterials_NAME","Description":"!!MISSIONS_CAKECOLLECT_DESC","Script":"CollectXPMaterials","Val1":"50000","Type":"Global","MissionPrerequisite":"GLB_40000_CollectXPMaterials","HardCurrency":"100"}
]
