[
	{"ID":"NEWS_01","Name":"!!NEWS_MAIL_WELCOME_TITLE","BodyText":"!!NEWS_MAIL_WELCOME","GiftType":"PvPCurrency","Quantity":"100"},
	{"ID":"DAILY_01","Name":"!!NEWS_MAIL_MONDAY_TITLE","BodyText":"!!NEWS_MAIL_MONDAY","GiftType":"PvPCurrency","Quantity":"25","Repeats":"Monday"},
	{"ID":"DAILY_02","Name":"!!NEWS_MAIL_TUESDAY_TITLE","BodyText":"!!NEWS_MAIL_TUESDAY","GiftType":"PvPCurrency","Quantity":"25","Repeats":"Tuesday"},
	{"ID":"DAILY_03","Name":"!!NEWS_MAIL_WEDNESDAY_TITLE","BodyText":"!!NEWS_MAIL_WEDNESDAY","GiftType":"PvPCurrency","Quantity":"25","Repeats":"Wednesday"},
	{"ID":"DAILY_04","Name":"!!NEWS_MAIL_THURSDAY_TITLE","BodyText":"!!NEWS_MAIL_THURSDAY","GiftType":"PvPCurrency","Quantity":"25","Repeats":"Thursday"},
	{"ID":"DAILY_05","Name":"!!NEWS_MAIL_FRIDAY_TITLE","BodyText":"!!NEWS_MAIL_FRIDAY","GiftType":"PvPCurrency","Quantity":"25","Repeats":"Friday"},
	{"ID":"DAILY_06","Name":"!!NEWS_MAIL_SATURDAY_TITLE","BodyText":"!!NEWS_MAIL_SATURDAY","GiftType":"PvPCurrency","Quantity":"25","Repeats":"Saturday"},
	{"ID":"DAILY_07","Name":"!!NEWS_MAIL_SUNDAY_TITLE","BodyText":"!!NEWS_MAIL_SUNDAY","GiftType":"PvPCurrency","Quantity":"25","Repeats":"Sunday"},
	{"ID":"TEMPLATE","Name":"New Helper Feature","BodyText":"With the new version 1.0.6 release, please enjoy our new Helper Creature system in Battle!!","GiftType":"HardCurrency","Quantity":"50","showDate":"30/04/2015","endDate":"30/04/2015"},
	{"ID":"GIFT_0001","Name":"!!GIFT_0001_NAME","BodyText":"!!GIFT_0001_BODY","GiftType":"Creature","Quantity":"1","GiftID":"BaldingMan_Base","showDate":"01/07/2016","endDate":"28/07/2016"},
	{"ID":"GIFT_0002","Name":"Gems Gift","BodyText":"Now 16000 players now, Here 2500 gems.","GiftType":"HardCurrency","Quantity":"2500","showDate":"04/08/2025","endDate":"12/08/2025"},
	{"ID":"GIFT_0003","Name":"Creature Gift","BodyText":"Now 16000 players now, Here creature.","GiftType":"Creature","GiftID":"CornasaurusRex_Base","Quantity":"2500","showDate":"04/08/2025","endDate":"12/08/2025"},
	{"ID":"BETA_01","Name":"CARD WARS BETA FESTIVAL!","BodyText":"Thanks for playing in the BETA! Check back everyday for rewards!","GiftType":"HardCurrency","Quantity":"50","showDate":"30/04/2015","endDate":"30/04/2015"},
	{"ID":"BETA_02","Name":"CARD WARS BETA FESTIVAL!","BodyText":"Thanks for playing in the BETA! Check back everyday for rewards!","GiftType":"PvPCurrency","Quantity":"100","showDate":"30/04/2015","endDate":"30/04/2015"},
	{"ID":"BETA_03","Name":"CARD WARS BETA FESTIVAL!","BodyText":"Thanks for playing in the BETA! Check back everyday for rewards!","GiftType":"HardCurrency","Quantity":"50","showDate":"30/04/2015","endDate":"30/04/2015"},
	{"ID":"BETA_04","Name":"CARD WARS BETA FESTIVAL!","BodyText":"Thanks for playing in the BETA! Check back everyday for rewards!","GiftType":"PvPCurrency","Quantity":"100","showDate":"30/04/2015","endDate":"30/04/2015"},
	{"ID":"BETA_05","Name":"CARD WARS BETA FESTIVAL!","BodyText":"Thanks for playing in the BETA! Check back everyday for rewards!","GiftType":"HardCurrency","Quantity":"50","showDate":"30/04/2015","endDate":"30/04/2015"},
	{"ID":"BETA_06","Name":"CARD WARS BETA FESTIVAL!","BodyText":"Thanks for playing in the BETA! Check back everyday for rewards!","GiftType":"PvPCurrency","Quantity":"100","showDate":"30/04/2015","endDate":"30/04/2015"},
	{"ID":"BETA_07","Name":"CARD WARS BETA FESTIVAL!","BodyText":"Thanks for playing in the BETA! Check back everyday for rewards!","GiftType":"HardCurrency","Quantity":"50","showDate":"30/04/2015","endDate":"30/04/2015"},
	{"ID":"NEWS_2016_07_14","Name":"Card Wars Kingdom Launch Gifts!","BodyText":"To celebrate our launch we'll be giving out gifts everyday through July 31st! Keep Floopin', homies!","GiftType":"PvPCurrency","Quantity":"50","showDate":"14/07/2016","endDate":"15/07/2016"},
	{"ID":"NEWS_2016_07_15","Name":"Card Wars Kingdom Launch Gifts!","BodyText":"To celebrate our launch we'll be giving out gifts everyday through July 31st! Keep Floopin', homies!","GiftType":"HardCurrency","Quantity":"50","showDate":"15/07/2016","endDate":"16/07/2016"},
	{"ID":"NEWS_2016_07_16","Name":"Card Wars Kingdom Launch Gifts!","BodyText":"To celebrate our launch we'll be giving out gifts everyday through July 31st! Keep Floopin', homies!","GiftType":"PvPCurrency","Quantity":"50","showDate":"16/07/2016","endDate":"17/07/2016"},
	{"ID":"NEWS_2016_07_17","Name":"Card Wars Kingdom Launch Gifts!","BodyText":"To celebrate our launch we'll be giving out gifts everyday through July 31st! Keep Floopin', homies!","GiftType":"HardCurrency","Quantity":"50","showDate":"17/07/2016","endDate":"18/07/2016"},
	{"ID":"NEWS_2016_07_18","Name":"Card Wars Kingdom Launch Gifts!","BodyText":"To celebrate our launch we'll be giving out gifts everyday through July 31st! Keep Floopin', homies!","GiftType":"PvPCurrency","Quantity":"50","showDate":"18/07/2016","endDate":"19/07/2016"},
	{"ID":"NEWS_2016_07_19","Name":"Card Wars Kingdom Launch Gifts!","BodyText":"To celebrate our launch we'll be giving out gifts everyday through July 31st! Keep Floopin', homies!","GiftType":"HardCurrency","Quantity":"50","showDate":"19/07/2016","endDate":"20/07/2016"},
	{"ID":"NEWS_2016_07_20","Name":"Card Wars Kingdom Launch Gifts!","BodyText":"To celebrate our launch we'll be giving out gifts everyday through July 31st! Keep Floopin', homies!","GiftType":"PvPCurrency","Quantity":"50","showDate":"20/07/2016","endDate":"21/07/2016"},
	{"ID":"NEWS_2016_07_21","Name":"Card Wars Kingdom Launch Gifts!","BodyText":"To celebrate our launch we'll be giving out gifts everyday through July 31st! Keep Floopin', homies!","GiftType":"HardCurrency","Quantity":"50","showDate":"21/07/2016","endDate":"22/07/2016"},
	{"ID":"NEWS_2016_07_22","Name":"Card Wars Kingdom Launch Gifts!","BodyText":"To celebrate our launch we'll be giving out gifts everyday through July 31st! Keep Floopin', homies!","GiftType":"PvPCurrency","Quantity":"50","showDate":"22/07/2016","endDate":"23/07/2016"},
	{"ID":"NEWS_2016_07_23","Name":"Card Wars Kingdom Launch Gifts!","BodyText":"To celebrate our launch we'll be giving out gifts everyday through July 31st! Keep Floopin', homies!","GiftType":"HardCurrency","Quantity":"50","showDate":"23/07/2016","endDate":"24/07/2016"},
	{"ID":"NEWS_2016_07_24","Name":"Card Wars Kingdom Launch Gifts!","BodyText":"To celebrate our launch we'll be giving out gifts everyday through July 31st! Keep Floopin', homies!","GiftType":"PvPCurrency","Quantity":"50","showDate":"24/07/2016","endDate":"25/07/2016"},
	{"ID":"NEWS_2016_07_25","Name":"Card Wars Kingdom Launch Gifts!","BodyText":"To celebrate our launch we'll be giving out gifts everyday through July 31st! Keep Floopin', homies!","GiftType":"HardCurrency","Quantity":"50","showDate":"25/07/2016","endDate":"26/07/2016"},
	{"ID":"NEWS_2016_07_26","Name":"Card Wars Kingdom Launch Gifts!","BodyText":"To celebrate our launch we'll be giving out gifts everyday through July 31st! Keep Floopin', homies!","GiftType":"PvPCurrency","Quantity":"50","showDate":"26/07/2016","endDate":"27/07/2016"},
	{"ID":"NEWS_2016_07_27","Name":"Card Wars Kingdom Launch Gifts!","BodyText":"To celebrate our launch we'll be giving out gifts everyday through July 31st! Keep Floopin', homies!","GiftType":"HardCurrency","Quantity":"50","showDate":"27/07/2016","endDate":"28/07/2016"},
	{"ID":"NEWS_2016_07_28","Name":"Card Wars Kingdom Launch Gifts!","BodyText":"To celebrate our launch we'll be giving out gifts everyday through July 31st! Keep Floopin', homies!","GiftType":"PvPCurrency","Quantity":"50","showDate":"28/07/2016","endDate":"29/07/2016"},
	{"ID":"NEWS_2016_07_29","Name":"Card Wars Kingdom Launch Gifts!","BodyText":"To celebrate our launch we'll be giving out gifts everyday through July 31st! Keep Floopin', homies!","GiftType":"HardCurrency","Quantity":"50","showDate":"29/07/2016","endDate":"30/07/2016"},
	{"ID":"NEWS_2016_07_30","Name":"Card Wars Kingdom Launch Gifts!","BodyText":"To celebrate our launch we'll be giving out gifts everyday through July 31st! Keep Floopin', homies!","GiftType":"PvPCurrency","Quantity":"50","showDate":"30/07/2016","endDate":"31/07/2016"},
	{"ID":"NEWS_2016_07_31","Name":"Card Wars Kingdom Launch Gifts!","BodyText":"To celebrate our launch we'll be giving out gifts everyday through July 31st! Keep Floopin', homies!","GiftType":"HardCurrency","Quantity":"50","showDate":"31/07/2016","endDate":"01/08/2016"},
	{"ID":"NEWS_2016_09_Weight","Name":"Juust a test.","BodyText":"We've heard you, Floopers! We are lowering creature weight changes and increasing how much weight you get from ranking up. Now get back to Floopin'!","GiftType":"HardCurrency","Quantity":"25","showDate":"01/08/2016","endDate":"30/09/2016"},
	{"ID":"SKFEST_2016_09_11","Name":"Sun King's Delicious Cake Festival!","BodyText":"Come back everyday for one free Double Layer Cake between 9/12 and 9/26!  You've received today's gift.","GiftType":"XPMaterials","Quantity":"1","GiftID":"CAKE_T3_Corn","showDate":"11/09/2016","endDate":"12/09/2016"},
	{"ID":"SKFEST_2016_09_12","Name":"Sun King's Delicious Cake Festival!","BodyText":"Come back everyday for one free Double Layer Cake between 9/12 and 9/26!  You've received today's gift.","GiftType":"XPMaterials","Quantity":"1","GiftID":"CAKE_T3_Plains","showDate":"12/09/2016","endDate":"13/09/2016"},
	{"ID":"SKFEST_2016_09_13","Name":"Sun King's Delicious Cake Festival!","BodyText":"Come back everyday for one free Double Layer Cake between 9/12 and 9/26!  You've received today's gift.","GiftType":"XPMaterials","Quantity":"1","GiftID":"CAKE_T3_Sand","showDate":"13/09/2016","endDate":"14/09/2016"},
	{"ID":"SKFEST_2016_09_14","Name":"Sun King's Delicious Cake Festival!","BodyText":"Come back everyday for one free Double Layer Cake between 9/12 and 9/26!  You've received today's gift.","GiftType":"XPMaterials","Quantity":"1","GiftID":"CAKE_T3_Nice","showDate":"14/09/2016","endDate":"15/09/2016"},
	{"ID":"SKFEST_2016_09_15","Name":"Sun King's Delicious Cake Festival!","BodyText":"Come back everyday for one free Double Layer Cake between 9/12 and 9/26!  You've received today's gift.","GiftType":"XPMaterials","Quantity":"1","GiftID":"CAKE_T3_Swamp","showDate":"15/09/2016","endDate":"16/09/2016"},
	{"ID":"SKFEST_2016_09_16","Name":"Sun King's Delicious Cake Festival!","BodyText":"Come back everyday for one free Double Layer Cake between 9/12 and 9/26!  You've received today's gift.","GiftType":"XPMaterials","Quantity":"1","GiftID":"CAKE_T3_Corn","showDate":"16/09/2016","endDate":"17/09/2016"},
	{"ID":"SKFEST_2016_09_17","Name":"Sun King's Delicious Cake Festival!","BodyText":"Come back everyday for one free Double Layer Cake between 9/12 and 9/26!  You've received today's gift.","GiftType":"XPMaterials","Quantity":"1","GiftID":"CAKE_T3_Plains","showDate":"17/09/2016","endDate":"18/09/2016"},
	{"ID":"SKFEST_2016_09_18","Name":"Sun King's Delicious Cake Festival!","BodyText":"Come back everyday for one free Double Layer Cake between 9/12 and 9/26!  You've received today's gift.","GiftType":"XPMaterials","Quantity":"1","GiftID":"CAKE_T3_Sand","showDate":"18/09/2016","endDate":"19/09/2016"},
	{"ID":"SKFEST_2016_09_19","Name":"Sun King's Delicious Cake Festival!","BodyText":"Come back everyday for one free Double Layer Cake between 9/12 and 9/26!  You've received today's gift.","GiftType":"XPMaterials","Quantity":"1","GiftID":"CAKE_T3_Nice","showDate":"19/09/2016","endDate":"20/09/2016"},
	{"ID":"SKFEST_2016_09_20","Name":"Sun King's Delicious Cake Festival!","BodyText":"Come back everyday for one free Double Layer Cake between 9/12 and 9/26!  You've received today's gift.","GiftType":"XPMaterials","Quantity":"1","GiftID":"CAKE_T3_Swamp","showDate":"20/09/2016","endDate":"21/09/2016"},
	{"ID":"SKFEST_2016_09_21","Name":"Sun King's Delicious Cake Festival!","BodyText":"Come back everyday for one free Double Layer Cake between 9/12 and 9/26!  You've received today's gift.","GiftType":"XPMaterials","Quantity":"1","GiftID":"CAKE_T3_Corn","showDate":"21/09/2016","endDate":"22/09/2016"},
	{"ID":"SKFEST_2016_09_22","Name":"Sun King's Delicious Cake Festival!","BodyText":"Come back everyday for one free Double Layer Cake between 9/12 and 9/26!  You've received today's gift.","GiftType":"XPMaterials","Quantity":"1","GiftID":"CAKE_T3_Plains","showDate":"22/09/2016","endDate":"23/09/2016"},
	{"ID":"SKFEST_2016_09_23","Name":"Sun King's Delicious Cake Festival!","BodyText":"Come back everyday for one free Double Layer Cake between 9/12 and 9/26!  You've received today's gift.","GiftType":"XPMaterials","Quantity":"1","GiftID":"CAKE_T3_Sand","showDate":"23/09/2016","endDate":"24/09/2016"},
	{"ID":"SKFEST_2016_09_24","Name":"Sun King's Delicious Cake Festival!","BodyText":"Come back everyday for one free Double Layer Cake between 9/12 and 9/26!  You've received today's gift.","GiftType":"XPMaterials","Quantity":"1","GiftID":"CAKE_T3_Nice","showDate":"24/09/2016","endDate":"25/09/2016"},
	{"ID":"SKFEST_2016_09_25","Name":"Sun King's Delicious Cake Festival!","BodyText":"Come back everyday for one free Double Layer Cake between 9/12 and 9/26!  You've received today's gift.","GiftType":"XPMaterials","Quantity":"1","GiftID":"CAKE_T3_Swamp","showDate":"25/09/2016","endDate":"26/09/2016"},
	{"ID":"NEWS_10_5_2016","Name":"BUG: Deputy Hotdog Dungeons","BodyText":"We found an issue with Deputy Hotdog where it is not showing up correctly on some devices. This issue will be resolved in our next update and we are giving everyone 25 Gems to make it up. Sorry, dudes!","GiftType":"HardCurrency","Quantity":"25","showDate":"05/10/2016","endDate":"20/10/2016"},
	{"ID":"HWFEST_2016_10_17","Name":"Halloween Gift Event!","BodyText":"Comeback everyday for a free gift between 10/17 and 10/31. You've received today's gift.","GiftType":"HardCurrency","Quantity":"25","showDate":"17/10/2016","endDate":"18/10/2016"},
	{"ID":"HWFEST_2016_10_18","Name":"Halloween Gift Event!","BodyText":"Comeback everyday for a free gift between 10/17 and 10/31. You've received today's gift.","GiftType":"PvPCurrency","Quantity":"50","showDate":"18/10/2016","endDate":"19/10/2016"},
	{"ID":"HWFEST_2016_10_19","Name":"Halloween Gift Event!","BodyText":"Comeback everyday for a free gift between 10/17 and 10/31. You've received today's gift.","GiftType":"XPMaterials","Quantity":"1","GiftID":"CAKE_T3_Corn","showDate":"19/10/2016","endDate":"20/10/2016"},
	{"ID":"HWFEST_2016_10_20","Name":"Halloween Gift Event!","BodyText":"Comeback everyday for a free gift between 10/17 and 10/31. You've received today's gift.","GiftType":"HardCurrency","Quantity":"25","showDate":"20/10/2016","endDate":"21/10/2016"},
	{"ID":"HWFEST_2016_10_21","Name":"Halloween Gift Event!","BodyText":"Comeback everyday for a free gift between 10/17 and 10/31. You've received today's gift.","GiftType":"PvPCurrency","Quantity":"50","showDate":"21/10/2016","endDate":"22/10/2016"},
	{"ID":"HWFEST_2016_10_22","Name":"Halloween Gift Event!","BodyText":"Comeback everyday for a free gift between 10/17 and 10/31. You've received today's gift.","GiftType":"XPMaterials","Quantity":"1","GiftID":"CAKE_T3_Plains","showDate":"22/10/2016","endDate":"23/10/2016"},
	{"ID":"HWFEST_2016_10_23","Name":"Halloween Gift Event!","BodyText":"Comeback everyday for a free gift between 10/17 and 10/31. You've received today's gift.","GiftType":"HardCurrency","Quantity":"25","showDate":"23/10/2016","endDate":"24/10/2016"},
	{"ID":"HWFEST_2016_10_24","Name":"Halloween Gift Event!","BodyText":"Comeback everyday for a free gift between 10/17 and 10/31. You've received today's gift.","GiftType":"PvPCurrency","Quantity":"50","showDate":"24/10/2016","endDate":"25/10/2016"},
	{"ID":"HWFEST_2016_10_25","Name":"Halloween Gift Event!","BodyText":"Comeback everyday for a free gift between 10/17 and 10/31. You've received today's gift.","GiftType":"XPMaterials","Quantity":"1","GiftID":"CAKE_T3_Sand","showDate":"25/10/2016","endDate":"26/10/2016"},
	{"ID":"HWFEST_2016_10_26","Name":"Halloween Gift Event!","BodyText":"Comeback everyday for a free gift between 10/17 and 10/31. You've received today's gift.","GiftType":"HardCurrency","Quantity":"25","showDate":"26/10/2016","endDate":"27/10/2016"},
	{"ID":"HWFEST_2016_10_27","Name":"Halloween Gift Event!","BodyText":"Comeback everyday for a free gift between 10/17 and 10/31. You've received today's gift.","GiftType":"PvPCurrency","Quantity":"50","showDate":"27/10/2016","endDate":"28/10/2016"},
	{"ID":"HWFEST_2016_10_28","Name":"Halloween Gift Event!","BodyText":"Comeback everyday for a free gift between 10/17 and 10/31. You've received today's gift.","GiftType":"XPMaterials","Quantity":"1","GiftID":"CAKE_T3_Nice","showDate":"28/10/2016","endDate":"29/10/2016"},
	{"ID":"HWFEST_2016_10_29","Name":"Halloween Gift Event!","BodyText":"Comeback everyday for a free gift between 10/17 and 10/31. You've received today's gift.","GiftType":"HardCurrency","Quantity":"25","showDate":"29/10/2016","endDate":"30/10/2016"},
	{"ID":"HWFEST_2016_10_30","Name":"Halloween Gift Event!","BodyText":"Comeback everyday for a free gift between 10/17 and 10/31. You've received today's gift.","GiftType":"PvPCurrency","Quantity":"50","showDate":"30/10/2016","endDate":"31/10/2016"},
	{"ID":"HWFEST_2016_10_31","Name":"Halloween Gift Event!","BodyText":"Comeback everyday for a free gift between 10/17 and 10/31. You've received today's gift.","GiftType":"XPMaterials","Quantity":"1","GiftID":"CAKE_T3_Swamp","showDate":"31/10/2016","endDate":"01/11/2016"},
	{"ID":"BUILD_10_20_2016","Name":"New Build 1.0.6!","BodyText":"Today�s special Halloween build kicks off Awakenings and Adventures! Take advantage of these New Features to prepare for upcoming battles!","GiftType":"HardCurrency","Quantity":"25","showDate":"20/10/2016","endDate":"07/11/2016"},
	{"ID":"GHOST_10_20_2016","Name":"Ghosts in my Dungeons?!","BodyText":"Ghosts are now haunting the Dungeons for a limited time! Challenge them if you dare!","GiftType":"HardCurrency","Quantity":"25","showDate":"20/10/2016","endDate":"07/11/2016"},
	{"ID":"ADV_10_20_2016","Name":"ADVENTURES NOW AVAILABLE!","BodyText":"Send your creatures off on ADVENTURES to search for treasure! Come back often to collect loot.","GiftType":"HardCurrency","Quantity":"25","showDate":"20/10/2016","endDate":"31/12/2016"},
	{"ID":"AWK_10_20_2016","Name":"AWAKENINGS NOW AVAILABLE!","BodyText":"You may now AWAKEN certain creatures by attaining Spirit Shards! Spirit Shards can be obtained in Adventures or by converting creatures in the Lab.","GiftType":"HardCurrency","Quantity":"25","showDate":"20/10/2016","endDate":"31/12/2016"},
	{"ID":"MARCELINE_10_20_2016","Name":"Marceline 50% off for a limited time!","BodyText":"Marceline available in the store for 50% off! Grab this smokin' deal before it disapears, dudes!","showDate":"20/10/2016","endDate":"15/11/2016"},
	{"ID":"BMO_10_27_2016","Name":"BMO leaving the store soon!","BodyText":"BMO will become unavailable for purchase after 10/31.  Grab BMO now before it's too late!","showDate":"20/10/2016","endDate":"01/11/2016"},
	{"ID":"PLAINJANE_10_28_2016","Name":"Plain Jane is here!","BodyText":"Plain Jane has arrived in the Dungeons! Plain Jane has a chance to drop in this super difficult dungeon, but can you meet the challenge?! Good luck, Card Warriors!","GiftType":"HardCurrency","Quantity":"25","showDate":"01/06/2025","endDate":"01/11/2016"},
	{"ID":"NEWS_11_04_2016","Name":"Ingredient Dungeon Bosses now added to the Treasure Caves!","BodyText":"The following Ingredient Dungeon Boss creatures have been added to the Treasure Caves: The Pickler, Steak Chop, Pieclops, Wall of Chocolate, Sgt. Sandwich, Deputy Hot Dog, Lieutenant Lemonade, Colonel Chicken, Captain Taco, Chest Burster. ","GiftType":"HardCurrency","Quantity":"25","showDate":"04/11/2016","endDate":"20/11/2016"},
	{"ID":"NOVFEST_11_11_2016","Name":"CAKE HARVEST FESTIVAL","BodyText":"Come back everyday between 11/11 and 11/27 to receive your free Cake, you fatty!","GiftType":"XPMaterials","Quantity":"1","GiftID":"CAKE_T3_Corn","showDate":"11/11/2016","endDate":"12/11/2016"},
	{"ID":"NOVFEST_11_12_2016","Name":"CAKE HARVEST FESTIVAL","BodyText":"Come back everyday between 11/11 and 11/27 to receive your free Cake, you fatty!","GiftType":"XPMaterials","Quantity":"1","GiftID":"CAKE_T3_Plains","showDate":"12/11/2016","endDate":"13/11/2016"},
	{"ID":"NOVFEST_11_13_2016","Name":"CAKE HARVEST FESTIVAL","BodyText":"Come back everyday between 11/11 and 11/27 to receive your free Cake, you fatty!","GiftType":"XPMaterials","Quantity":"1","GiftID":"CAKE_T3_Sand","showDate":"13/11/2016","endDate":"14/11/2016"},
	{"ID":"NOVFEST_11_14_2016","Name":"CAKE HARVEST FESTIVAL","BodyText":"Come back everyday between 11/11 and 11/27 to receive your free Cake, you fatty!","GiftType":"XPMaterials","Quantity":"1","GiftID":"CAKE_T3_Nice","showDate":"14/11/2016","endDate":"15/11/2016"},
	{"ID":"NOVFEST_11_15_2016","Name":"CAKE HARVEST FESTIVAL","BodyText":"Come back everyday between 11/11 and 11/27 to receive your free Cake, you fatty!","GiftType":"XPMaterials","Quantity":"1","GiftID":"CAKE_T3_Swamp","showDate":"15/11/2016","endDate":"16/11/2016"},
	{"ID":"NOVFEST_11_16_2016","Name":"CAKE HARVEST FESTIVAL","BodyText":"Come back everyday between 11/11 and 11/27 to receive your free Cake, you fatty!","GiftType":"XPMaterials","Quantity":"1","GiftID":"CAKE_T3_Corn","showDate":"16/11/2016","endDate":"17/11/2016"},
	{"ID":"NOVFEST_11_17_2016","Name":"CAKE HARVEST FESTIVAL","BodyText":"Come back everyday between 11/11 and 11/27 to receive your free Cake, you fatty!","GiftType":"XPMaterials","Quantity":"1","GiftID":"CAKE_T3_Plains","showDate":"17/11/2016","endDate":"18/11/2016"},
	{"ID":"NOVFEST_11_18_2016","Name":"CAKE HARVEST FESTIVAL","BodyText":"Come back everyday between 11/11 and 11/27 to receive your free Cake, you fatty!","GiftType":"XPMaterials","Quantity":"1","GiftID":"CAKE_T3_Sand","showDate":"18/11/2016","endDate":"19/11/2016"},
	{"ID":"NOVFEST_11_19_2016","Name":"CAKE HARVEST FESTIVAL","BodyText":"Come back everyday between 11/11 and 11/27 to receive your free Cake, you fatty!","GiftType":"XPMaterials","Quantity":"1","GiftID":"CAKE_T3_Nice","showDate":"19/11/2016","endDate":"20/11/2016"},
	{"ID":"NOVFEST_11_20_2016","Name":"CAKE HARVEST FESTIVAL","BodyText":"Come back everyday between 11/11 and 11/27 to receive your free Cake, you fatty!","GiftType":"XPMaterials","Quantity":"1","GiftID":"CAKE_T3_Swamp","showDate":"20/11/2016","endDate":"21/11/2016"},
	{"ID":"NOVFEST_11_21_2016","Name":"CAKE HARVEST FESTIVAL","BodyText":"Come back everyday between 11/11 and 11/27 to receive your free Cake, you fatty!","GiftType":"XPMaterials","Quantity":"1","GiftID":"CAKE_T3_Corn","showDate":"21/11/2016","endDate":"22/11/2016"},
	{"ID":"NOVFEST_11_22_2016","Name":"CAKE HARVEST FESTIVAL","BodyText":"Come back everyday between 11/11 and 11/27 to receive your free Cake, you fatty!","GiftType":"XPMaterials","Quantity":"1","GiftID":"CAKE_T3_Plains","showDate":"22/11/2016","endDate":"23/11/2016"},
	{"ID":"NOVFEST_11_23_2016","Name":"CAKE HARVEST FESTIVAL","BodyText":"Come back everyday between 11/11 and 11/27 to receive your free Cake, you fatty!","GiftType":"XPMaterials","Quantity":"1","GiftID":"CAKE_T3_Sand","showDate":"23/11/2016","endDate":"24/11/2016"},
	{"ID":"NOVFEST_11_24_2016","Name":"CAKE HARVEST FESTIVAL","BodyText":"Come back everyday between 11/11 and 11/27 to receive your free Cake, you fatty!","GiftType":"XPMaterials","Quantity":"1","GiftID":"CAKE_T3_Nice","showDate":"24/11/2016","endDate":"25/11/2016"},
	{"ID":"NOVFEST_11_25_2016","Name":"CAKE HARVEST FESTIVAL","BodyText":"Come back everyday between 11/11 and 11/27 to receive your free Cake, you fatty!","GiftType":"XPMaterials","Quantity":"1","GiftID":"CAKE_T3_Swamp","showDate":"25/11/2016","endDate":"26/11/2016"},
	{"ID":"NOVFEST_11_26_2016","Name":"CAKE HARVEST FESTIVAL","BodyText":"Come back everyday between 11/11 and 11/27 to receive your free Cake, you fatty!","GiftType":"XPMaterials","Quantity":"1","GiftID":"CAKE_T3_Corn","showDate":"26/11/2016","endDate":"27/11/2016"},
	{"ID":"NOVFEST_11_27_2016","Name":"CAKE HARVEST FESTIVAL","BodyText":"Come back everyday between 11/11 and 11/27 to receive your free Cake, you fatty!","GiftType":"XPMaterials","Quantity":"1","GiftID":"CAKE_T3_Plains","showDate":"27/11/2016","endDate":"28/11/2016"},
	{"ID":"THANKS_11_2016","Name":"HAPPY THANKSGIVING!","BodyText":"Here's some gems as a thank you to all you Card Warriors!","GiftType":"HardCurrency","Quantity":"125","showDate":"23/11/2016","endDate":"29/11/2016"},
	{"ID":"UPDATE_11_23_2016","Name":"1.0.8 is here!","BodyText":"New creatures! New Ranked Multiplayer! New Epic Dungeon! New Awakenings! So cool, homies.","GiftType":"HardCurrency","Quantity":"25","showDate":"23/11/2016","endDate":"29/11/2016"},
	{"ID":"LEMONGRAB_11_23_2016","Name":"Earl of Lemongrab now available!","BodyText":"LIMITED TIME! Earl of Lemongrab Hero available for purchase until 12/15. Not adding him to your roster would be�UNACCEPTABLE!","showDate":"23/11/2016","endDate":"15/12/2016"},
	{"ID":"PVP_2016_12","Name":"Nutmeg Season now active!","BodyText":"Nutmeg Season  is now active for December! Compete to reach Super Amadeus rank and earn the Algebraic creature Angel of Sand!","showDate":"01/12/2016","endDate":"16/12/2016"},
	{"ID":"PVP_2017_01","Name":"Mint Season now active!","BodyText":"Mint Season  is now active for December! Compete to reach Super Amadeus rank and earn the Algebraic creature Baldman's Throne!","showDate":"01/01/2017","endDate":"16/01/2017"},
	{"ID":"PVP_2017_02","Name":"Chilly Chili Season now active!","BodyText":"Chilly Chili Season  is now active for December! Compete to reach Super Amadeus rank and earn the Algebraic creature Corn Ronin!","showDate":"01/02/2016","endDate":"16/02/2016"},
	{"ID":"PVP_2017_03","Name":"Toe Salt Season now active!","BodyText":"Toe Salt Season  is now active for December! Compete to reach Super Amadeus rank and earn the Algebraic creature Cottonsaurus Rex!","showDate":"01/03/2016","endDate":"16/03/2016"},
	{"ID":"HOTFIX_12_1_2016","Name":"Verison 3.1.1","BodyText":"The following changes are now live:
- Pieclops
Decreased HP to 700.

Angel of vanilla
Decreased HP to 365.

Cowmando
Changed their passive, now removes blind along with poison and is now area.
Decreased heal from 15% to 10%

Snake mint
Reworked their passive to remove all debuffs

Poppa corn
Finally made them grant haste.

Polterclops
Changed their passive completely

Grainary weevil.
Reworked their passive, now removes every landscape.
passive is slightly buggy, but works fine. its just visually.

Tire of the north
Decreased attack damage to 135

Sand Eye bat
Brought back their old passive

Every status effect that has a blank icon now has its own icon
Released The Eye see you Season

Updated log out button

Changed pvp landscape to ice kingdom
 You can update the game from the app itself

white ninja
Increased hp to 415

Purple cow
increased slow inflicting to 3

Temporal Wisp
Increased magic attack to 220
-Increased HP to 405

","showDate":"21/06/2025","endDate":"24/06/2025"},
	{"ID":"HolidayFest_2016_12_01","Name":"Holiday Gift Fest! Day 1!","BodyText":"25 days of gifts in December! Come back everyday to claim your reward. You've received today's gift.","GiftType":"HardCurrency","Quantity":"25","showDate":"01/12/2016","endDate":"04/12/2016"},
	{"ID":"HolidayFest_2016_12_02","Name":"Holiday Gift Fest! Day 2!","BodyText":"25 days of gifts in December! Come back everyday to claim your reward. You've received today's gift.","GiftType":"PvPCurrency","Quantity":"25","showDate":"02/12/2016","endDate":"04/12/2016"},
	{"ID":"HolidayFest_2016_12_03","Name":"Holiday Gift Fest! Day 3!","BodyText":"25 days of gifts in December! Come back everyday to claim your reward. You've received today's gift.","GiftType":"XPMaterials","Quantity":"1","GiftID":"CAKE_T3_Corn","showDate":"03/12/2016","endDate":"04/12/2016"},
	{"ID":"HolidayFest_2016_12_04","Name":"Holiday Gift Fest! Day 4!","BodyText":"25 days of gifts in December! Come back everyday to claim your reward. You've received today's gift.","GiftType":"HardCurrency","Quantity":"25","showDate":"04/12/2016","endDate":"05/12/2016"},
	{"ID":"HolidayFest_2016_12_05","Name":"Holiday Gift Fest! Day 5!","BodyText":"25 days of gifts in December! Come back everyday to claim your reward. You've received today's gift.","GiftType":"PvPCurrency","Quantity":"25","showDate":"05/12/2016","endDate":"06/12/2016"},
	{"ID":"HolidayFest_2016_12_06","Name":"Holiday Gift Fest! Day 6!","BodyText":"25 days of gifts in December! Come back everyday to claim your reward. You've received today's gift.","GiftType":"XPMaterials","Quantity":"1","GiftID":"CAKE_T3_Plains","showDate":"06/12/2016","endDate":"07/12/2016"},
	{"ID":"HolidayFest_2016_12_07","Name":"Holiday Gift Fest! Day 7!","BodyText":"25 days of gifts in December! Come back everyday to claim your reward. You've received today's gift.","GiftType":"HardCurrency","Quantity":"25","showDate":"07/12/2016","endDate":"08/12/2016"},
	{"ID":"HolidayFest_2016_12_08","Name":"Holiday Gift Fest! Day 8!","BodyText":"25 days of gifts in December! Come back everyday to claim your reward. You've received today's gift.","GiftType":"PvPCurrency","Quantity":"25","showDate":"08/12/2016","endDate":"09/12/2016"},
	{"ID":"HolidayFest_2016_12_09","Name":"Holiday Gift Fest! Day 9!","BodyText":"25 days of gifts in December! Come back everyday to claim your reward. You've received today's gift.","GiftType":"XPMaterials","Quantity":"1","GiftID":"CAKE_T3_Sand","showDate":"09/12/2016","endDate":"10/12/2016"},
	{"ID":"HolidayFest_2016_12_10","Name":"Holiday Gift Fest! Day 10!","BodyText":"25 days of gifts in December! Come back everyday to claim your reward. You've received today's gift.","GiftType":"HardCurrency","Quantity":"25","showDate":"10/12/2016","endDate":"11/12/2016"},
	{"ID":"HolidayFest_2016_12_11","Name":"Holiday Gift Fest! Day 11!","BodyText":"25 days of gifts in December! Come back everyday to claim your reward. You've received today's gift.","GiftType":"PvPCurrency","Quantity":"25","showDate":"11/12/2016","endDate":"12/12/2016"},
	{"ID":"HolidayFest_2016_12_12","Name":"Holiday Gift Fest! Day 12!","BodyText":"25 days of gifts in December! Come back everyday to claim your reward. You've received today's gift.","GiftType":"XPMaterials","Quantity":"1","GiftID":"CAKE_T3_Nice","showDate":"12/12/2016","endDate":"13/12/2016"},
	{"ID":"HolidayFest_2016_12_13","Name":"Holiday Gift Fest! Day 13!","BodyText":"25 days of gifts in December! Come back everyday to claim your reward. You've received today's gift.","GiftType":"HardCurrency","Quantity":"25","showDate":"13/12/2016","endDate":"14/12/2016"},
	{"ID":"HolidayFest_2016_12_14","Name":"Holiday Gift Fest! Day 14!","BodyText":"25 days of gifts in December! Come back everyday to claim your reward. You've received today's gift.","GiftType":"PvPCurrency","Quantity":"25","showDate":"14/12/2016","endDate":"15/12/2016"},
	{"ID":"HolidayFest_2016_12_15","Name":"Holiday Gift Fest! Day 15!","BodyText":"25 days of gifts in December! Come back everyday to claim your reward. You've received today's gift.","GiftType":"XPMaterials","Quantity":"1","GiftID":"CAKE_T3_Swamp","showDate":"15/12/2016","endDate":"16/12/2016"},
	{"ID":"HolidayFest_2016_12_16","Name":"Holiday Gift Fest! Day 16!","BodyText":"25 days of gifts in December! Come back everyday to claim your reward. You've received today's gift.","GiftType":"PvPCurrency","Quantity":"25","showDate":"16/12/2016","endDate":"17/12/2016"},
	{"ID":"HolidayFest_2016_12_17","Name":"Holiday Gift Fest! Day 17!","BodyText":"25 days of gifts in December! Come back everyday to claim your reward. You've received today's gift.","GiftType":"HardCurrency","Quantity":"25","showDate":"17/12/2016","endDate":"18/12/2016"},
	{"ID":"HolidayFest_2016_12_18","Name":"Holiday Gift Fest! Day 18!","BodyText":"25 days of gifts in December! Come back everyday to claim your reward. You've received today's gift.","GiftType":"PvPCurrency","Quantity":"25","showDate":"18/12/2016","endDate":"19/12/2016"},
	{"ID":"HolidayFest_2016_12_19","Name":"Holiday Gift Fest! Day 19!","BodyText":"25 days of gifts in December! Come back everyday to claim your reward. You've received today's gift.","GiftType":"HardCurrency","Quantity":"25","showDate":"19/12/2016","endDate":"20/12/2016"},
	{"ID":"HolidayFest_2016_12_20","Name":"Holiday Gift Fest! Day 20!","BodyText":"25 days of gifts in December! Come back everyday to claim your reward. You've received today's gift.","GiftType":"PvPCurrency","Quantity":"25","showDate":"20/12/2016","endDate":"21/12/2016"},
	{"ID":"HolidayFest_2016_12_21","Name":"Holiday Gift Fest! Day 21!","BodyText":"25 days of gifts in December! Come back everyday to claim your reward. You've received today's gift.","GiftType":"HardCurrency","Quantity":"25","showDate":"21/12/2016","endDate":"22/12/2016"},
	{"ID":"HolidayFest_2016_12_22","Name":"Holiday Gift Fest! Day 22!","BodyText":"25 days of gifts in December! Come back everyday to claim your reward. You've received today's gift.","GiftType":"PvPCurrency","Quantity":"25","showDate":"22/12/2016","endDate":"23/12/2016"},
	{"ID":"HolidayFest_2016_12_23","Name":"Holiday Gift Fest! Day 23!","BodyText":"25 days of gifts in December! Come back everyday to claim your reward. You've received today's gift.","GiftType":"HardCurrency","Quantity":"25","showDate":"23/12/2016","endDate":"24/12/2016"},
	{"ID":"HolidayFest_2016_12_24","Name":"Holiday Gift Fest! Day 24!","BodyText":"25 days of gifts in December! Come back everyday to claim your reward. You've received today's gift.","GiftType":"PvPCurrency","Quantity":"25","showDate":"24/12/2016","endDate":"25/12/2016"},
	{"ID":"HolidayFest_2016_12_25","Name":"Holiday Gift Fest! Day 25!","BodyText":"25 days of gifts in December! Come back everyday to claim your reward. You've received today's gift.","GiftType":"Creature","Quantity":"1","GiftID":"Cow_Base","showDate":"25/12/2016","endDate":"26/12/2016"}
]
