[
	{"ID":"Default","Name":"Current Hero"},
	{"ID":"Facebook","Name":"Facebook Picture"},
	{"ID":"Test1","Name":"Test 1","Texture":"UI/Icons_PlayerPortraits/Test1"},
	{"ID":"Test2","Name":"Test 2","Texture":"UI/Icons_PlayerPortraits/Test2"},
	{"ID":"Test3","Name":"Test 3","Texture":"UI/Icons_PlayerPortraits/Test3"},
	{"ID":"Test4","Name":"Test 4","Texture":"UI/Icons_PlayerPortraits/Test4"},
	{"ID":"Test5","Name":"Test 5","Texture":"UI/Icons_PlayerPortraits/Test5"},
	{"ID":"Test6","Name":"Test 6","Texture":"UI/Icons_PlayerPortraits/Test6"},
	{"ID":"Test7","Name":"Test 7","Texture":"UI/Icons_PlayerPortraits/Test7"},
	{"ID":"Test8","Name":"Test 8","Texture":"UI/Icons_PlayerPortraits/Test8"}
]
