[
	{"Rank":"1","RankName":"!!LEAGUE_RANK_01","ShortRankName":"!!LEAGUE_RANK_SHORT_01","PointsToAdvance":"999","RankAfterSeasonReset":"25","LeagueTexture":"Rank01_Amadeus","RankXP":"1900","HardCurrency":"500","SoftCurrency":"700"},
	{"Rank":"2","RankName":"!!LEAGUE_RANK_02","ShortRankName":"!!LEAGUE_RANK_SHORT_02","PointsToAdvance":"13","RankAfterSeasonReset":"25","LeagueTexture":"Rank02_Legend","RankXP":"1825","HardCurrency":"300","SoftCurrency":"675"},
	{"Rank":"3","RankName":"!!LEAGUE_RANK_03","ShortRankName":"!!LEAGUE_RANK_SHORT_03","PointsToAdvance":"11","RankAfterSeasonReset":"25","LeagueTexture":"Rank03_Master","RankXP":"1750","HardCurrency":"300","SoftCurrency":"650"},
	{"Rank":"4","RankName":"!!LEAGUE_RANK_04","ShortRankName":"!!LEAGUE_RANK_SHORT_04","PointsToAdvance":"10","RankAfterSeasonReset":"25","LeagueTexture":"Rank04_Virtuoso","RankXP":"1675","HardCurrency":"300","SoftCurrency":"625"},
	{"Rank":"5","RankName":"!!LEAGUE_RANK_04","ShortRankName":"!!LEAGUE_RANK_SHORT_04","PointsToAdvance":"9","RankAfterSeasonReset":"25","LeagueTexture":"Rank04_Virtuoso","RankXP":"1600","HardCurrency":"300","SoftCurrency":"600"},
	{"Rank":"6","RankName":"!!LEAGUE_RANK_05","ShortRankName":"!!LEAGUE_RANK_SHORT_05","PointsToAdvance":"9","RankAfterSeasonReset":"25","LeagueTexture":"Rank05_Wizard","RankXP":"1525","HardCurrency":"250","SoftCurrency":"575"},
	{"Rank":"7","RankName":"!!LEAGUE_RANK_05","ShortRankName":"!!LEAGUE_RANK_SHORT_05","PointsToAdvance":"8","RankAfterSeasonReset":"25","LeagueTexture":"Rank05_Wizard","RankXP":"1450","HardCurrency":"250","SoftCurrency":"550"},
	{"Rank":"8","RankName":"!!LEAGUE_RANK_05","ShortRankName":"!!LEAGUE_RANK_SHORT_05","PointsToAdvance":"8","RankAfterSeasonReset":"25","LeagueTexture":"Rank05_Wizard","RankXP":"1375","HardCurrency":"250","SoftCurrency":"525"},
	{"Rank":"9","RankName":"!!LEAGUE_RANK_05","ShortRankName":"!!LEAGUE_RANK_SHORT_05","PointsToAdvance":"8","RankAfterSeasonReset":"25","LeagueTexture":"Rank05_Wizard","RankXP":"1300","HardCurrency":"250","SoftCurrency":"500"},
	{"Rank":"10","RankName":"!!LEAGUE_RANK_06","ShortRankName":"!!LEAGUE_RANK_SHORT_06","PointsToAdvance":"7","RankAfterSeasonReset":"25","LeagueTexture":"Rank06_Genius","RankXP":"1225","HardCurrency":"200","SoftCurrency":"475"},
	{"Rank":"11","RankName":"!!LEAGUE_RANK_06","ShortRankName":"!!LEAGUE_RANK_SHORT_06","PointsToAdvance":"7","RankAfterSeasonReset":"25","LeagueTexture":"Rank06_Genius","RankXP":"1150","HardCurrency":"200","SoftCurrency":"450"},
	{"Rank":"12","RankName":"!!LEAGUE_RANK_06","ShortRankName":"!!LEAGUE_RANK_SHORT_06","PointsToAdvance":"7","RankAfterSeasonReset":"25","LeagueTexture":"Rank06_Genius","RankXP":"1075","HardCurrency":"200","SoftCurrency":"425"},
	{"Rank":"13","RankName":"!!LEAGUE_RANK_06","ShortRankName":"!!LEAGUE_RANK_SHORT_06","PointsToAdvance":"7","RankAfterSeasonReset":"25","LeagueTexture":"Rank06_Genius","RankXP":"1000","HardCurrency":"200","SoftCurrency":"400"},
	{"Rank":"14","RankName":"!!LEAGUE_RANK_07","ShortRankName":"!!LEAGUE_RANK_SHORT_07","PointsToAdvance":"6","RankAfterSeasonReset":"25","LeagueTexture":"Rank07_Warrior","RankXP":"925","HardCurrency":"150","SoftCurrency":"375"},
	{"Rank":"15","RankName":"!!LEAGUE_RANK_07","ShortRankName":"!!LEAGUE_RANK_SHORT_07","PointsToAdvance":"6","RankAfterSeasonReset":"25","LeagueTexture":"Rank07_Warrior","RankXP":"850","HardCurrency":"100","SoftCurrency":"350"},
	{"Rank":"16","RankName":"!!LEAGUE_RANK_07","ShortRankName":"!!LEAGUE_RANK_SHORT_07","PointsToAdvance":"6","RankAfterSeasonReset":"25","LeagueTexture":"Rank07_Warrior","RankXP":"775","HardCurrency":"100","SoftCurrency":"325"},
	{"Rank":"17","RankName":"!!LEAGUE_RANK_07","ShortRankName":"!!LEAGUE_RANK_SHORT_07","PointsToAdvance":"5","RankAfterSeasonReset":"25","LeagueTexture":"Rank07_Warrior","RankXP":"700","HardCurrency":"100","SoftCurrency":"300"},
	{"Rank":"18","RankName":"!!LEAGUE_RANK_08","ShortRankName":"!!LEAGUE_RANK_SHORT_08","PointsToAdvance":"5","RankAfterSeasonReset":"25","LeagueTexture":"Rank08_CoolGuy","RankXP":"625","HardCurrency":"50","SoftCurrency":"275"},
	{"Rank":"19","RankName":"!!LEAGUE_RANK_08","ShortRankName":"!!LEAGUE_RANK_SHORT_08","PointsToAdvance":"5","RankAfterSeasonReset":"25","LeagueTexture":"Rank08_CoolGuy","RankXP":"550","HardCurrency":"50","SoftCurrency":"250"},
	{"Rank":"20","RankName":"!!LEAGUE_RANK_08","ShortRankName":"!!LEAGUE_RANK_SHORT_08","PointsToAdvance":"5","RankAfterSeasonReset":"25","NoPointLoss":"True","LeagueTexture":"Rank08_CoolGuy","RankXP":"475","HardCurrency":"50","SoftCurrency":"225"},
	{"Rank":"21","RankName":"!!LEAGUE_RANK_08","ShortRankName":"!!LEAGUE_RANK_SHORT_08","PointsToAdvance":"4","RankAfterSeasonReset":"25","NoPointLoss":"True","LeagueTexture":"Rank08_CoolGuy","RankXP":"400","HardCurrency":"50","SoftCurrency":"200"},
	{"Rank":"22","RankName":"!!LEAGUE_RANK_09","ShortRankName":"!!LEAGUE_RANK_SHORT_09","PointsToAdvance":"4","RankAfterSeasonReset":"25","NoPointLoss":"True","LeagueTexture":"Rank09_Dweeb","RankXP":"325","HardCurrency":"25","SoftCurrency":"175"},
	{"Rank":"23","RankName":"!!LEAGUE_RANK_09","ShortRankName":"!!LEAGUE_RANK_SHORT_09","PointsToAdvance":"4","RankAfterSeasonReset":"25","NoPointLoss":"True","LeagueTexture":"Rank09_Dweeb","RankXP":"250","HardCurrency":"25","SoftCurrency":"150"},
	{"Rank":"24","RankName":"!!LEAGUE_RANK_09","ShortRankName":"!!LEAGUE_RANK_SHORT_09","PointsToAdvance":"3","RankAfterSeasonReset":"25","NoPointLoss":"True","LeagueTexture":"Rank09_Dweeb","RankXP":"175","HardCurrency":"25","SoftCurrency":"125"},
	{"Rank":"25","RankName":"!!LEAGUE_RANK_09","ShortRankName":"!!LEAGUE_RANK_SHORT_09","PointsToAdvance":"3","RankAfterSeasonReset":"25","NoPointLoss":"True","LeagueTexture":"Rank09_Dweeb","RankXP":"100","HardCurrency":"25","SoftCurrency":"100"},
]
