[
	{"Rank":"1","Stamina":"5","TeamCost":"50"},
	{"Rank":"2","Stamina":"6","TeamCost":"51","Unlock":"Building","UnlockId":"TBuilding_EditDeck"},
	{"Rank":"3","Stamina":"7","TeamCost":"52","Unlock":"Building","UnlockId":"TBuilding_Gacha"},
	{"Rank":"4","Stamina":"7","TeamCost":"53","Unlock":"Building","UnlockId":"TBuilding_Lab"},
	{"Rank":"5","Stamina":"8","TeamCost":"54","Unlock":"Building","UnlockId":"TBuilding_Social"},
	{"Rank":"6","Stamina":"8","TeamCost":"55","Unlock":"Building","UnlockId":"TBuilding_Sell"},
	{"Rank":"6","Stamina":"8","TeamCost":"55","Unlock":"Feature","UnlockId":"Expedition"},
	{"Rank":"7","Stamina":"9","TeamCost":"56","Unlock":"Building","UnlockId":"TBuilding_PVP"},
	{"Rank":"8","Stamina":"9","TeamCost":"57","Unlock":"Store","UnlockId":"BuyHero"},
	{"Rank":"9","Stamina":"10","TeamCost":"58","Unlock":"LabSection","UnlockId":"Lab_Enhance"},
	{"Rank":"10","Stamina":"10","TeamCost":"59","Unlock":"Building","UnlockId":"TBuilding_Dungeon"},
	{"Rank":"11","Stamina":"11","TeamCost":"60","Unlock":"LabSection","UnlockId":"Lab_Evo"},
	{"Rank":"12","Stamina":"11","TeamCost":"61","Unlock":"Building","UnlockId":"TBuilding_Collection"},
	{"Rank":"13","Stamina":"12","TeamCost":"62","Unlock":"LabSection","UnlockId":"Lab_CardEquip"},
	{"Rank":"14","Stamina":"12","TeamCost":"63"},
	{"Rank":"15","Stamina":"13","TeamCost":"64"},
	{"Rank":"16","Stamina":"13","TeamCost":"65"},
	{"Rank":"17","Stamina":"14","TeamCost":"66"},
	{"Rank":"18","Stamina":"14","TeamCost":"67"},
	{"Rank":"19","Stamina":"15","TeamCost":"68"},
	{"Rank":"20","Stamina":"15","TeamCost":"69"},
	{"Rank":"21","Stamina":"16","TeamCost":"70"},
	{"Rank":"22","Stamina":"16","TeamCost":"71"},
	{"Rank":"23","Stamina":"17","TeamCost":"72"},
	{"Rank":"24","Stamina":"17","TeamCost":"73"},
	{"Rank":"25","Stamina":"18","TeamCost":"74"},
	{"Rank":"26","Stamina":"18","TeamCost":"75"},
	{"Rank":"27","Stamina":"19","TeamCost":"76"},
	{"Rank":"28","Stamina":"19","TeamCost":"77"},
	{"Rank":"29","Stamina":"20","TeamCost":"78"},
	{"Rank":"30","Stamina":"20","TeamCost":"79"},
	{"Rank":"31","Stamina":"21","TeamCost":"80"},
	{"Rank":"32","Stamina":"21","TeamCost":"81"},
	{"Rank":"33","Stamina":"22","TeamCost":"82"},
	{"Rank":"34","Stamina":"22","TeamCost":"83"},
	{"Rank":"35","Stamina":"23","TeamCost":"84"},
	{"Rank":"36","Stamina":"23","TeamCost":"85"},
	{"Rank":"37","Stamina":"24","TeamCost":"86"},
	{"Rank":"38","Stamina":"24","TeamCost":"87"},
	{"Rank":"39","Stamina":"25","TeamCost":"88"},
	{"Rank":"40","Stamina":"25","TeamCost":"89"},
	{"Rank":"41","Stamina":"26","TeamCost":"90"},
	{"Rank":"42","Stamina":"26","TeamCost":"91"},
	{"Rank":"43","Stamina":"27","TeamCost":"92"},
	{"Rank":"44","Stamina":"27","TeamCost":"93"},
	{"Rank":"45","Stamina":"28","TeamCost":"94"},
	{"Rank":"46","Stamina":"28","TeamCost":"95"},
	{"Rank":"47","Stamina":"29","TeamCost":"96"},
	{"Rank":"48","Stamina":"29","TeamCost":"97"},
	{"Rank":"49","Stamina":"30","TeamCost":"98"},
	{"Rank":"50","Stamina":"30","TeamCost":"99"},
	{"Rank":"51","Stamina":"31","TeamCost":"100"},
	{"Rank":"52","Stamina":"31","TeamCost":"101"},
	{"Rank":"53","Stamina":"32","TeamCost":"102"},
	{"Rank":"54","Stamina":"32","TeamCost":"103"},
	{"Rank":"55","Stamina":"33","TeamCost":"104"},
	{"Rank":"56","Stamina":"33","TeamCost":"105"},
	{"Rank":"57","Stamina":"34","TeamCost":"106"},
	{"Rank":"58","Stamina":"34","TeamCost":"107"},
	{"Rank":"59","Stamina":"35","TeamCost":"108"},
	{"Rank":"60","Stamina":"35","TeamCost":"109"},
	{"Rank":"61","Stamina":"36","TeamCost":"110"},
	{"Rank":"62","Stamina":"36","TeamCost":"111"},
	{"Rank":"63","Stamina":"37","TeamCost":"112"},
	{"Rank":"64","Stamina":"37","TeamCost":"113"},
	{"Rank":"65","Stamina":"38","TeamCost":"114"},
	{"Rank":"66","Stamina":"38","TeamCost":"115"},
	{"Rank":"67","Stamina":"39","TeamCost":"116"},
	{"Rank":"68","Stamina":"39","TeamCost":"117"},
	{"Rank":"69","Stamina":"40","TeamCost":"118"},
	{"Rank":"70","Stamina":"40","TeamCost":"119"},
	{"Rank":"71","Stamina":"41","TeamCost":"120"},
	{"Rank":"72","Stamina":"41","TeamCost":"121"},
	{"Rank":"73","Stamina":"42","TeamCost":"122"},
	{"Rank":"74","Stamina":"42","TeamCost":"123"},
	{"Rank":"75","Stamina":"43","TeamCost":"124"},
	{"Rank":"76","Stamina":"43","TeamCost":"125"},
	{"Rank":"77","Stamina":"44","TeamCost":"126"},
	{"Rank":"78","Stamina":"44","TeamCost":"127"},
	{"Rank":"79","Stamina":"45","TeamCost":"128"},
	{"Rank":"80","Stamina":"45","TeamCost":"129"},
	{"Rank":"81","Stamina":"46","TeamCost":"130"},
	{"Rank":"82","Stamina":"46","TeamCost":"131"},
	{"Rank":"83","Stamina":"47","TeamCost":"132"},
	{"Rank":"84","Stamina":"47","TeamCost":"133"},
	{"Rank":"85","Stamina":"48","TeamCost":"134"},
	{"Rank":"86","Stamina":"48","TeamCost":"135"},
	{"Rank":"87","Stamina":"49","TeamCost":"136"},
	{"Rank":"88","Stamina":"49","TeamCost":"137"},
	{"Rank":"89","Stamina":"50","TeamCost":"138"},
	{"Rank":"90","Stamina":"50","TeamCost":"139"},
	{"Rank":"91","Stamina":"51","TeamCost":"140"},
	{"Rank":"92","Stamina":"51","TeamCost":"141"},
	{"Rank":"93","Stamina":"52","TeamCost":"142"},
	{"Rank":"94","Stamina":"52","TeamCost":"143"},
	{"Rank":"95","Stamina":"53","TeamCost":"144"},
	{"Rank":"96","Stamina":"53","TeamCost":"145"},
	{"Rank":"97","Stamina":"54","TeamCost":"146"},
	{"Rank":"98","Stamina":"54","TeamCost":"147"},
	{"Rank":"99","Stamina":"55","TeamCost":"148"},
	{"Rank":"100","Stamina":"55","TeamCost":"149"},
	{"Rank":"101","Stamina":"56","TeamCost":"150"},
	{"Rank":"102","Stamina":"56","TeamCost":"151"},
	{"Rank":"103","Stamina":"57","TeamCost":"152"},
	{"Rank":"104","Stamina":"57","TeamCost":"153"},
	{"Rank":"105","Stamina":"58","TeamCost":"154"},
	{"Rank":"106","Stamina":"58","TeamCost":"155"},
	{"Rank":"107","Stamina":"59","TeamCost":"156"},
	{"Rank":"108","Stamina":"59","TeamCost":"157"},
	{"Rank":"109","Stamina":"60","TeamCost":"158"},
	{"Rank":"110","Stamina":"60","TeamCost":"159"},
	{"Rank":"111","Stamina":"61","TeamCost":"160"},
	{"Rank":"112","Stamina":"61","TeamCost":"161"},
	{"Rank":"113","Stamina":"62","TeamCost":"162"},
	{"Rank":"114","Stamina":"62","TeamCost":"163"},
	{"Rank":"115","Stamina":"63","TeamCost":"164"},
	{"Rank":"116","Stamina":"63","TeamCost":"165"},
	{"Rank":"117","Stamina":"64","TeamCost":"166"},
	{"Rank":"118","Stamina":"64","TeamCost":"167"},
	{"Rank":"119","Stamina":"65","TeamCost":"168"},
	{"Rank":"120","Stamina":"65","TeamCost":"169"},
	{"Rank":"121","Stamina":"66","TeamCost":"170"},
	{"Rank":"122","Stamina":"66","TeamCost":"171"},
	{"Rank":"123","Stamina":"67","TeamCost":"172"},
	{"Rank":"124","Stamina":"67","TeamCost":"173"},
	{"Rank":"125","Stamina":"68","TeamCost":"174"},
	{"Rank":"126","Stamina":"68","TeamCost":"175"},
	{"Rank":"127","Stamina":"69","TeamCost":"176"},
	{"Rank":"128","Stamina":"69","TeamCost":"177"},
	{"Rank":"129","Stamina":"70","TeamCost":"178"},
	{"Rank":"130","Stamina":"70","TeamCost":"179"},
	{"Rank":"131","Stamina":"71","TeamCost":"180"},
	{"Rank":"132","Stamina":"71","TeamCost":"181"},
	{"Rank":"133","Stamina":"72","TeamCost":"182"},
	{"Rank":"134","Stamina":"72","TeamCost":"183"},
	{"Rank":"135","Stamina":"73","TeamCost":"184"},
	{"Rank":"136","Stamina":"73","TeamCost":"185"},
	{"Rank":"137","Stamina":"74","TeamCost":"186"},
	{"Rank":"138","Stamina":"74","TeamCost":"187"},
	{"Rank":"139","Stamina":"75","TeamCost":"188"},
	{"Rank":"140","Stamina":"75","TeamCost":"189"},
	{"Rank":"141","Stamina":"76","TeamCost":"190"},
	{"Rank":"142","Stamina":"76","TeamCost":"191"},
	{"Rank":"143","Stamina":"77","TeamCost":"192"},
	{"Rank":"144","Stamina":"77","TeamCost":"193"},
	{"Rank":"145","Stamina":"78","TeamCost":"194"},
	{"Rank":"146","Stamina":"78","TeamCost":"195"},
	{"Rank":"147","Stamina":"79","TeamCost":"196"},
	{"Rank":"148","Stamina":"79","TeamCost":"197"},
	{"Rank":"149","Stamina":"80","TeamCost":"198"},
	{"Rank":"150","Stamina":"80","TeamCost":"199"},
	{"Rank":"151","Stamina":"81","TeamCost":"200"},
	{"Rank":"152","Stamina":"81","TeamCost":"201"},
	{"Rank":"153","Stamina":"82","TeamCost":"202"},
	{"Rank":"154","Stamina":"82","TeamCost":"203"},
	{"Rank":"155","Stamina":"83","TeamCost":"204"},
	{"Rank":"156","Stamina":"83","TeamCost":"205"},
	{"Rank":"157","Stamina":"84","TeamCost":"206"},
	{"Rank":"158","Stamina":"84","TeamCost":"207"},
	{"Rank":"159","Stamina":"85","TeamCost":"208"},
	{"Rank":"160","Stamina":"85","TeamCost":"209"},
	{"Rank":"161","Stamina":"86","TeamCost":"210"},
	{"Rank":"162","Stamina":"86","TeamCost":"211"},
	{"Rank":"163","Stamina":"87","TeamCost":"212"},
	{"Rank":"164","Stamina":"87","TeamCost":"213"},
	{"Rank":"165","Stamina":"88","TeamCost":"214"},
	{"Rank":"166","Stamina":"88","TeamCost":"215"},
	{"Rank":"167","Stamina":"89","TeamCost":"216"},
	{"Rank":"168","Stamina":"89","TeamCost":"217"},
	{"Rank":"169","Stamina":"90","TeamCost":"218"},
	{"Rank":"170","Stamina":"90","TeamCost":"219"},
	{"Rank":"171","Stamina":"91","TeamCost":"220"},
	{"Rank":"172","Stamina":"91","TeamCost":"221"},
	{"Rank":"173","Stamina":"92","TeamCost":"222"},
	{"Rank":"174","Stamina":"92","TeamCost":"223"},
	{"Rank":"175","Stamina":"93","TeamCost":"224"},
	{"Rank":"176","Stamina":"93","TeamCost":"225"},
	{"Rank":"177","Stamina":"94","TeamCost":"226"},
	{"Rank":"178","Stamina":"94","TeamCost":"227"},
	{"Rank":"179","Stamina":"95","TeamCost":"228"},
	{"Rank":"180","Stamina":"95","TeamCost":"229"},
	{"Rank":"181","Stamina":"96","TeamCost":"230"},
	{"Rank":"182","Stamina":"96","TeamCost":"231"},
	{"Rank":"183","Stamina":"97","TeamCost":"232"},
	{"Rank":"184","Stamina":"97","TeamCost":"233"},
	{"Rank":"185","Stamina":"98","TeamCost":"234"},
	{"Rank":"186","Stamina":"98","TeamCost":"235"},
	{"Rank":"187","Stamina":"99","TeamCost":"236"},
	{"Rank":"188","Stamina":"99","TeamCost":"237"},
	{"Rank":"189","Stamina":"100","TeamCost":"238"},
	{"Rank":"190","Stamina":"100","TeamCost":"239"},
	{"Rank":"191","Stamina":"101","TeamCost":"240"},
	{"Rank":"192","Stamina":"101","TeamCost":"241"},
	{"Rank":"193","Stamina":"102","TeamCost":"242"},
	{"Rank":"194","Stamina":"102","TeamCost":"243"},
	{"Rank":"195","Stamina":"103","TeamCost":"244"},
	{"Rank":"196","Stamina":"103","TeamCost":"245"},
	{"Rank":"197","Stamina":"104","TeamCost":"246"},
	{"Rank":"198","Stamina":"104","TeamCost":"247"},
	{"Rank":"199","Stamina":"105","TeamCost":"248"},
	{"Rank":"200","Stamina":"105","TeamCost":"249"},
	{"Rank":"201","Stamina":"106","TeamCost":"250"},
	{"Rank":"202","Stamina":"106","TeamCost":"251"},
	{"Rank":"203","Stamina":"107","TeamCost":"252"},
	{"Rank":"204","Stamina":"107","TeamCost":"253"},
	{"Rank":"205","Stamina":"108","TeamCost":"254"},
	{"Rank":"206","Stamina":"108","TeamCost":"255"},
	{"Rank":"207","Stamina":"109","TeamCost":"256"},
	{"Rank":"208","Stamina":"109","TeamCost":"257"},
	{"Rank":"209","Stamina":"110","TeamCost":"258"},
	{"Rank":"210","Stamina":"110","TeamCost":"259"},
	{"Rank":"211","Stamina":"111","TeamCost":"260"},
	{"Rank":"212","Stamina":"111","TeamCost":"261"},
	{"Rank":"213","Stamina":"112","TeamCost":"262"},
	{"Rank":"214","Stamina":"112","TeamCost":"263"},
	{"Rank":"215","Stamina":"113","TeamCost":"264"},
	{"Rank":"216","Stamina":"113","TeamCost":"265"},
	{"Rank":"217","Stamina":"114","TeamCost":"266"},
	{"Rank":"218","Stamina":"114","TeamCost":"267"},
	{"Rank":"219","Stamina":"115","TeamCost":"268"},
	{"Rank":"220","Stamina":"115","TeamCost":"269"},
	{"Rank":"221","Stamina":"116","TeamCost":"270"},
	{"Rank":"222","Stamina":"116","TeamCost":"271"},
	{"Rank":"223","Stamina":"117","TeamCost":"272"},
	{"Rank":"224","Stamina":"117","TeamCost":"273"},
	{"Rank":"225","Stamina":"118","TeamCost":"274"},
	{"Rank":"226","Stamina":"118","TeamCost":"275"},
	{"Rank":"227","Stamina":"119","TeamCost":"276"},
	{"Rank":"228","Stamina":"119","TeamCost":"277"},
	{"Rank":"229","Stamina":"120","TeamCost":"278"},
	{"Rank":"230","Stamina":"120","TeamCost":"279"},
	{"Rank":"231","Stamina":"121","TeamCost":"280"},
	{"Rank":"232","Stamina":"121","TeamCost":"281"},
	{"Rank":"233","Stamina":"122","TeamCost":"282"},
	{"Rank":"234","Stamina":"122","TeamCost":"283"},
	{"Rank":"235","Stamina":"123","TeamCost":"284"},
	{"Rank":"236","Stamina":"123","TeamCost":"285"},
	{"Rank":"237","Stamina":"124","TeamCost":"286"},
	{"Rank":"238","Stamina":"124","TeamCost":"287"},
	{"Rank":"239","Stamina":"125","TeamCost":"288"},
	{"Rank":"240","Stamina":"125","TeamCost":"289"},
	{"Rank":"241","Stamina":"126","TeamCost":"290"},
	{"Rank":"242","Stamina":"126","TeamCost":"291"},
	{"Rank":"243","Stamina":"127","TeamCost":"292"},
	{"Rank":"244","Stamina":"127","TeamCost":"293"},
	{"Rank":"245","Stamina":"128","TeamCost":"294"},
	{"Rank":"246","Stamina":"128","TeamCost":"295"},
	{"Rank":"247","Stamina":"129","TeamCost":"296"},
	{"Rank":"248","Stamina":"129","TeamCost":"297"},
	{"Rank":"249","Stamina":"130","TeamCost":"298"},
	{"Rank":"250","Stamina":"130","TeamCost":"299"},
	{"Rank":"251","Stamina":"131","TeamCost":"300"},
	{"Rank":"252","Stamina":"131","TeamCost":"301"},
	{"Rank":"253","Stamina":"132","TeamCost":"302"},
	{"Rank":"254","Stamina":"132","TeamCost":"303"},
	{"Rank":"255","Stamina":"133","TeamCost":"304"},
	{"Rank":"256","Stamina":"133","TeamCost":"305"},
	{"Rank":"257","Stamina":"134","TeamCost":"306"},
	{"Rank":"258","Stamina":"134","TeamCost":"307"},
	{"Rank":"259","Stamina":"135","TeamCost":"308"},
	{"Rank":"260","Stamina":"135","TeamCost":"309"},
	{"Rank":"261","Stamina":"136","TeamCost":"310"},
	{"Rank":"262","Stamina":"136","TeamCost":"311"},
	{"Rank":"263","Stamina":"137","TeamCost":"312"},
	{"Rank":"264","Stamina":"137","TeamCost":"313"},
	{"Rank":"265","Stamina":"138","TeamCost":"314"},
	{"Rank":"266","Stamina":"138","TeamCost":"315"},
	{"Rank":"267","Stamina":"139","TeamCost":"316"},
	{"Rank":"268","Stamina":"139","TeamCost":"317"},
	{"Rank":"269","Stamina":"140","TeamCost":"318"},
	{"Rank":"270","Stamina":"140","TeamCost":"319"},
	{"Rank":"271","Stamina":"141","TeamCost":"320"},
	{"Rank":"272","Stamina":"141","TeamCost":"321"},
	{"Rank":"273","Stamina":"142","TeamCost":"322"},
	{"Rank":"274","Stamina":"142","TeamCost":"323"},
	{"Rank":"275","Stamina":"143","TeamCost":"324"},
	{"Rank":"276","Stamina":"143","TeamCost":"325"},
	{"Rank":"277","Stamina":"144","TeamCost":"326"},
	{"Rank":"278","Stamina":"144","TeamCost":"327"},
	{"Rank":"279","Stamina":"145","TeamCost":"328"},
	{"Rank":"280","Stamina":"145","TeamCost":"329"},
	{"Rank":"281","Stamina":"146","TeamCost":"330"},
	{"Rank":"282","Stamina":"146","TeamCost":"331"},
	{"Rank":"283","Stamina":"147","TeamCost":"332"},
	{"Rank":"284","Stamina":"147","TeamCost":"333"},
	{"Rank":"285","Stamina":"148","TeamCost":"334"},
	{"Rank":"286","Stamina":"148","TeamCost":"335"},
	{"Rank":"287","Stamina":"149","TeamCost":"336"},
	{"Rank":"288","Stamina":"149","TeamCost":"337"},
	{"Rank":"289","Stamina":"150","TeamCost":"338"},
	{"Rank":"290","Stamina":"150","TeamCost":"339"},
	{"Rank":"291","Stamina":"151","TeamCost":"340"},
	{"Rank":"292","Stamina":"151","TeamCost":"341"},
	{"Rank":"293","Stamina":"152","TeamCost":"342"},
	{"Rank":"294","Stamina":"152","TeamCost":"343"},
	{"Rank":"295","Stamina":"153","TeamCost":"344"},
	{"Rank":"296","Stamina":"153","TeamCost":"345"},
	{"Rank":"297","Stamina":"154","TeamCost":"346"},
	{"Rank":"298","Stamina":"154","TeamCost":"347"},
	{"Rank":"299","Stamina":"155","TeamCost":"348"},
	{"Rank":"300","Stamina":"155","TeamCost":"349"},
	{"Rank":"301","Stamina":"156","TeamCost":"350"},
	{"Rank":"302","Stamina":"156","TeamCost":"351"},
	{"Rank":"303","Stamina":"157","TeamCost":"352"},
	{"Rank":"304","Stamina":"157","TeamCost":"353"},
	{"Rank":"305","Stamina":"158","TeamCost":"354"},
	{"Rank":"306","Stamina":"158","TeamCost":"355"},
	{"Rank":"307","Stamina":"159","TeamCost":"356"},
	{"Rank":"308","Stamina":"159","TeamCost":"357"},
	{"Rank":"309","Stamina":"160","TeamCost":"358"},
	{"Rank":"310","Stamina":"160","TeamCost":"359"},
	{"Rank":"311","Stamina":"161","TeamCost":"360"},
	{"Rank":"312","Stamina":"161","TeamCost":"361"},
	{"Rank":"313","Stamina":"162","TeamCost":"362"},
	{"Rank":"314","Stamina":"162","TeamCost":"363"},
	{"Rank":"315","Stamina":"163","TeamCost":"364"},
	{"Rank":"316","Stamina":"163","TeamCost":"365"},
	{"Rank":"317","Stamina":"164","TeamCost":"366"},
	{"Rank":"318","Stamina":"164","TeamCost":"367"},
	{"Rank":"319","Stamina":"165","TeamCost":"368"},
	{"Rank":"320","Stamina":"165","TeamCost":"369"},
	{"Rank":"321","Stamina":"166","TeamCost":"370"},
	{"Rank":"322","Stamina":"166","TeamCost":"371"},
	{"Rank":"323","Stamina":"167","TeamCost":"372"},
	{"Rank":"324","Stamina":"167","TeamCost":"373"},
	{"Rank":"325","Stamina":"168","TeamCost":"374"},
	{"Rank":"326","Stamina":"168","TeamCost":"375"},
	{"Rank":"327","Stamina":"169","TeamCost":"376"},
	{"Rank":"328","Stamina":"169","TeamCost":"377"},
	{"Rank":"329","Stamina":"170","TeamCost":"378"},
	{"Rank":"330","Stamina":"170","TeamCost":"379"},
	{"Rank":"331","Stamina":"171","TeamCost":"380"},
	{"Rank":"332","Stamina":"171","TeamCost":"381"},
	{"Rank":"333","Stamina":"172","TeamCost":"382"},
	{"Rank":"334","Stamina":"172","TeamCost":"383"},
	{"Rank":"335","Stamina":"173","TeamCost":"384"},
	{"Rank":"336","Stamina":"173","TeamCost":"385"},
	{"Rank":"337","Stamina":"174","TeamCost":"386"},
	{"Rank":"338","Stamina":"174","TeamCost":"387"},
	{"Rank":"339","Stamina":"175","TeamCost":"388"},
	{"Rank":"340","Stamina":"175","TeamCost":"389"},
	{"Rank":"341","Stamina":"176","TeamCost":"390"},
	{"Rank":"342","Stamina":"176","TeamCost":"391"},
	{"Rank":"343","Stamina":"177","TeamCost":"392"},
	{"Rank":"344","Stamina":"177","TeamCost":"393"},
	{"Rank":"345","Stamina":"178","TeamCost":"394"},
	{"Rank":"346","Stamina":"178","TeamCost":"395"},
	{"Rank":"347","Stamina":"179","TeamCost":"396"},
	{"Rank":"348","Stamina":"179","TeamCost":"397"},
	{"Rank":"349","Stamina":"180","TeamCost":"398"},
	{"Rank":"350","Stamina":"180","TeamCost":"399"},
	{"Rank":"351","Stamina":"181","TeamCost":"400"},
	{"Rank":"352","Stamina":"181","TeamCost":"401"},
	{"Rank":"353","Stamina":"182","TeamCost":"402"},
	{"Rank":"354","Stamina":"182","TeamCost":"403"},
	{"Rank":"355","Stamina":"183","TeamCost":"404"},
	{"Rank":"356","Stamina":"183","TeamCost":"405"},
	{"Rank":"357","Stamina":"184","TeamCost":"406"},
	{"Rank":"358","Stamina":"184","TeamCost":"407"},
	{"Rank":"359","Stamina":"185","TeamCost":"408"},
	{"Rank":"360","Stamina":"185","TeamCost":"409"},
	{"Rank":"361","Stamina":"186","TeamCost":"410"},
	{"Rank":"362","Stamina":"186","TeamCost":"411"},
	{"Rank":"363","Stamina":"187","TeamCost":"412"},
	{"Rank":"364","Stamina":"187","TeamCost":"413"},
	{"Rank":"365","Stamina":"188","TeamCost":"414"},
	{"Rank":"366","Stamina":"188","TeamCost":"415"},
	{"Rank":"367","Stamina":"189","TeamCost":"416"},
	{"Rank":"368","Stamina":"189","TeamCost":"417"},
	{"Rank":"369","Stamina":"190","TeamCost":"418"},
	{"Rank":"370","Stamina":"190","TeamCost":"419"},
	{"Rank":"371","Stamina":"191","TeamCost":"420"},
	{"Rank":"372","Stamina":"191","TeamCost":"421"},
	{"Rank":"373","Stamina":"192","TeamCost":"422"},
	{"Rank":"374","Stamina":"192","TeamCost":"423"},
	{"Rank":"375","Stamina":"193","TeamCost":"424"},
	{"Rank":"376","Stamina":"193","TeamCost":"425"},
	{"Rank":"377","Stamina":"194","TeamCost":"426"},
	{"Rank":"378","Stamina":"194","TeamCost":"427"},
	{"Rank":"379","Stamina":"195","TeamCost":"428"},
	{"Rank":"380","Stamina":"195","TeamCost":"429"},
	{"Rank":"381","Stamina":"196","TeamCost":"430"},
	{"Rank":"382","Stamina":"196","TeamCost":"431"},
	{"Rank":"383","Stamina":"197","TeamCost":"432"},
	{"Rank":"384","Stamina":"197","TeamCost":"433"},
	{"Rank":"385","Stamina":"198","TeamCost":"434"},
	{"Rank":"386","Stamina":"198","TeamCost":"435"},
	{"Rank":"387","Stamina":"199","TeamCost":"436"},
	{"Rank":"388","Stamina":"199","TeamCost":"437"},
	{"Rank":"389","Stamina":"200","TeamCost":"438"},
	{"Rank":"390","Stamina":"200","TeamCost":"439"},
	{"Rank":"391","Stamina":"201","TeamCost":"440"},
	{"Rank":"392","Stamina":"201","TeamCost":"441"},
	{"Rank":"393","Stamina":"202","TeamCost":"442"},
	{"Rank":"394","Stamina":"202","TeamCost":"443"},
	{"Rank":"395","Stamina":"203","TeamCost":"444"},
	{"Rank":"396","Stamina":"203","TeamCost":"445"},
	{"Rank":"397","Stamina":"204","TeamCost":"446"},
	{"Rank":"398","Stamina":"204","TeamCost":"447"},
	{"Rank":"399","Stamina":"205","TeamCost":"448"},
	{"Rank":"400","Stamina":"205","TeamCost":"449"},
	{"Rank":"401","Stamina":"206","TeamCost":"450"},
	{"Rank":"402","Stamina":"206","TeamCost":"451"},
	{"Rank":"403","Stamina":"207","TeamCost":"452"},
	{"Rank":"404","Stamina":"207","TeamCost":"453"},
	{"Rank":"405","Stamina":"208","TeamCost":"454"},
	{"Rank":"406","Stamina":"208","TeamCost":"455"},
	{"Rank":"407","Stamina":"209","TeamCost":"456"},
	{"Rank":"408","Stamina":"209","TeamCost":"457"},
	{"Rank":"409","Stamina":"210","TeamCost":"458"},
	{"Rank":"410","Stamina":"210","TeamCost":"459"},
	{"Rank":"411","Stamina":"211","TeamCost":"460"},
	{"Rank":"412","Stamina":"211","TeamCost":"461"},
	{"Rank":"413","Stamina":"212","TeamCost":"462"},
	{"Rank":"414","Stamina":"212","TeamCost":"463"},
	{"Rank":"415","Stamina":"213","TeamCost":"464"},
	{"Rank":"416","Stamina":"213","TeamCost":"465"},
	{"Rank":"417","Stamina":"214","TeamCost":"466"},
	{"Rank":"418","Stamina":"214","TeamCost":"467"},
	{"Rank":"419","Stamina":"215","TeamCost":"468"},
	{"Rank":"420","Stamina":"215","TeamCost":"469"},
	{"Rank":"421","Stamina":"216","TeamCost":"470"},
	{"Rank":"422","Stamina":"216","TeamCost":"471"},
	{"Rank":"423","Stamina":"217","TeamCost":"472"},
	{"Rank":"424","Stamina":"217","TeamCost":"473"},
	{"Rank":"425","Stamina":"218","TeamCost":"474"},
	{"Rank":"426","Stamina":"218","TeamCost":"475"},
	{"Rank":"427","Stamina":"219","TeamCost":"476"},
	{"Rank":"428","Stamina":"219","TeamCost":"477"},
	{"Rank":"429","Stamina":"220","TeamCost":"478"},
	{"Rank":"430","Stamina":"220","TeamCost":"479"},
	{"Rank":"431","Stamina":"221","TeamCost":"480"},
	{"Rank":"432","Stamina":"221","TeamCost":"481"},
	{"Rank":"433","Stamina":"222","TeamCost":"482"},
	{"Rank":"434","Stamina":"222","TeamCost":"483"},
	{"Rank":"435","Stamina":"223","TeamCost":"484"},
	{"Rank":"436","Stamina":"223","TeamCost":"485"},
	{"Rank":"437","Stamina":"224","TeamCost":"486"},
	{"Rank":"438","Stamina":"224","TeamCost":"487"},
	{"Rank":"439","Stamina":"225","TeamCost":"488"},
	{"Rank":"440","Stamina":"225","TeamCost":"489"},
	{"Rank":"441","Stamina":"226","TeamCost":"490"},
	{"Rank":"442","Stamina":"226","TeamCost":"491"},
	{"Rank":"443","Stamina":"227","TeamCost":"492"},
	{"Rank":"444","Stamina":"227","TeamCost":"493"},
	{"Rank":"445","Stamina":"228","TeamCost":"494"},
	{"Rank":"446","Stamina":"228","TeamCost":"495"},
	{"Rank":"447","Stamina":"229","TeamCost":"496"},
	{"Rank":"448","Stamina":"229","TeamCost":"497"},
	{"Rank":"449","Stamina":"230","TeamCost":"498"},
	{"Rank":"450","Stamina":"230","TeamCost":"499"},
	{"Rank":"451","Stamina":"231","TeamCost":"500"},
	{"Rank":"452","Stamina":"231","TeamCost":"501"},
	{"Rank":"453","Stamina":"232","TeamCost":"502"},
	{"Rank":"454","Stamina":"232","TeamCost":"503"},
	{"Rank":"455","Stamina":"233","TeamCost":"504"},
	{"Rank":"456","Stamina":"233","TeamCost":"505"},
	{"Rank":"457","Stamina":"234","TeamCost":"506"},
	{"Rank":"458","Stamina":"234","TeamCost":"507"},
	{"Rank":"459","Stamina":"235","TeamCost":"508"},
	{"Rank":"460","Stamina":"235","TeamCost":"509"},
	{"Rank":"461","Stamina":"236","TeamCost":"510"},
	{"Rank":"462","Stamina":"236","TeamCost":"511"},
	{"Rank":"463","Stamina":"237","TeamCost":"512"},
	{"Rank":"464","Stamina":"237","TeamCost":"513"},
	{"Rank":"465","Stamina":"238","TeamCost":"514"},
	{"Rank":"466","Stamina":"238","TeamCost":"515"},
	{"Rank":"467","Stamina":"239","TeamCost":"516"},
	{"Rank":"468","Stamina":"239","TeamCost":"517"},
	{"Rank":"469","Stamina":"240","TeamCost":"518"},
	{"Rank":"470","Stamina":"240","TeamCost":"519"},
	{"Rank":"471","Stamina":"241","TeamCost":"520"},
	{"Rank":"472","Stamina":"241","TeamCost":"521"},
	{"Rank":"473","Stamina":"242","TeamCost":"522"},
	{"Rank":"474","Stamina":"242","TeamCost":"523"},
	{"Rank":"475","Stamina":"243","TeamCost":"524"},
	{"Rank":"476","Stamina":"243","TeamCost":"525"},
	{"Rank":"477","Stamina":"244","TeamCost":"526"},
	{"Rank":"478","Stamina":"244","TeamCost":"527"},
	{"Rank":"479","Stamina":"245","TeamCost":"528"},
	{"Rank":"480","Stamina":"245","TeamCost":"529"},
	{"Rank":"481","Stamina":"246","TeamCost":"530"},
	{"Rank":"482","Stamina":"246","TeamCost":"531"},
	{"Rank":"483","Stamina":"247","TeamCost":"532"},
	{"Rank":"484","Stamina":"247","TeamCost":"533"},
	{"Rank":"485","Stamina":"248","TeamCost":"534"},
	{"Rank":"486","Stamina":"248","TeamCost":"535"},
	{"Rank":"487","Stamina":"249","TeamCost":"536"},
	{"Rank":"488","Stamina":"249","TeamCost":"537"},
	{"Rank":"489","Stamina":"250","TeamCost":"538"},
	{"Rank":"490","Stamina":"250","TeamCost":"539"},
	{"Rank":"491","Stamina":"251","TeamCost":"540"},
	{"Rank":"492","Stamina":"251","TeamCost":"541"},
	{"Rank":"493","Stamina":"252","TeamCost":"542"},
	{"Rank":"494","Stamina":"252","TeamCost":"543"},
	{"Rank":"495","Stamina":"253","TeamCost":"544"},
	{"Rank":"496","Stamina":"253","TeamCost":"545"},
	{"Rank":"497","Stamina":"254","TeamCost":"546"},
	{"Rank":"498","Stamina":"254","TeamCost":"547"},
	{"Rank":"499","Stamina":"255","TeamCost":"548"},
	{"Rank":"500","Stamina":"255","TeamCost":"549"},
	{"Rank":"501","Stamina":"256","TeamCost":"550"},
	{"Rank":"502","Stamina":"256","TeamCost":"551"},
	{"Rank":"503","Stamina":"257","TeamCost":"552"},
	{"Rank":"504","Stamina":"257","TeamCost":"553"},
	{"Rank":"505","Stamina":"258","TeamCost":"554"},
	{"Rank":"506","Stamina":"258","TeamCost":"555"},
	{"Rank":"507","Stamina":"259","TeamCost":"556"},
	{"Rank":"508","Stamina":"259","TeamCost":"557"},
	{"Rank":"509","Stamina":"260","TeamCost":"558"},
	{"Rank":"510","Stamina":"260","TeamCost":"559"},
	{"Rank":"511","Stamina":"261","TeamCost":"560"},
	{"Rank":"512","Stamina":"261","TeamCost":"561"},
	{"Rank":"513","Stamina":"262","TeamCost":"562"},
	{"Rank":"514","Stamina":"262","TeamCost":"563"},
	{"Rank":"515","Stamina":"263","TeamCost":"564"},
	{"Rank":"516","Stamina":"263","TeamCost":"565"},
	{"Rank":"517","Stamina":"264","TeamCost":"566"},
	{"Rank":"518","Stamina":"264","TeamCost":"567"},
	{"Rank":"519","Stamina":"265","TeamCost":"568"},
	{"Rank":"520","Stamina":"265","TeamCost":"569"},
	{"Rank":"521","Stamina":"266","TeamCost":"570"},
	{"Rank":"522","Stamina":"266","TeamCost":"571"},
	{"Rank":"523","Stamina":"267","TeamCost":"572"},
	{"Rank":"524","Stamina":"267","TeamCost":"573"},
	{"Rank":"525","Stamina":"268","TeamCost":"574"},
	{"Rank":"526","Stamina":"268","TeamCost":"575"},
	{"Rank":"527","Stamina":"269","TeamCost":"576"},
	{"Rank":"528","Stamina":"269","TeamCost":"577"},
	{"Rank":"529","Stamina":"270","TeamCost":"578"},
	{"Rank":"530","Stamina":"270","TeamCost":"579"},
	{"Rank":"531","Stamina":"271","TeamCost":"580"},
	{"Rank":"532","Stamina":"271","TeamCost":"581"},
	{"Rank":"533","Stamina":"272","TeamCost":"582"},
	{"Rank":"534","Stamina":"272","TeamCost":"583"},
	{"Rank":"535","Stamina":"273","TeamCost":"584"},
	{"Rank":"536","Stamina":"273","TeamCost":"585"},
	{"Rank":"537","Stamina":"274","TeamCost":"586"},
	{"Rank":"538","Stamina":"274","TeamCost":"587"},
	{"Rank":"539","Stamina":"275","TeamCost":"588"},
	{"Rank":"540","Stamina":"275","TeamCost":"589"},
	{"Rank":"541","Stamina":"276","TeamCost":"590"},
	{"Rank":"542","Stamina":"276","TeamCost":"591"},
	{"Rank":"543","Stamina":"277","TeamCost":"592"},
	{"Rank":"544","Stamina":"277","TeamCost":"593"},
	{"Rank":"545","Stamina":"278","TeamCost":"594"},
	{"Rank":"546","Stamina":"278","TeamCost":"595"},
	{"Rank":"547","Stamina":"279","TeamCost":"596"},
	{"Rank":"548","Stamina":"279","TeamCost":"597"},
	{"Rank":"549","Stamina":"280","TeamCost":"598"},
	{"Rank":"550","Stamina":"280","TeamCost":"599"},
	{"Rank":"551","Stamina":"281","TeamCost":"600"},
	{"Rank":"552","Stamina":"281","TeamCost":"601"},
	{"Rank":"553","Stamina":"282","TeamCost":"602"},
	{"Rank":"554","Stamina":"282","TeamCost":"603"},
	{"Rank":"555","Stamina":"283","TeamCost":"604"},
	{"Rank":"556","Stamina":"283","TeamCost":"605"},
	{"Rank":"557","Stamina":"284","TeamCost":"606"},
	{"Rank":"558","Stamina":"284","TeamCost":"607"},
	{"Rank":"559","Stamina":"285","TeamCost":"608"},
	{"Rank":"560","Stamina":"285","TeamCost":"609"},
	{"Rank":"561","Stamina":"286","TeamCost":"610"},
	{"Rank":"562","Stamina":"286","TeamCost":"611"},
	{"Rank":"563","Stamina":"287","TeamCost":"612"},
	{"Rank":"564","Stamina":"287","TeamCost":"613"},
	{"Rank":"565","Stamina":"288","TeamCost":"614"},
	{"Rank":"566","Stamina":"288","TeamCost":"615"},
	{"Rank":"567","Stamina":"289","TeamCost":"616"},
	{"Rank":"568","Stamina":"289","TeamCost":"617"},
	{"Rank":"569","Stamina":"290","TeamCost":"618"},
	{"Rank":"570","Stamina":"290","TeamCost":"619"},
	{"Rank":"571","Stamina":"291","TeamCost":"620"},
	{"Rank":"572","Stamina":"291","TeamCost":"621"},
	{"Rank":"573","Stamina":"292","TeamCost":"622"},
	{"Rank":"574","Stamina":"292","TeamCost":"623"},
	{"Rank":"575","Stamina":"293","TeamCost":"624"},
	{"Rank":"576","Stamina":"293","TeamCost":"625"},
	{"Rank":"577","Stamina":"294","TeamCost":"626"},
	{"Rank":"578","Stamina":"294","TeamCost":"627"},
	{"Rank":"579","Stamina":"295","TeamCost":"628"},
	{"Rank":"580","Stamina":"295","TeamCost":"629"},
	{"Rank":"581","Stamina":"296","TeamCost":"630"},
	{"Rank":"582","Stamina":"296","TeamCost":"631"},
	{"Rank":"583","Stamina":"297","TeamCost":"632"},
	{"Rank":"584","Stamina":"297","TeamCost":"633"},
	{"Rank":"585","Stamina":"298","TeamCost":"634"},
	{"Rank":"586","Stamina":"298","TeamCost":"635"},
	{"Rank":"587","Stamina":"299","TeamCost":"636"},
	{"Rank":"588","Stamina":"299","TeamCost":"637"},
	{"Rank":"589","Stamina":"300","TeamCost":"638"},
	{"Rank":"590","Stamina":"300","TeamCost":"639"},
	{"Rank":"591","Stamina":"301","TeamCost":"640"},
	{"Rank":"592","Stamina":"301","TeamCost":"641"},
	{"Rank":"593","Stamina":"302","TeamCost":"642"},
	{"Rank":"594","Stamina":"302","TeamCost":"643"},
	{"Rank":"595","Stamina":"303","TeamCost":"644"},
	{"Rank":"596","Stamina":"303","TeamCost":"645"},
	{"Rank":"597","Stamina":"304","TeamCost":"646"},
	{"Rank":"598","Stamina":"304","TeamCost":"647"},
	{"Rank":"599","Stamina":"305","TeamCost":"648"},
	{"Rank":"600","Stamina":"305","TeamCost":"649"},
	{"Rank":"601","Stamina":"306","TeamCost":"650"},
	{"Rank":"602","Stamina":"306","TeamCost":"651"},
	{"Rank":"603","Stamina":"307","TeamCost":"652"},
	{"Rank":"604","Stamina":"307","TeamCost":"653"},
	{"Rank":"605","Stamina":"308","TeamCost":"654"},
	{"Rank":"606","Stamina":"308","TeamCost":"655"},
	{"Rank":"607","Stamina":"309","TeamCost":"656"},
	{"Rank":"608","Stamina":"309","TeamCost":"657"},
	{"Rank":"609","Stamina":"310","TeamCost":"658"},
	{"Rank":"610","Stamina":"310","TeamCost":"659"},
	{"Rank":"611","Stamina":"311","TeamCost":"660"},
	{"Rank":"612","Stamina":"311","TeamCost":"661"},
	{"Rank":"613","Stamina":"312","TeamCost":"662"},
	{"Rank":"614","Stamina":"312","TeamCost":"663"},
	{"Rank":"615","Stamina":"313","TeamCost":"664"},
	{"Rank":"616","Stamina":"313","TeamCost":"665"},
	{"Rank":"617","Stamina":"314","TeamCost":"666"},
	{"Rank":"618","Stamina":"314","TeamCost":"667"},
	{"Rank":"619","Stamina":"315","TeamCost":"668"},
	{"Rank":"620","Stamina":"315","TeamCost":"669"},
	{"Rank":"621","Stamina":"316","TeamCost":"670"},
	{"Rank":"622","Stamina":"316","TeamCost":"671"},
	{"Rank":"623","Stamina":"317","TeamCost":"672"},
	{"Rank":"624","Stamina":"317","TeamCost":"673"},
	{"Rank":"625","Stamina":"318","TeamCost":"674"},
	{"Rank":"626","Stamina":"318","TeamCost":"675"},
	{"Rank":"627","Stamina":"319","TeamCost":"676"},
	{"Rank":"628","Stamina":"319","TeamCost":"677"},
	{"Rank":"629","Stamina":"320","TeamCost":"678"},
	{"Rank":"630","Stamina":"320","TeamCost":"679"},
	{"Rank":"631","Stamina":"321","TeamCost":"680"},
	{"Rank":"632","Stamina":"321","TeamCost":"681"},
	{"Rank":"633","Stamina":"322","TeamCost":"682"},
	{"Rank":"634","Stamina":"322","TeamCost":"683"},
	{"Rank":"635","Stamina":"323","TeamCost":"684"},
	{"Rank":"636","Stamina":"323","TeamCost":"685"},
	{"Rank":"637","Stamina":"324","TeamCost":"686"},
	{"Rank":"638","Stamina":"324","TeamCost":"687"},
	{"Rank":"639","Stamina":"325","TeamCost":"688"},
	{"Rank":"640","Stamina":"325","TeamCost":"689"},
	{"Rank":"641","Stamina":"326","TeamCost":"690"},
	{"Rank":"642","Stamina":"326","TeamCost":"691"},
	{"Rank":"643","Stamina":"327","TeamCost":"692"},
	{"Rank":"644","Stamina":"327","TeamCost":"693"},
	{"Rank":"645","Stamina":"328","TeamCost":"694"},
	{"Rank":"646","Stamina":"328","TeamCost":"695"},
	{"Rank":"647","Stamina":"329","TeamCost":"696"},
	{"Rank":"648","Stamina":"329","TeamCost":"697"},
	{"Rank":"649","Stamina":"330","TeamCost":"698"},
	{"Rank":"650","Stamina":"330","TeamCost":"699"},
	{"Rank":"651","Stamina":"331","TeamCost":"700"},
	{"Rank":"652","Stamina":"331","TeamCost":"701"},
	{"Rank":"653","Stamina":"332","TeamCost":"702"},
	{"Rank":"654","Stamina":"332","TeamCost":"703"},
	{"Rank":"655","Stamina":"333","TeamCost":"704"},
	{"Rank":"656","Stamina":"333","TeamCost":"705"},
	{"Rank":"657","Stamina":"334","TeamCost":"706"},
	{"Rank":"658","Stamina":"334","TeamCost":"707"},
	{"Rank":"659","Stamina":"335","TeamCost":"708"},
	{"Rank":"660","Stamina":"335","TeamCost":"709"},
	{"Rank":"661","Stamina":"336","TeamCost":"710"},
	{"Rank":"662","Stamina":"336","TeamCost":"711"},
	{"Rank":"663","Stamina":"337","TeamCost":"712"},
	{"Rank":"664","Stamina":"337","TeamCost":"713"},
	{"Rank":"665","Stamina":"338","TeamCost":"714"},
	{"Rank":"666","Stamina":"338","TeamCost":"715"},
	{"Rank":"667","Stamina":"339","TeamCost":"716"},
	{"Rank":"668","Stamina":"339","TeamCost":"717"},
	{"Rank":"669","Stamina":"340","TeamCost":"718"},
	{"Rank":"670","Stamina":"340","TeamCost":"719"},
	{"Rank":"671","Stamina":"341","TeamCost":"720"},
	{"Rank":"672","Stamina":"341","TeamCost":"721"},
	{"Rank":"673","Stamina":"342","TeamCost":"722"},
	{"Rank":"674","Stamina":"342","TeamCost":"723"},
	{"Rank":"675","Stamina":"343","TeamCost":"724"},
	{"Rank":"676","Stamina":"343","TeamCost":"725"},
	{"Rank":"677","Stamina":"344","TeamCost":"726"},
	{"Rank":"678","Stamina":"344","TeamCost":"727"},
	{"Rank":"679","Stamina":"345","TeamCost":"728"},
	{"Rank":"680","Stamina":"345","TeamCost":"729"},
	{"Rank":"681","Stamina":"346","TeamCost":"730"},
	{"Rank":"682","Stamina":"346","TeamCost":"731"},
	{"Rank":"683","Stamina":"347","TeamCost":"732"},
	{"Rank":"684","Stamina":"347","TeamCost":"733"},
	{"Rank":"685","Stamina":"348","TeamCost":"734"},
	{"Rank":"686","Stamina":"348","TeamCost":"735"},
	{"Rank":"687","Stamina":"349","TeamCost":"736"},
	{"Rank":"688","Stamina":"349","TeamCost":"737"},
	{"Rank":"689","Stamina":"350","TeamCost":"738"},
	{"Rank":"690","Stamina":"350","TeamCost":"739"},
	{"Rank":"691","Stamina":"351","TeamCost":"740"},
	{"Rank":"692","Stamina":"351","TeamCost":"741"},
	{"Rank":"693","Stamina":"352","TeamCost":"742"},
	{"Rank":"694","Stamina":"352","TeamCost":"743"},
	{"Rank":"695","Stamina":"353","TeamCost":"744"},
	{"Rank":"696","Stamina":"353","TeamCost":"745"},
	{"Rank":"697","Stamina":"354","TeamCost":"746"},
	{"Rank":"698","Stamina":"354","TeamCost":"747"},
	{"Rank":"699","Stamina":"355","TeamCost":"748"},
	{"Rank":"700","Stamina":"355","TeamCost":"749"},
	{"Rank":"701","Stamina":"356","TeamCost":"750"},
	{"Rank":"702","Stamina":"356","TeamCost":"751"},
	{"Rank":"703","Stamina":"357","TeamCost":"752"},
	{"Rank":"704","Stamina":"357","TeamCost":"753"},
	{"Rank":"705","Stamina":"358","TeamCost":"754"},
	{"Rank":"706","Stamina":"358","TeamCost":"755"},
	{"Rank":"707","Stamina":"359","TeamCost":"756"},
	{"Rank":"708","Stamina":"359","TeamCost":"757"},
	{"Rank":"709","Stamina":"360","TeamCost":"758"},
	{"Rank":"710","Stamina":"360","TeamCost":"759"},
	{"Rank":"711","Stamina":"361","TeamCost":"760"},
	{"Rank":"712","Stamina":"361","TeamCost":"761"},
	{"Rank":"713","Stamina":"362","TeamCost":"762"},
	{"Rank":"714","Stamina":"362","TeamCost":"763"},
	{"Rank":"715","Stamina":"363","TeamCost":"764"},
	{"Rank":"716","Stamina":"363","TeamCost":"765"},
	{"Rank":"717","Stamina":"364","TeamCost":"766"},
	{"Rank":"718","Stamina":"364","TeamCost":"767"},
	{"Rank":"719","Stamina":"365","TeamCost":"768"},
	{"Rank":"720","Stamina":"365","TeamCost":"769"},
	{"Rank":"721","Stamina":"366","TeamCost":"770"},
	{"Rank":"722","Stamina":"366","TeamCost":"771"},
	{"Rank":"723","Stamina":"367","TeamCost":"772"},
	{"Rank":"724","Stamina":"367","TeamCost":"773"},
	{"Rank":"725","Stamina":"368","TeamCost":"774"},
	{"Rank":"726","Stamina":"368","TeamCost":"775"},
	{"Rank":"727","Stamina":"369","TeamCost":"776"},
	{"Rank":"728","Stamina":"369","TeamCost":"777"},
	{"Rank":"729","Stamina":"370","TeamCost":"778"},
	{"Rank":"730","Stamina":"370","TeamCost":"779"},
	{"Rank":"731","Stamina":"371","TeamCost":"780"},
	{"Rank":"732","Stamina":"371","TeamCost":"781"},
	{"Rank":"733","Stamina":"372","TeamCost":"782"},
	{"Rank":"734","Stamina":"372","TeamCost":"783"},
	{"Rank":"735","Stamina":"373","TeamCost":"784"},
	{"Rank":"736","Stamina":"373","TeamCost":"785"},
	{"Rank":"737","Stamina":"374","TeamCost":"786"},
	{"Rank":"738","Stamina":"374","TeamCost":"787"},
	{"Rank":"739","Stamina":"375","TeamCost":"788"},
	{"Rank":"740","Stamina":"375","TeamCost":"789"},
	{"Rank":"741","Stamina":"376","TeamCost":"790"},
	{"Rank":"742","Stamina":"376","TeamCost":"791"},
	{"Rank":"743","Stamina":"377","TeamCost":"792"},
	{"Rank":"744","Stamina":"377","TeamCost":"793"},
	{"Rank":"745","Stamina":"378","TeamCost":"794"},
	{"Rank":"746","Stamina":"378","TeamCost":"795"},
	{"Rank":"747","Stamina":"379","TeamCost":"796"},
	{"Rank":"748","Stamina":"379","TeamCost":"797"},
	{"Rank":"749","Stamina":"380","TeamCost":"798"},
	{"Rank":"750","Stamina":"380","TeamCost":"799"},
	{"Rank":"751","Stamina":"381","TeamCost":"800"},
	{"Rank":"752","Stamina":"381","TeamCost":"801"},
	{"Rank":"753","Stamina":"382","TeamCost":"802"},
	{"Rank":"754","Stamina":"382","TeamCost":"803"},
	{"Rank":"755","Stamina":"383","TeamCost":"804"},
	{"Rank":"756","Stamina":"383","TeamCost":"805"},
	{"Rank":"757","Stamina":"384","TeamCost":"806"},
	{"Rank":"758","Stamina":"384","TeamCost":"807"},
	{"Rank":"759","Stamina":"385","TeamCost":"808"},
	{"Rank":"760","Stamina":"385","TeamCost":"809"},
	{"Rank":"761","Stamina":"386","TeamCost":"810"},
	{"Rank":"762","Stamina":"386","TeamCost":"811"},
	{"Rank":"763","Stamina":"387","TeamCost":"812"},
	{"Rank":"764","Stamina":"387","TeamCost":"813"},
	{"Rank":"765","Stamina":"388","TeamCost":"814"},
	{"Rank":"766","Stamina":"388","TeamCost":"815"},
	{"Rank":"767","Stamina":"389","TeamCost":"816"},
	{"Rank":"768","Stamina":"389","TeamCost":"817"},
	{"Rank":"769","Stamina":"390","TeamCost":"818"},
	{"Rank":"770","Stamina":"390","TeamCost":"819"},
	{"Rank":"771","Stamina":"391","TeamCost":"820"},
	{"Rank":"772","Stamina":"391","TeamCost":"821"},
	{"Rank":"773","Stamina":"392","TeamCost":"822"},
	{"Rank":"774","Stamina":"392","TeamCost":"823"},
	{"Rank":"775","Stamina":"393","TeamCost":"824"},
	{"Rank":"776","Stamina":"393","TeamCost":"825"},
	{"Rank":"777","Stamina":"394","TeamCost":"826"},
	{"Rank":"778","Stamina":"394","TeamCost":"827"},
	{"Rank":"779","Stamina":"395","TeamCost":"828"},
	{"Rank":"780","Stamina":"395","TeamCost":"829"},
	{"Rank":"781","Stamina":"396","TeamCost":"830"},
	{"Rank":"782","Stamina":"396","TeamCost":"831"},
	{"Rank":"783","Stamina":"397","TeamCost":"832"},
	{"Rank":"784","Stamina":"397","TeamCost":"833"},
	{"Rank":"785","Stamina":"398","TeamCost":"834"},
	{"Rank":"786","Stamina":"398","TeamCost":"835"},
	{"Rank":"787","Stamina":"399","TeamCost":"836"},
	{"Rank":"788","Stamina":"399","TeamCost":"837"},
	{"Rank":"789","Stamina":"400","TeamCost":"838"},
	{"Rank":"790","Stamina":"400","TeamCost":"839"},
	{"Rank":"791","Stamina":"401","TeamCost":"840"},
	{"Rank":"792","Stamina":"401","TeamCost":"841"},
	{"Rank":"793","Stamina":"402","TeamCost":"842"},
	{"Rank":"794","Stamina":"402","TeamCost":"843"},
	{"Rank":"795","Stamina":"403","TeamCost":"844"},
	{"Rank":"796","Stamina":"403","TeamCost":"845"},
	{"Rank":"797","Stamina":"404","TeamCost":"846"},
	{"Rank":"798","Stamina":"404","TeamCost":"847"},
	{"Rank":"799","Stamina":"405","TeamCost":"848"},
	{"Rank":"800","Stamina":"405","TeamCost":"849"},
	{"Rank":"801","Stamina":"406","TeamCost":"850"},
	{"Rank":"802","Stamina":"406","TeamCost":"851"},
	{"Rank":"803","Stamina":"407","TeamCost":"852"},
	{"Rank":"804","Stamina":"407","TeamCost":"853"},
	{"Rank":"805","Stamina":"408","TeamCost":"854"},
	{"Rank":"806","Stamina":"408","TeamCost":"855"},
	{"Rank":"807","Stamina":"409","TeamCost":"856"},
	{"Rank":"808","Stamina":"409","TeamCost":"857"},
	{"Rank":"809","Stamina":"410","TeamCost":"858"},
	{"Rank":"810","Stamina":"410","TeamCost":"859"},
	{"Rank":"811","Stamina":"411","TeamCost":"860"},
	{"Rank":"812","Stamina":"411","TeamCost":"861"},
	{"Rank":"813","Stamina":"412","TeamCost":"862"},
	{"Rank":"814","Stamina":"412","TeamCost":"863"},
	{"Rank":"815","Stamina":"413","TeamCost":"864"},
	{"Rank":"816","Stamina":"413","TeamCost":"865"},
	{"Rank":"817","Stamina":"414","TeamCost":"866"},
	{"Rank":"818","Stamina":"414","TeamCost":"867"},
	{"Rank":"819","Stamina":"415","TeamCost":"868"},
	{"Rank":"820","Stamina":"415","TeamCost":"869"},
	{"Rank":"821","Stamina":"416","TeamCost":"870"},
	{"Rank":"822","Stamina":"416","TeamCost":"871"},
	{"Rank":"823","Stamina":"417","TeamCost":"872"},
	{"Rank":"824","Stamina":"417","TeamCost":"873"},
	{"Rank":"825","Stamina":"418","TeamCost":"874"},
	{"Rank":"826","Stamina":"418","TeamCost":"875"},
	{"Rank":"827","Stamina":"419","TeamCost":"876"},
	{"Rank":"828","Stamina":"419","TeamCost":"877"},
	{"Rank":"829","Stamina":"420","TeamCost":"878"},
	{"Rank":"830","Stamina":"420","TeamCost":"879"},
	{"Rank":"831","Stamina":"421","TeamCost":"880"},
	{"Rank":"832","Stamina":"421","TeamCost":"881"},
	{"Rank":"833","Stamina":"422","TeamCost":"882"},
	{"Rank":"834","Stamina":"422","TeamCost":"883"},
	{"Rank":"835","Stamina":"423","TeamCost":"884"},
	{"Rank":"836","Stamina":"423","TeamCost":"885"},
	{"Rank":"837","Stamina":"424","TeamCost":"886"},
	{"Rank":"838","Stamina":"424","TeamCost":"887"},
	{"Rank":"839","Stamina":"425","TeamCost":"888"},
	{"Rank":"840","Stamina":"425","TeamCost":"889"},
	{"Rank":"841","Stamina":"426","TeamCost":"890"},
	{"Rank":"842","Stamina":"426","TeamCost":"891"},
	{"Rank":"843","Stamina":"427","TeamCost":"892"},
	{"Rank":"844","Stamina":"427","TeamCost":"893"},
	{"Rank":"845","Stamina":"428","TeamCost":"894"},
	{"Rank":"846","Stamina":"428","TeamCost":"895"},
	{"Rank":"847","Stamina":"429","TeamCost":"896"},
	{"Rank":"848","Stamina":"429","TeamCost":"897"},
	{"Rank":"849","Stamina":"430","TeamCost":"898"},
	{"Rank":"850","Stamina":"430","TeamCost":"899"},
	{"Rank":"851","Stamina":"431","TeamCost":"900"},
	{"Rank":"852","Stamina":"431","TeamCost":"901"},
	{"Rank":"853","Stamina":"432","TeamCost":"902"},
	{"Rank":"854","Stamina":"432","TeamCost":"903"},
	{"Rank":"855","Stamina":"433","TeamCost":"904"},
	{"Rank":"856","Stamina":"433","TeamCost":"905"},
	{"Rank":"857","Stamina":"434","TeamCost":"906"},
	{"Rank":"858","Stamina":"434","TeamCost":"907"},
	{"Rank":"859","Stamina":"435","TeamCost":"908"},
	{"Rank":"860","Stamina":"435","TeamCost":"909"},
	{"Rank":"861","Stamina":"436","TeamCost":"910"},
	{"Rank":"862","Stamina":"436","TeamCost":"911"},
	{"Rank":"863","Stamina":"437","TeamCost":"912"},
	{"Rank":"864","Stamina":"437","TeamCost":"913"},
	{"Rank":"865","Stamina":"438","TeamCost":"914"},
	{"Rank":"866","Stamina":"438","TeamCost":"915"},
	{"Rank":"867","Stamina":"439","TeamCost":"916"},
	{"Rank":"868","Stamina":"439","TeamCost":"917"},
	{"Rank":"869","Stamina":"440","TeamCost":"918"},
	{"Rank":"870","Stamina":"440","TeamCost":"919"},
	{"Rank":"871","Stamina":"441","TeamCost":"920"},
	{"Rank":"872","Stamina":"441","TeamCost":"921"},
	{"Rank":"873","Stamina":"442","TeamCost":"922"},
	{"Rank":"874","Stamina":"442","TeamCost":"923"},
	{"Rank":"875","Stamina":"443","TeamCost":"924"},
	{"Rank":"876","Stamina":"443","TeamCost":"925"},
	{"Rank":"877","Stamina":"444","TeamCost":"926"},
	{"Rank":"878","Stamina":"444","TeamCost":"927"},
	{"Rank":"879","Stamina":"445","TeamCost":"928"},
	{"Rank":"880","Stamina":"445","TeamCost":"929"},
	{"Rank":"881","Stamina":"446","TeamCost":"930"},
	{"Rank":"882","Stamina":"446","TeamCost":"931"},
	{"Rank":"883","Stamina":"447","TeamCost":"932"},
	{"Rank":"884","Stamina":"447","TeamCost":"933"},
	{"Rank":"885","Stamina":"448","TeamCost":"934"},
	{"Rank":"886","Stamina":"448","TeamCost":"935"},
	{"Rank":"887","Stamina":"449","TeamCost":"936"},
	{"Rank":"888","Stamina":"449","TeamCost":"937"},
	{"Rank":"889","Stamina":"450","TeamCost":"938"},
	{"Rank":"890","Stamina":"450","TeamCost":"939"},
	{"Rank":"891","Stamina":"451","TeamCost":"940"},
	{"Rank":"892","Stamina":"451","TeamCost":"941"},
	{"Rank":"893","Stamina":"452","TeamCost":"942"},
	{"Rank":"894","Stamina":"452","TeamCost":"943"},
	{"Rank":"895","Stamina":"453","TeamCost":"944"},
	{"Rank":"896","Stamina":"453","TeamCost":"945"},
	{"Rank":"897","Stamina":"454","TeamCost":"946"},
	{"Rank":"898","Stamina":"454","TeamCost":"947"},
	{"Rank":"899","Stamina":"455","TeamCost":"948"},
	{"Rank":"900","Stamina":"455","TeamCost":"949"},
	{"Rank":"901","Stamina":"456","TeamCost":"950"},
	{"Rank":"902","Stamina":"456","TeamCost":"951"},
	{"Rank":"903","Stamina":"457","TeamCost":"952"},
	{"Rank":"904","Stamina":"457","TeamCost":"953"},
	{"Rank":"905","Stamina":"458","TeamCost":"954"},
	{"Rank":"906","Stamina":"458","TeamCost":"955"},
	{"Rank":"907","Stamina":"459","TeamCost":"956"},
	{"Rank":"908","Stamina":"459","TeamCost":"957"},
	{"Rank":"909","Stamina":"460","TeamCost":"958"},
	{"Rank":"910","Stamina":"460","TeamCost":"959"},
	{"Rank":"911","Stamina":"461","TeamCost":"960"},
	{"Rank":"912","Stamina":"461","TeamCost":"961"},
	{"Rank":"913","Stamina":"462","TeamCost":"962"},
	{"Rank":"914","Stamina":"462","TeamCost":"963"},
	{"Rank":"915","Stamina":"463","TeamCost":"964"},
	{"Rank":"916","Stamina":"463","TeamCost":"965"},
	{"Rank":"917","Stamina":"464","TeamCost":"966"},
	{"Rank":"918","Stamina":"464","TeamCost":"967"},
	{"Rank":"919","Stamina":"465","TeamCost":"968"},
	{"Rank":"920","Stamina":"465","TeamCost":"969"},
	{"Rank":"921","Stamina":"466","TeamCost":"970"},
	{"Rank":"922","Stamina":"466","TeamCost":"971"},
	{"Rank":"923","Stamina":"467","TeamCost":"972"},
	{"Rank":"924","Stamina":"467","TeamCost":"973"},
	{"Rank":"925","Stamina":"468","TeamCost":"974"},
	{"Rank":"926","Stamina":"468","TeamCost":"975"},
	{"Rank":"927","Stamina":"469","TeamCost":"976"},
	{"Rank":"928","Stamina":"469","TeamCost":"977"},
	{"Rank":"929","Stamina":"470","TeamCost":"978"},
	{"Rank":"930","Stamina":"470","TeamCost":"979"},
	{"Rank":"931","Stamina":"471","TeamCost":"980"},
	{"Rank":"932","Stamina":"471","TeamCost":"981"},
	{"Rank":"933","Stamina":"472","TeamCost":"982"},
	{"Rank":"934","Stamina":"472","TeamCost":"983"},
	{"Rank":"935","Stamina":"473","TeamCost":"984"},
	{"Rank":"936","Stamina":"473","TeamCost":"985"},
	{"Rank":"937","Stamina":"474","TeamCost":"986"},
	{"Rank":"938","Stamina":"474","TeamCost":"987"},
	{"Rank":"939","Stamina":"475","TeamCost":"988"},
	{"Rank":"940","Stamina":"475","TeamCost":"989"},
	{"Rank":"941","Stamina":"476","TeamCost":"990"},
	{"Rank":"942","Stamina":"476","TeamCost":"991"},
	{"Rank":"943","Stamina":"477","TeamCost":"992"},
	{"Rank":"944","Stamina":"477","TeamCost":"993"},
	{"Rank":"945","Stamina":"478","TeamCost":"994"},
	{"Rank":"946","Stamina":"478","TeamCost":"995"},
	{"Rank":"947","Stamina":"479","TeamCost":"996"},
	{"Rank":"948","Stamina":"479","TeamCost":"997"},
	{"Rank":"949","Stamina":"480","TeamCost":"998"},
	{"Rank":"950","Stamina":"480","TeamCost":"999"},
	{"Rank":"951","Stamina":"481","TeamCost":"1000"},
	{"Rank":"952","Stamina":"481","TeamCost":"1001"},
	{"Rank":"953","Stamina":"482","TeamCost":"1002"},
	{"Rank":"954","Stamina":"482","TeamCost":"1003"},
	{"Rank":"955","Stamina":"483","TeamCost":"1004"},
	{"Rank":"956","Stamina":"483","TeamCost":"1005"},
	{"Rank":"957","Stamina":"484","TeamCost":"1006"},
	{"Rank":"958","Stamina":"484","TeamCost":"1007"},
	{"Rank":"959","Stamina":"485","TeamCost":"1008"},
	{"Rank":"960","Stamina":"485","TeamCost":"1009"},
	{"Rank":"961","Stamina":"486","TeamCost":"1010"},
	{"Rank":"962","Stamina":"486","TeamCost":"1011"},
	{"Rank":"963","Stamina":"487","TeamCost":"1012"},
	{"Rank":"964","Stamina":"487","TeamCost":"1013"},
	{"Rank":"965","Stamina":"488","TeamCost":"1014"},
	{"Rank":"966","Stamina":"488","TeamCost":"1015"},
	{"Rank":"967","Stamina":"489","TeamCost":"1016"},
	{"Rank":"968","Stamina":"489","TeamCost":"1017"},
	{"Rank":"969","Stamina":"490","TeamCost":"1018"},
	{"Rank":"970","Stamina":"490","TeamCost":"1019"},
	{"Rank":"971","Stamina":"491","TeamCost":"1020"},
	{"Rank":"972","Stamina":"491","TeamCost":"1021"},
	{"Rank":"973","Stamina":"492","TeamCost":"1022"},
	{"Rank":"974","Stamina":"492","TeamCost":"1023"},
	{"Rank":"975","Stamina":"493","TeamCost":"1024"},
	{"Rank":"976","Stamina":"493","TeamCost":"1025"},
	{"Rank":"977","Stamina":"494","TeamCost":"1026"},
	{"Rank":"978","Stamina":"494","TeamCost":"1027"},
	{"Rank":"979","Stamina":"495","TeamCost":"1028"},
	{"Rank":"980","Stamina":"495","TeamCost":"1029"},
	{"Rank":"981","Stamina":"496","TeamCost":"1030"},
	{"Rank":"982","Stamina":"496","TeamCost":"1031"},
	{"Rank":"983","Stamina":"497","TeamCost":"1032"},
	{"Rank":"984","Stamina":"497","TeamCost":"1033"},
	{"Rank":"985","Stamina":"498","TeamCost":"1034"},
	{"Rank":"986","Stamina":"498","TeamCost":"1035"},
	{"Rank":"987","Stamina":"499","TeamCost":"1036"},
	{"Rank":"988","Stamina":"499","TeamCost":"1037"},
	{"Rank":"989","Stamina":"500","TeamCost":"1038"},
	{"Rank":"990","Stamina":"500","TeamCost":"1039"},
	{"Rank":"991","Stamina":"501","TeamCost":"1040"},
	{"Rank":"992","Stamina":"501","TeamCost":"1041"},
	{"Rank":"993","Stamina":"502","TeamCost":"1042"},
	{"Rank":"994","Stamina":"502","TeamCost":"1043"},
	{"Rank":"995","Stamina":"503","TeamCost":"1044"},
	{"Rank":"996","Stamina":"503","TeamCost":"1045"},
	{"Rank":"997","Stamina":"504","TeamCost":"1046"},
	{"Rank":"998","Stamina":"504","TeamCost":"1047"},
	{"Rank":"999","Stamina":"505","TeamCost":"1048"}
]
