[
	{"Season":"Season01","EndDate":"12/31/2023","Name":"Cinnamon Season","BannerTexture":"PVP_Season_Cinnamon","Rank":"1","SoftCurrency":"27500","FreeHardCurrency":"27500","XPMaterials":"CAKE_T3_Corn","GachaKey":"Premium"},
	{"Season":"^","Rank":"2","SoftCurrency":"10000","FreeHardCurrency":"10","XPMaterials":"CAKE_T3_Plains","GachaKey":"Premium"},
	{"Season":"^","Rank":"3","SoftCurrency":"10000","FreeHardCurrency":"3450","XPMaterials":"CAKE_T3_Sand","GachaKey":"Premium"},
	{"Season":"^","Rank":"4","SoftCurrency":"10000","FreeHardCurrency":"500","XPMaterials":"CAKE_T3_Nice"},
	{"Season":"^","Rank":"5","SoftCurrency":"10000","FreeHardCurrency":"50","XPMaterials":"CAKE_T3_Swamp"},
	{"Season":"^","Rank":"6","SoftCurrency":"10000","FreeHardCurrency":"1500","XPMaterials":"CAKE_T3_Corn"},
	{"Season":"^","Rank":"7","SoftCurrency":"10000","FreeHardCurrency":"50","XPMaterials":"CAKE_T3_Plains"},
	{"Season":"^","Rank":"8","SoftCurrency":"10000","FreeHardCurrency":"10","XPMaterials":"CAKE_T3_Sand"},
	{"Season":"^","Rank":"9","SoftCurrency":"10000","FreeHardCurrency":"50","XPMaterials":"CAKE_T3_Nice","GachaKey":"Premium"},
	{"Season":"^","Rank":"10","SoftCurrency":"5000","FreeHardCurrency":"50","XPMaterials":"CAKE_T3_Swamp"},
	{"Season":"^","Rank":"11","SoftCurrency":"5000","FreeHardCurrency":"10","XPMaterials":"CAKE_T3_Corn"},
	{"Season":"^","Rank":"12","SoftCurrency":"5000","FreeHardCurrency":"10","XPMaterials":"CAKE_T3_Plains"},
	{"Season":"^","Rank":"13","SoftCurrency":"5000","FreeHardCurrency":"1500","XPMaterials":"CAKE_T3_Sand"},
	{"Season":"^","Rank":"14","SoftCurrency":"2500","FreeHardCurrency":"50","XPMaterials":"CAKE_T3_Nice"},
	{"Season":"^","Rank":"15","SoftCurrency":"2500","FreeHardCurrency":"500","XPMaterials":"CAKE_T3_Swamp"},
	{"Season":"^","Rank":"16","SoftCurrency":"2500","FreeHardCurrency":"10","XPMaterials":"CAKE_T2_Corn"},
	{"Season":"^","Rank":"17","SoftCurrency":"2500","FreeHardCurrency":"100","XPMaterials":"CAKE_T2_Plains","GachaKey":"Premium"},
	{"Season":"^","Rank":"18","SoftCurrency":"1000","FreeHardCurrency":"500","XPMaterials":"CAKE_T2_Sand"},
	{"Season":"^","Rank":"19","SoftCurrency":"1000","FreeHardCurrency":"10","XPMaterials":"CAKE_T2_Nice"},
	{"Season":"^","Rank":"20","SoftCurrency":"1000","FreeHardCurrency":"10","XPMaterials":"CAKE_T2_Swamp"},
	{"Season":"^","Rank":"21","SoftCurrency":"1000","FreeHardCurrency":"10","XPMaterials":"CAKE_T1_Corn"},
	{"Season":"^","Rank":"22","SoftCurrency":"500","FreeHardCurrency":"100","XPMaterials":"CAKE_T1_Plains"},
	{"Season":"^","Rank":"23","SoftCurrency":"500","FreeHardCurrency":"150","XPMaterials":"CAKE_T1_Sand"},
	{"Season":"^","Rank":"24","SoftCurrency":"500","FreeHardCurrency":"150","XPMaterials":"CAKE_T1_Nice"},
	{"Season":"^","Rank":"25","SoftCurrency":"500","FreeHardCurrency":"50","XPMaterials":"CAKE_T1_Swamp"},
	{"Season":"Season02","EndDate":"6/15/2024","Name":"Sand Storm","BannerTexture":"PVP_Season_Nutmeg","Rank":"1","SoftCurrency":"1000","SocialCurrency":"100","Creatures":"AngelOfSand_Base","XPMaterials":"CAKE_T3_Nice","Runes":"MAT_RND1_T4"},
	{"Season":"^","Rank":"2","XPMaterials":"CAKE_T3_Corn","Runes":"MAT_RND1_T4","GachaKey":"Premium"},
	{"Season":"^","Rank":"3","SocialCurrency":"100","FreeHardCurrency":"50","Runes":"AWK_MAT_HuskerTanker_Base"},
	{"Season":"^","Rank":"4","SoftCurrency":"1000","Cards":"PLAINS_0008","Runes":"MAT_SUN_T4"},
	{"Season":"^","Rank":"5","FreeHardCurrency":"25","Creatures":"FlySwatter_Base","XPMaterials":"CAKE_T2_Corn"},
	{"Season":"^","Rank":"6","SocialCurrency":"100","Runes":"MAT_SUN_T3"},
	{"Season":"^","Rank":"7","SoftCurrency":"1000","Runes":"AWK_MAT_LadyScarab_Base"},
	{"Season":"^","Rank":"8","FreeHardCurrency":"25","XPMaterials":"CAKE_T2_Plains"},
	{"Season":"^","Rank":"9","Cards":"NICE_0030","XPMaterials":"CAKE_T2_Plains"},
	{"Season":"^","Rank":"10","SocialCurrency":"100","Creatures":"Herculeye_Base"},
	{"Season":"^","Rank":"11","SoftCurrency":"1000","XPMaterials":"CAKE_T3_Sand"},
	{"Season":"^","Rank":"12","FreeHardCurrency":"10","Runes":"MAT_FRI_T2"},
	{"Season":"^","Rank":"13","FreeHardCurrency":"25","XPMaterials":"CAKE_T1_Corn"},
	{"Season":"^","Rank":"14","SocialCurrency":"100","Runes":"AWK_MAT_HuskerKnight_Base"},
	{"Season":"^","Rank":"15","SoftCurrency":"1000","GachaKey":"Premium"},
	{"Season":"^","Rank":"16","Cards":"SAND_0005"},
	{"Season":"^","Rank":"17","FreeHardCurrency":"25"},
	{"Season":"^","Rank":"18","Creatures":"FlySwatter_Base"},
	{"Season":"^","Rank":"19","XPMaterials":"CAKE_T2_Swamp"},
	{"Season":"^","Rank":"20","Runes":"MAT_WED_T1"},
	{"Season":"^","Rank":"21","FreeHardCurrency":"25"},
	{"Season":"^","Rank":"22","Runes":"MAT_MON_T1"},
	{"Season":"^","Rank":"23","XPMaterials":"CAKE_T1_Nice"},
	{"Season":"^","Rank":"24","SocialCurrency":"100"},
	{"Season":"^","Rank":"25","SoftCurrency":"1000"},
	{"Season":"Season03","EndDate":"6/7/2025","Name":"Eyes of the Forgotten","BannerTexture":"PVP_Season_Mint","Rank":"1","FreeHardCurrency":"27500","Creatures":"GhostEye_Awaken"},
	{"Season":"^","Rank":"2","XPMaterials":"CAKE_T3_Plains","Runes":"MAT_EVENT1_T4","GachaKey":"Premium"},
	{"Season":"^","Rank":"3","SocialCurrency":"100","FreeHardCurrency":"5000","Runes":"AWK_MAT_AncientScholar_Base"},
	{"Season":"^","Rank":"4","SoftCurrency":"1000","Cards":"PLAINS_0004","Runes":"MAT_FRI_T4"},
	{"Season":"^","Rank":"5","FreeHardCurrency":"4500","Creatures":"DragonFoot_Awaken","XPMaterials":"CAKE_T2_Plains"},
	{"Season":"^","Rank":"6","SocialCurrency":"100","Runes":"MAT_EVENT1_T3"},
	{"Season":"^","Rank":"7","SoftCurrency":"1000","Runes":"AWK_MAT_ElfChief_Base"},
	{"Season":"^","Rank":"8","FreeHardCurrency":"3500","XPMaterials":"CAKE_T2_Plains"},
	{"Season":"^","Rank":"9","Cards":"PLAINS_0013","XPMaterials":"CAKE_T1_Plains"},
	{"Season":"^","Rank":"10","SocialCurrency":"100","Creatures":"AngelEye_Awaken"},
	{"Season":"^","Rank":"11","SoftCurrency":"1000","XPMaterials":"CAKE_T3_Plains"},
	{"Season":"^","Rank":"12","FreeHardCurrency":"2500","Runes":"MAT_RND1_T2"},
	{"Season":"^","Rank":"13","FreeHardCurrency":"2500","XPMaterials":"CAKE_T1_Plains"},
	{"Season":"^","Rank":"14","SocialCurrency":"100","Runes":"AWK_MAT_Pig_Base"},
	{"Season":"^","Rank":"15","SoftCurrency":"1000","GachaKey":"Premium"},
	{"Season":"^","Rank":"16","Cards":"PLAINS_0026"},
	{"Season":"^","Rank":"17","FreeHardCurrency":"1000"},
	{"Season":"^","Rank":"18","Creatures":"ManowarElf_Base"},
	{"Season":"^","Rank":"19","XPMaterials":"CAKE_T2_Plains"},
	{"Season":"^","Rank":"20","Runes":"MAT_FRI_T1"},
	{"Season":"^","Rank":"21","FreeHardCurrency":"1000"},
	{"Season":"^","Rank":"22","Runes":"MAT_MON_T1"},
	{"Season":"^","Rank":"23","XPMaterials":"CAKE_T1_Plains"},
	{"Season":"^","Rank":"24","SocialCurrency":"100"},
	{"Season":"^","Rank":"25","SoftCurrency":"1000","Creatures":"SnuggleTree_Awaken"},
	{"Season":"Season04","EndDate":"6/7/2025","Name":"Eyes of the Forgotten","BannerTexture":"PVP_Season_Mint","Rank":"1","FreeHardCurrency":"27500","Creatures":"GhostEye_Awaken"},
	{"Season":"^","Rank":"2","XPMaterials":"CAKE_T3_Plains","Runes":"MAT_EVENT1_T4","GachaKey":"Premium"},
	{"Season":"^","Rank":"3","SocialCurrency":"100","FreeHardCurrency":"5000","Runes":"AWK_MAT_AncientScholar_Base"},
	{"Season":"^","Rank":"4","SoftCurrency":"1000","Cards":"PLAINS_0004","Runes":"MAT_FRI_T4"},
	{"Season":"^","Rank":"5","FreeHardCurrency":"4500","Creatures":"DragonFoot_Awaken","XPMaterials":"CAKE_T2_Plains"},
	{"Season":"^","Rank":"6","SocialCurrency":"100","Runes":"MAT_EVENT1_T3"},
	{"Season":"^","Rank":"7","SoftCurrency":"1000","Runes":"AWK_MAT_ElfChief_Base"},
	{"Season":"^","Rank":"8","FreeHardCurrency":"3500","XPMaterials":"CAKE_T2_Plains"},
	{"Season":"^","Rank":"9","Cards":"PLAINS_0013","XPMaterials":"CAKE_T1_Plains"},
	{"Season":"^","Rank":"10","SocialCurrency":"100","Creatures":"AngelEye_Awaken"},
	{"Season":"^","Rank":"11","SoftCurrency":"1000","XPMaterials":"CAKE_T3_Plains"},
	{"Season":"^","Rank":"12","FreeHardCurrency":"2500","Runes":"MAT_RND1_T2"},
	{"Season":"^","Rank":"13","FreeHardCurrency":"2500","XPMaterials":"CAKE_T1_Plains"},
	{"Season":"^","Rank":"14","SocialCurrency":"100","Runes":"AWK_MAT_Pig_Base"},
	{"Season":"^","Rank":"15","SoftCurrency":"1000","GachaKey":"Premium"},
	{"Season":"^","Rank":"16","Cards":"PLAINS_0026"},
	{"Season":"^","Rank":"17","FreeHardCurrency":"1000"},
	{"Season":"^","Rank":"18","Creatures":"ManowarElf_Base"},
	{"Season":"^","Rank":"19","XPMaterials":"CAKE_T2_Plains"},
	{"Season":"^","Rank":"20","Runes":"MAT_FRI_T1"},
	{"Season":"^","Rank":"21","FreeHardCurrency":"1000"},
	{"Season":"^","Rank":"22","Runes":"MAT_MON_T1"},
	{"Season":"^","Rank":"23","XPMaterials":"CAKE_T1_Plains"},
	{"Season":"^","Rank":"24","SocialCurrency":"100"},
	{"Season":"^","Rank":"25","SoftCurrency":"1000","Creatures":"SnuggleTree_Awaken"},
	{"Season":"Season05","EndDate":"6/7/2025","Name":"Eyes of the Forgotten","BannerTexture":"PVP_Season_Mint","Rank":"1","FreeHardCurrency":"27500","Creatures":"GhostEye_Awaken"},
	{"Season":"^","Rank":"2","XPMaterials":"CAKE_T3_Plains","Runes":"MAT_EVENT1_T4","GachaKey":"Premium"},
	{"Season":"^","Rank":"3","SocialCurrency":"100","FreeHardCurrency":"5000","Runes":"AWK_MAT_AncientScholar_Base"},
	{"Season":"^","Rank":"4","SoftCurrency":"1000","Cards":"PLAINS_0004","Runes":"MAT_FRI_T4"},
	{"Season":"^","Rank":"5","FreeHardCurrency":"4500","Creatures":"DragonFoot_Awaken","XPMaterials":"CAKE_T2_Plains"},
	{"Season":"^","Rank":"6","SocialCurrency":"100","Runes":"MAT_EVENT1_T3"},
	{"Season":"^","Rank":"7","SoftCurrency":"1000","Runes":"AWK_MAT_ElfChief_Base"},
	{"Season":"^","Rank":"8","FreeHardCurrency":"3500","XPMaterials":"CAKE_T2_Plains"},
	{"Season":"^","Rank":"9","Cards":"PLAINS_0013","XPMaterials":"CAKE_T1_Plains"},
	{"Season":"^","Rank":"10","SocialCurrency":"100","Creatures":"AngelEye_Awaken"},
	{"Season":"^","Rank":"11","SoftCurrency":"1000","XPMaterials":"CAKE_T3_Plains"},
	{"Season":"^","Rank":"12","FreeHardCurrency":"2500","Runes":"MAT_RND1_T2"},
	{"Season":"^","Rank":"13","FreeHardCurrency":"2500","XPMaterials":"CAKE_T1_Plains"},
	{"Season":"^","Rank":"14","SocialCurrency":"100","Runes":"AWK_MAT_Pig_Base"},
	{"Season":"^","Rank":"15","SoftCurrency":"1000","GachaKey":"Premium"},
	{"Season":"^","Rank":"16","Cards":"PLAINS_0026"},
	{"Season":"^","Rank":"17","FreeHardCurrency":"1000"},
	{"Season":"^","Rank":"18","Creatures":"ManowarElf_Base"},
	{"Season":"^","Rank":"19","XPMaterials":"CAKE_T2_Plains"},
	{"Season":"^","Rank":"20","Runes":"MAT_FRI_T1"},
	{"Season":"^","Rank":"21","FreeHardCurrency":"1000"},
	{"Season":"^","Rank":"22","Runes":"MAT_MON_T1"},
	{"Season":"^","Rank":"23","XPMaterials":"CAKE_T1_Plains"},
	{"Season":"^","Rank":"24","SocialCurrency":"100"},
	{"Season":"^","Rank":"25","SoftCurrency":"1000","Creatures":"SnuggleTree_Awaken"},
	{"Season":"Season06","EndDate":"6/7/2025","Name":"Eyes of the Forgotten","BannerTexture":"PVP_Season_Mint","Rank":"1","FreeHardCurrency":"27500","Creatures":"GhostEye_Awaken"},
	{"Season":"^","Rank":"2","XPMaterials":"CAKE_T3_Plains","Runes":"MAT_EVENT1_T4","GachaKey":"Premium"},
	{"Season":"^","Rank":"3","SocialCurrency":"100","FreeHardCurrency":"5000","Runes":"AWK_MAT_AncientScholar_Base"},
	{"Season":"^","Rank":"4","SoftCurrency":"1000","Cards":"PLAINS_0004","Runes":"MAT_FRI_T4"},
	{"Season":"^","Rank":"5","FreeHardCurrency":"4500","Creatures":"DragonFoot_Awaken","XPMaterials":"CAKE_T2_Plains"},
	{"Season":"^","Rank":"6","SocialCurrency":"100","Runes":"MAT_EVENT1_T3"},
	{"Season":"^","Rank":"7","SoftCurrency":"1000","Runes":"AWK_MAT_ElfChief_Base"},
	{"Season":"^","Rank":"8","FreeHardCurrency":"3500","XPMaterials":"CAKE_T2_Plains"},
	{"Season":"^","Rank":"9","Cards":"PLAINS_0013","XPMaterials":"CAKE_T1_Plains"},
	{"Season":"^","Rank":"10","SocialCurrency":"100","Creatures":"AngelEye_Awaken"},
	{"Season":"^","Rank":"11","SoftCurrency":"1000","XPMaterials":"CAKE_T3_Plains"},
	{"Season":"^","Rank":"12","FreeHardCurrency":"2500","Runes":"MAT_RND1_T2"},
	{"Season":"^","Rank":"13","FreeHardCurrency":"2500","XPMaterials":"CAKE_T1_Plains"},
	{"Season":"^","Rank":"14","SocialCurrency":"100","Runes":"AWK_MAT_Pig_Base"},
	{"Season":"^","Rank":"15","SoftCurrency":"1000","GachaKey":"Premium"},
	{"Season":"^","Rank":"16","Cards":"PLAINS_0026"},
	{"Season":"^","Rank":"17","FreeHardCurrency":"1000"},
	{"Season":"^","Rank":"18","Creatures":"ManowarElf_Base"},
	{"Season":"^","Rank":"19","XPMaterials":"CAKE_T2_Plains"},
	{"Season":"^","Rank":"20","Runes":"MAT_FRI_T1"},
	{"Season":"^","Rank":"21","FreeHardCurrency":"1000"},
	{"Season":"^","Rank":"22","Runes":"MAT_MON_T1"},
	{"Season":"^","Rank":"23","XPMaterials":"CAKE_T1_Plains"},
	{"Season":"^","Rank":"24","SocialCurrency":"100"},
	{"Season":"^","Rank":"25","SoftCurrency":"1000","Creatures":"SnuggleTree_Awaken"},
	{"Season":"Season07","EndDate":"8/1/2025","Name":"Melody Migration","BannerTexture":"PVP_Season_Mint","Rank":"1","FreeHardCurrency":"20000","Creatures":"MusicMallard_Awaken","CardBack":"CardBack_19","Cards":"NICE_0006"},
	{"Season":"^","Rank":"2","XPMaterials":"CAKE_T3_Nice","Runes":"MAT_RND1_T4","GachaKey":"Premium"},
	{"Season":"^","Rank":"3","SocialCurrency":"100","FreeHardCurrency":"5000","Runes":"AWK_MAT_SackOfPain_Base"},
	{"Season":"^","Rank":"4","SoftCurrency":"1000","Runes":"MAT_TUE_T4"},
	{"Season":"^","Rank":"5","FreeHardCurrency":"4500","Creatures":"PileOfKittens_Awaken","XPMaterials":"CAKE_T2_Nice"},
	{"Season":"^","Rank":"6","SocialCurrency":"100","Runes":"MAT_MON_T3"},
	{"Season":"^","Rank":"7","SoftCurrency":"1000","Runes":"AWK_MAT_BadRose_Base"},
	{"Season":"^","Rank":"8","FreeHardCurrency":"3500","XPMaterials":"CAKE_T2_Nice"},
	{"Season":"^","Rank":"9","XPMaterials":"CAKE_T2_Nice"},
	{"Season":"^","Rank":"10","SocialCurrency":"1000","Creatures":"FarmerTom_Awaken"},
	{"Season":"^","Rank":"11","SoftCurrency":"1000","XPMaterials":"CAKE_T3_Nice"},
	{"Season":"^","Rank":"12","FreeHardCurrency":"560","Runes":"MAT_FRI_T2"},
	{"Season":"^","Rank":"13","FreeHardCurrency":"2500","XPMaterials":"CAKE_T1_Nice"},
	{"Season":"^","Rank":"14","SocialCurrency":"100","Runes":"AWK_MAT_FuriousRooster_Base"},
	{"Season":"^","Rank":"15","SoftCurrency":"1000","GachaKey":"Premium"},
	{"Season":"^","Rank":"16","Cards":"NICE_0001"},
	{"Season":"^","Rank":"17","FreeHardCurrency":"1500"},
	{"Season":"^","Rank":"18","Creatures":"FuriousChick_Awaken"},
	{"Season":"^","Rank":"19","XPMaterials":"CAKE_T2_Nice"},
	{"Season":"^","Rank":"20","Runes":"MAT_MON_T1"},
	{"Season":"^","Rank":"21","FreeHardCurrency":"150"},
	{"Season":"^","Rank":"22","Runes":"MAT_WED_T1"},
	{"Season":"^","Rank":"23","XPMaterials":"CAKE_T1_Nice"},
	{"Season":"^","Rank":"24","SocialCurrency":"1000"},
	{"Season":"^","Rank":"25","SoftCurrency":"1000","Creatures":"SnuggleTree_Awaken"},
	{"Season":"Season08","EndDate":"9/1/1999","Name":"Miracle Technology","BannerTexture":"PVP_Season_Vanilla","Rank":"1","FreeHardCurrency":"26000","Creatures":"CameraDude_Awaken","CardBack":"CardBack_25","Cards":"PLAINS_0049","BlackListLabel":"!!BLACKLISTLABEL","BlackList1":"Chest Burster","BlackList2":"Cutie Pie","BlackList3":"Shaman Woad","BlackList4":"Lady Scarab","BlackList5":" ","BlackList6":" ","BlackList7":" ","BlackList8":" ","SeasonRulesLabel":"!!SEASONRULESLABEL","Rules1":"!!SEASONRULES1","Rules2":"!!SEASONRULES2","RulesUsage":"!!SEASONRULESUSAGE1","RulesUsage2":"!!SEASONRULESUSAGE2","RulesUsage3":"!!SEASONRULESUSAGE3"},
	{"Season":"^","Rank":"2","XPMaterials":"CAKE_T3_Plains","Runes":"MAT_EVENT1_T4","GachaKey":"Premium"},
	{"Season":"^","Rank":"3","SocialCurrency":"100","FreeHardCurrency":"4500","Runes":"AWK_MAT_AncientScholar_Base"},
	{"Season":"^","Rank":"4","SoftCurrency":"1000","Cards":"PLAINS_0004","Runes":"MAT_FRI_T4"},
	{"Season":"^","Rank":"5","FreeHardCurrency":"3750","Creatures":"DragonFoot_Awaken","XPMaterials":"CAKE_T2_Plains"},
	{"Season":"^","Rank":"6","SocialCurrency":"100","Runes":"MAT_EVENT1_T3"},
	{"Season":"^","Rank":"7","SoftCurrency":"1000","Runes":"AWK_MAT_ElfChief_Base"},
	{"Season":"^","Rank":"8","FreeHardCurrency":"3000","XPMaterials":"CAKE_T2_Plains"},
	{"Season":"^","Rank":"9","Cards":"PLAINS_0013","XPMaterials":"CAKE_T1_Plains"},
	{"Season":"^","Rank":"10","SocialCurrency":"100","Creatures":"AngelEye_Awaken"},
	{"Season":"^","Rank":"11","SoftCurrency":"1250","XPMaterials":"CAKE_T3_Plains"},
	{"Season":"^","Rank":"12","FreeHardCurrency":"200","Runes":"MAT_RND1_T2"},
	{"Season":"^","Rank":"13","FreeHardCurrency":"1350","XPMaterials":"CAKE_T1_Plains"},
	{"Season":"^","Rank":"14","SocialCurrency":"100","Runes":"AWK_MAT_Pig_Base"},
	{"Season":"^","Rank":"15","SoftCurrency":"1000","GachaKey":"Premium"},
	{"Season":"^","Rank":"16","Cards":"PLAINS_0026"},
	{"Season":"^","Rank":"17","FreeHardCurrency":"800"},
	{"Season":"^","Rank":"18","Creatures":"ManowarElf_Base"},
	{"Season":"^","Rank":"19","XPMaterials":"CAKE_T2_Plains"},
	{"Season":"^","Rank":"20","Runes":"MAT_FRI_T1"},
	{"Season":"^","Rank":"21","FreeHardCurrency":"400"},
	{"Season":"^","Rank":"22","Runes":"MAT_MON_T1"},
	{"Season":"^","Rank":"23","XPMaterials":"CAKE_T1_Plains"},
	{"Season":"^","Rank":"24","SocialCurrency":"100"},
	{"Season":"^","Rank":"25","SoftCurrency":"1000","Creatures":"SnuggleTree_Awaken"},
	{"Season":"Season09","EndDate":"10/20/2025","Name":"Ghost Hunter","BannerTexture":"PVP_Season_Wasabi","Rank":"1","FreeHardCurrency":"33000","Creatures":"ChestBurster_Awaken","Cards":"SWAMP_0012","CardBack":"CardBack_26","BlackListLabel":"!!BLACKLISTLABEL","BlackList1":"Angel Of Vanilla","BlackList2":"Sun King","BlackList3":"Pieclops","BlackList4":"Elf Assassin","BlackList5":"Dr.Stuffenstein","BlackList6":" ","BlackList7":" ","BlackList8":" ","SeasonRulesLabel":"!!SEASONRULESLABEL","Rules1":"!!SEASONRULES1","Rules2":"!!SEASONRULES2","RulesUsage":"!!SEASONRULESUSAGE1","RulesUsage2":"!!SEASONRULESUSAGE2","RulesUsage3":"!!SEASONRULESUSAGE3"},
	{"Season":"^","Rank":"2","XPMaterials":"CAKE_T3_Swamp","Runes":"MAT_RND1_T4","GachaKey":"Premium"},
	{"Season":"^","Rank":"3","SocialCurrency":"100","FreeHardCurrency":"5000"},
	{"Season":"^","Rank":"4","SoftCurrency":"1000","Runes":"MAT_RND1_T4"},
	{"Season":"^","Rank":"5","FreeHardCurrency":"3500","Creatures":"ChestBurster_Base","XPMaterials":"CAKE_T2_Swamp"},
	{"Season":"^","Rank":"6","SocialCurrency":"100","Runes":"MAT_RND1_T3"},
	{"Season":"^","Rank":"7","Cards":"SWAMP_0002","SoftCurrency":"1000"},
	{"Season":"^","Rank":"8","FreeHardCurrency":"2500","XPMaterials":"CAKE_T2_Swamp"},
	{"Season":"^","Rank":"9","Runes":"AWK_MAT_BogBanSheAngel_Base","XPMaterials":"CAKE_T2_Swamp"},
	{"Season":"^","Rank":"10","SocialCurrency":"100","Creatures":"ChestBurster_Base"},
	{"Season":"^","Rank":"11","SoftCurrency":"1000","XPMaterials":"CAKE_T3_Swamp"},
	{"Season":"^","Rank":"12","FreeHardCurrency":"200","Runes":"MAT_SUN_T2"},
	{"Season":"^","Rank":"13","FreeHardCurrency":"1300","XPMaterials":"CAKE_T1_Swamp"},
	{"Season":"^","Rank":"14","Cards":"SWAMP_0001","SocialCurrency":"100","Runes":"AWK_MAT_ManWitch_Base"},
	{"Season":"^","Rank":"15","SoftCurrency":"1000","GachaKey":"Premium"},
	{"Season":"^","Rank":"16","FreeHardCurrency":"50"},
	{"Season":"^","Rank":"17","FreeHardCurrency":"900"},
	{"Season":"^","Rank":"18","Creatures":"BaldingMan_Base"},
	{"Season":"^","Rank":"19","XPMaterials":"CAKE_T2_Swamp"},
	{"Season":"^","Rank":"20","Cards":"SWAMP_0004","Runes":"MAT_EVENT1_T1"},
	{"Season":"^","Rank":"21","FreeHardCurrency":"25"},
	{"Season":"^","Rank":"22","Runes":"MAT_FRI_T1"},
	{"Season":"^","Rank":"23","XPMaterials":"CAKE_T1_Swamp"},
	{"Season":"^","Rank":"24","SocialCurrency":"100"},
	{"Season":"^","Rank":"25","SoftCurrency":"1000","Creatures":"SnuggleTree_Awaken"},
	{"Season":"Season10","EndDate":"12/1/2025","Name":"Very Hot Deserts","BannerTexture":"PVP_Season_ToeSalt","Rank":"1","FreeHardCurrency":"24000","Creatures":"GreenPartyOgre_Awaken","Cards":"SAND_0022","CardBack":"CardBack_25","BlackListLabel":"!!BLACKLISTLABEL","BlackList1":"#113 Lady Scarab","BlackList2":"#334 Sgt. Sandwich","BlackList3":"#127 Ninja","BlackList4":"#87 Cactus Boss","BlackList5":"#337 Lt. Lemonade","BlackList6":" ","BlackList7":" ","BlackList8":" ","SeasonRulesLabel":"!!SEASONRULESLABEL","Rules1":"!!SEASONRULES1","Rules2":"!!SEASONRULES2","RulesUsage":"!!SEASONRULESUSAGE1","RulesUsage2":"!!SEASONRULESUSAGE2","RulesUsage3":"!!SEASONRULESUSAGE3"},
	{"Season":"^","Rank":"2","XPMaterials":"CAKE_T3_Sand","Runes":"MAT_RND1_T4","GachaKey":"Premium"},
	{"Season":"^","Rank":"3","SocialCurrency":"100","FreeHardCurrency":"4500"},
	{"Season":"^","Rank":"4","SoftCurrency":"1000","Runes":"AWK_MAT_SandShark_Base"},
	{"Season":"^","Rank":"5","FreeHardCurrency":"3000","Creatures":"BlackCat_Base","XPMaterials":"CAKE_T2_Sand"},
	{"Season":"^","Rank":"6","SocialCurrency":"100","Runes":"MAT_RND1_T3"},
	{"Season":"^","Rank":"7","Cards":"SAND_0002","SoftCurrency":"1000"},
	{"Season":"^","Rank":"8","FreeHardCurrency":"2000","XPMaterials":"CAKE_T2_Sand"},
	{"Season":"^","Rank":"9","Runes":"AWK_MAT_LostGolem_Base","XPMaterials":"CAKE_T2_Sand"},
	{"Season":"^","Rank":"10","SocialCurrency":"100","Creatures":"SandShark_Base"},
	{"Season":"^","Rank":"11","SoftCurrency":"1000","XPMaterials":"CAKE_T3_Sand"},
	{"Season":"^","Rank":"12","FreeHardCurrency":"250","Runes":"MAT_SUN_T2"},
	{"Season":"^","Rank":"13","FreeHardCurrency":"1250","XPMaterials":"CAKE_T1_Sand"},
	{"Season":"^","Rank":"14","Cards":"SAND_0001","SocialCurrency":"100","Runes":"AWK_MAT_BeachMum_Base"},
	{"Season":"^","Rank":"15","SoftCurrency":"1000","GachaKey":"Premium"},
	{"Season":"^","Rank":"16","FreeHardCurrency":"25"},
	{"Season":"^","Rank":"17","FreeHardCurrency":"700"},
	{"Season":"^","Rank":"18","Creatures":"CactusBall_Base"},
	{"Season":"^","Rank":"19","XPMaterials":"CAKE_T2_Sand"},
	{"Season":"^","Rank":"20","Cards":"SAND_0004","Runes":"MAT_EVENT1_T1"},
	{"Season":"^","Rank":"21","FreeHardCurrency":"250"},
	{"Season":"^","Rank":"22","Runes":"MAT_FRI_T1"},
	{"Season":"^","Rank":"23","XPMaterials":"CAKE_T1_Sand"},
	{"Season":"^","Rank":"24","SocialCurrency":"100"},
	{"Season":"^","Rank":"25","SoftCurrency":"1000","Creatures":"SnuggleTree_Awaken"},
	{"Season":"Season11","EndDate":"5/1/2017","Name":"NEED ART","BannerTexture":"PVP_Season_SkullKing","Rank":"1","Creatures":"DrStuffenstein_Base"},
	{"Season":"^","Rank":"2","XPMaterials":"CAKE_T3_Corn","Runes":"MAT_SUN_T4","GachaKey":"Premium"},
	{"Season":"^","Rank":"3","SocialCurrency":"100","FreeHardCurrency":"50","Runes":"AWK_MAT_Batclops_Base"},
	{"Season":"^","Rank":"4","SoftCurrency":"1000","Cards":"CORN_0004","Runes":"MAT_SAT_T4"},
	{"Season":"^","Rank":"5","FreeHardCurrency":"25","Creatures":"FunGuy_Base","XPMaterials":"CAKE_T2_Nice"},
	{"Season":"^","Rank":"6","SocialCurrency":"100","Runes":"MAT_SUN_T3"},
	{"Season":"^","Rank":"7","SoftCurrency":"1000","Runes":"AWK_MAT_PlainJane_Base"},
	{"Season":"^","Rank":"8","FreeHardCurrency":"25","XPMaterials":"CAKE_T2_Plains"},
	{"Season":"^","Rank":"9","Cards":"SAND_0003","XPMaterials":"CAKE_T2_Sand"},
	{"Season":"^","Rank":"10","SocialCurrency":"100","Creatures":"CottonCutie_Base"},
	{"Season":"^","Rank":"11","SoftCurrency":"1000","XPMaterials":"CAKE_T3_Plains"},
	{"Season":"^","Rank":"12","FreeHardCurrency":"10","Runes":"MAT_WED_T2"},
	{"Season":"^","Rank":"13","FreeHardCurrency":"25","XPMaterials":"CAKE_T1_Swamp"},
	{"Season":"^","Rank":"14","SocialCurrency":"100","Runes":"AWK_MAT_AncientScholar_Base"},
	{"Season":"^","Rank":"15","SoftCurrency":"1000","GachaKey":"Premium"},
	{"Season":"^","Rank":"16","Cards":"CORN_0002"},
	{"Season":"^","Rank":"17","FreeHardCurrency":"25"},
	{"Season":"^","Rank":"18","Creatures":"CornWall_Base"},
	{"Season":"^","Rank":"19","XPMaterials":"CAKE_T2_Corn"},
	{"Season":"^","Rank":"20","Runes":"MAT_SUN_T1"},
	{"Season":"^","Rank":"21","FreeHardCurrency":"25"},
	{"Season":"^","Rank":"22","Runes":"MAT_MON_T1"},
	{"Season":"^","Rank":"23","XPMaterials":"CAKE_T1_Corn"},
	{"Season":"^","Rank":"24","SocialCurrency":"100"},
	{"Season":"^","Rank":"25","SoftCurrency":"1000"},
	{"Season":"Season12","EndDate":"6/1/2017","Name":"NEED ART","BannerTexture":"PVP_Season_SkullKing","Rank":"1","Creatures":"ElfMarauder_Base"},
	{"Season":"^","Rank":"2","XPMaterials":"CAKE_T3_Swamp","Runes":"MAT_RND1_T4","GachaKey":"Premium"},
	{"Season":"^","Rank":"3","SocialCurrency":"100","FreeHardCurrency":"50","Runes":"AWK_MAT_ElfChief_Base"},
	{"Season":"^","Rank":"4","SoftCurrency":"1000","Cards":"NICE_0019","Runes":"MAT_EVENT1_T4"},
	{"Season":"^","Rank":"5","FreeHardCurrency":"25","Creatures":"SnakeMint_Base","XPMaterials":"CAKE_T2_Swamp"},
	{"Season":"^","Rank":"6","SocialCurrency":"100","Runes":"MAT_FRI_T3"},
	{"Season":"^","Rank":"7","SoftCurrency":"1000","Runes":"AWK_MAT_Shepard_Base"},
	{"Season":"^","Rank":"8","FreeHardCurrency":"25","XPMaterials":"CAKE_T2_Swamp"},
	{"Season":"^","Rank":"9","Cards":"PLAINS_0003","XPMaterials":"CAKE_T2_Swamp"},
	{"Season":"^","Rank":"10","SocialCurrency":"100","Creatures":"GreenMermaid_Base"},
	{"Season":"^","Rank":"11","SoftCurrency":"1000","XPMaterials":"CAKE_T3_Plains"},
	{"Season":"^","Rank":"12","FreeHardCurrency":"10","Runes":"MAT_THU_T2"},
	{"Season":"^","Rank":"13","FreeHardCurrency":"25","XPMaterials":"CAKE_T1_Plains"},
	{"Season":"^","Rank":"14","SocialCurrency":"100","Runes":"AWK_MAT_WallOfSand_Base"},
	{"Season":"^","Rank":"15","SoftCurrency":"1000","GachaKey":"Premium"},
	{"Season":"^","Rank":"16","Cards":"SAND_0002"},
	{"Season":"^","Rank":"17","FreeHardCurrency":"25"},
	{"Season":"^","Rank":"18","Creatures":"CornEyeBat_Base"},
	{"Season":"^","Rank":"19","XPMaterials":"CAKE_T2_Plains"},
	{"Season":"^","Rank":"20","Runes":"MAT_MON_T1"},
	{"Season":"^","Rank":"21","FreeHardCurrency":"25"},
	{"Season":"^","Rank":"22","Runes":"MAT_SUN_T1"},
	{"Season":"^","Rank":"23","XPMaterials":"CAKE_T1_Corn"},
	{"Season":"^","Rank":"24","SocialCurrency":"100"},
	{"Season":"^","Rank":"25","SoftCurrency":"1000"},
	{"Season":"Season13","EndDate":"7/1/2017","Name":"NEED ART","BannerTexture":"PVP_Season_SkullKing","Rank":"1","Creatures":"EmbarrassingBard_Base"},
	{"Season":"^","Rank":"2","XPMaterials":"CAKE_T3_Corn","Runes":"MAT_MON_T4","GachaKey":"Premium"},
	{"Season":"^","Rank":"3","SocialCurrency":"100","FreeHardCurrency":"50","Runes":"AWK_MAT_Shepard_Base"},
	{"Season":"^","Rank":"4","SoftCurrency":"1000","Cards":"CORN_0004","Runes":"MAT_RND1_T4"},
	{"Season":"^","Rank":"5","FreeHardCurrency":"25","Creatures":"CornWall_Base","XPMaterials":"CAKE_T2_Swamp"},
	{"Season":"^","Rank":"6","SocialCurrency":"100","Runes":"MAT_EVENT1_T3"},
	{"Season":"^","Rank":"7","SoftCurrency":"1000","Runes":"AWK_MAT_Earl_Base"},
	{"Season":"^","Rank":"8","FreeHardCurrency":"25","XPMaterials":"CAKE_T2_Nice"},
	{"Season":"^","Rank":"9","Cards":"CORN_0024","XPMaterials":"CAKE_T2_Nice"},
	{"Season":"^","Rank":"10","SocialCurrency":"100","Creatures":"CottonCutie_Base"},
	{"Season":"^","Rank":"11","SoftCurrency":"1000","XPMaterials":"CAKE_T3_Swamp"},
	{"Season":"^","Rank":"12","FreeHardCurrency":"10","Runes":"MAT_FRI_T2"},
	{"Season":"^","Rank":"13","FreeHardCurrency":"25","XPMaterials":"CAKE_T1_Sand"},
	{"Season":"^","Rank":"14","SocialCurrency":"100","Runes":"AWK_MAT_ExtraordinarySpider_Base"},
	{"Season":"^","Rank":"15","SoftCurrency":"1000","GachaKey":"Premium"},
	{"Season":"^","Rank":"16","Cards":"CORN_0004"},
	{"Season":"^","Rank":"17","FreeHardCurrency":"25"},
	{"Season":"^","Rank":"18","Creatures":"BogFrogBomb_Base"},
	{"Season":"^","Rank":"19","XPMaterials":"CAKE_T2_Swamp"},
	{"Season":"^","Rank":"20","Runes":"MAT_SUN_T1"},
	{"Season":"^","Rank":"21","FreeHardCurrency":"25"},
	{"Season":"^","Rank":"22","Runes":"MAT_WED_T1"},
	{"Season":"^","Rank":"23","XPMaterials":"CAKE_T1_Corn"},
	{"Season":"^","Rank":"24","SocialCurrency":"100"},
	{"Season":"^","Rank":"25","SoftCurrency":"1000"},
	{"Season":"Season14","EndDate":"8/1/2017","Name":"NEED ART","BannerTexture":"PVP_Season_SkullKing","Rank":"1","Creatures":"EyeGuy_Base"},
	{"Season":"^","Rank":"2","XPMaterials":"CAKE_T3_Plains","Runes":"MAT_SAT_T4","GachaKey":"Premium"},
	{"Season":"^","Rank":"3","SocialCurrency":"100","FreeHardCurrency":"50","Runes":"AWK_MAT_GreenMermaid_Base"},
	{"Season":"^","Rank":"4","SoftCurrency":"1000","Cards":"SAND_0017","Runes":"MAT_THU_T4"},
	{"Season":"^","Rank":"5","FreeHardCurrency":"25","Creatures":"SoftEyeling_Base","XPMaterials":"CAKE_T2_Corn"},
	{"Season":"^","Rank":"6","SocialCurrency":"100","Runes":"MAT_TUE_T3"},
	{"Season":"^","Rank":"7","SoftCurrency":"1000","Runes":"AWK_MAT_MaiseWalker_Base"},
	{"Season":"^","Rank":"8","FreeHardCurrency":"25","XPMaterials":"CAKE_T2_Sand"},
	{"Season":"^","Rank":"9","Cards":"PLAINS_0004","XPMaterials":"CAKE_T2_Corn"},
	{"Season":"^","Rank":"10","SocialCurrency":"100","Creatures":"GreenMermaid_Base"},
	{"Season":"^","Rank":"11","SoftCurrency":"1000","XPMaterials":"CAKE_T3_Swamp"},
	{"Season":"^","Rank":"12","FreeHardCurrency":"10","Runes":"MAT_SUN_T2"},
	{"Season":"^","Rank":"13","FreeHardCurrency":"25","XPMaterials":"CAKE_T1_Plains"},
	{"Season":"^","Rank":"14","SocialCurrency":"100","Runes":"AWK_MAT_PlainJane_Base"},
	{"Season":"^","Rank":"15","SoftCurrency":"1000","GachaKey":"Premium"},
	{"Season":"^","Rank":"16","Cards":"SWAMP_0002"},
	{"Season":"^","Rank":"17","FreeHardCurrency":"25"},
	{"Season":"^","Rank":"18","Creatures":"CornEyeBat_Base"},
	{"Season":"^","Rank":"19","XPMaterials":"CAKE_T2_Corn"},
	{"Season":"^","Rank":"20","Runes":"MAT_TUE_T1"},
	{"Season":"^","Rank":"21","FreeHardCurrency":"25"},
	{"Season":"^","Rank":"22","Runes":"MAT_FRI_T1"},
	{"Season":"^","Rank":"23","XPMaterials":"CAKE_T1_Sand"},
	{"Season":"^","Rank":"24","SocialCurrency":"100"},
	{"Season":"^","Rank":"25","SoftCurrency":"1000"},
	{"Season":"Season15","EndDate":"9/1/2017","Name":"NEED ART","BannerTexture":"PVP_Season_SkullKing","Rank":"1","Creatures":"FarmerTom_Base"},
	{"Season":"^","Rank":"2","XPMaterials":"CAKE_T3_Corn","Runes":"MAT_SUN_T4","GachaKey":"Premium"},
	{"Season":"^","Rank":"3","SocialCurrency":"100","FreeHardCurrency":"50","Runes":"AWK_MAT_SwampyTire_Base"},
	{"Season":"^","Rank":"4","SoftCurrency":"1000","Cards":"CORN_0024","Runes":"MAT_WED_T4"},
	{"Season":"^","Rank":"5","FreeHardCurrency":"25","Creatures":"FunGuy_Base","XPMaterials":"CAKE_T2_Swamp"},
	{"Season":"^","Rank":"6","SocialCurrency":"100","Runes":"MAT_TUE_T3"},
	{"Season":"^","Rank":"7","SoftCurrency":"1000","Runes":"AWK_MAT_KingFluff_Base"},
	{"Season":"^","Rank":"8","FreeHardCurrency":"25","XPMaterials":"CAKE_T2_Sand"},
	{"Season":"^","Rank":"9","Cards":"PLAINS_0026","XPMaterials":"CAKE_T2_Plains"},
	{"Season":"^","Rank":"10","SocialCurrency":"100","Creatures":"ShamanWoad_Base"},
	{"Season":"^","Rank":"11","SoftCurrency":"1000","XPMaterials":"CAKE_T3_Plains"},
	{"Season":"^","Rank":"12","FreeHardCurrency":"10","Runes":"MAT_SAT_T2"},
	{"Season":"^","Rank":"13","FreeHardCurrency":"25","XPMaterials":"CAKE_T1_Sand"},
	{"Season":"^","Rank":"14","SocialCurrency":"100","Runes":"AWK_MAT_DrDeath_Base"},
	{"Season":"^","Rank":"15","SoftCurrency":"1000","GachaKey":"Premium"},
	{"Season":"^","Rank":"16","Cards":"SWAMP_0005"},
	{"Season":"^","Rank":"17","FreeHardCurrency":"25"},
	{"Season":"^","Rank":"18","Creatures":"CornBall_Base"},
	{"Season":"^","Rank":"19","XPMaterials":"CAKE_T2_Corn"},
	{"Season":"^","Rank":"20","Runes":"MAT_MON_T1"},
	{"Season":"^","Rank":"21","FreeHardCurrency":"25"},
	{"Season":"^","Rank":"22","Runes":"MAT_SUN_T1"},
	{"Season":"^","Rank":"23","XPMaterials":"CAKE_T1_Swamp"},
	{"Season":"^","Rank":"24","SocialCurrency":"100"},
	{"Season":"^","Rank":"25","SoftCurrency":"1000"},
	{"Season":"Season16","EndDate":"10/1/2017","Name":"NEED ART","BannerTexture":"PVP_Season_SkullKing","Rank":"1","Creatures":"RainbowBarfer_Base"},
	{"Season":"^","Rank":"2","XPMaterials":"CAKE_T3_Nice","Runes":"MAT_SAT_T4","GachaKey":"Premium"},
	{"Season":"^","Rank":"3","SocialCurrency":"100","FreeHardCurrency":"50","Runes":"AWK_MAT_KnifeKite_Base"},
	{"Season":"^","Rank":"4","SoftCurrency":"1000","Cards":"NICE_0027","Runes":"MAT_WED_T4"},
	{"Season":"^","Rank":"5","FreeHardCurrency":"25","Creatures":"CottonCutie_Base","XPMaterials":"CAKE_T2_Nice"},
	{"Season":"^","Rank":"6","SocialCurrency":"100","Runes":"MAT_WED_T3"},
	{"Season":"^","Rank":"7","SoftCurrency":"1000","Runes":"AWK_MAT_PirateBear_Base"},
	{"Season":"^","Rank":"8","FreeHardCurrency":"25","XPMaterials":"CAKE_T2_Swamp"},
	{"Season":"^","Rank":"9","Cards":"SAND_0017","XPMaterials":"CAKE_T2_Corn"},
	{"Season":"^","Rank":"10","SocialCurrency":"100","Creatures":"SoftEyeling_Base"},
	{"Season":"^","Rank":"11","SoftCurrency":"1000","XPMaterials":"CAKE_T3_Swamp"},
	{"Season":"^","Rank":"12","FreeHardCurrency":"10","Runes":"MAT_SUN_T2"},
	{"Season":"^","Rank":"13","FreeHardCurrency":"25","XPMaterials":"CAKE_T1_Plains"},
	{"Season":"^","Rank":"14","SocialCurrency":"100","Runes":"AWK_MAT_HeartAngel_Base"},
	{"Season":"^","Rank":"15","SoftCurrency":"1000","GachaKey":"Premium"},
	{"Season":"^","Rank":"16","Cards":"PLAINS_0004"},
	{"Season":"^","Rank":"17","FreeHardCurrency":"25"},
	{"Season":"^","Rank":"18","Creatures":"CoolDog_Base"},
	{"Season":"^","Rank":"19","XPMaterials":"CAKE_T2_Corn"},
	{"Season":"^","Rank":"20","Runes":"MAT_SAT_T1"},
	{"Season":"^","Rank":"21","FreeHardCurrency":"25"},
	{"Season":"^","Rank":"22","Runes":"MAT_SUN_T1"},
	{"Season":"^","Rank":"23","XPMaterials":"CAKE_T1_Sand"},
	{"Season":"^","Rank":"24","SocialCurrency":"100"},
	{"Season":"^","Rank":"25","SoftCurrency":"1000"},
	{"Season":"Season17","EndDate":"11/1/2017","Name":"NEED ART","BannerTexture":"PVP_Season_SkullKing","Rank":"1","Creatures":"SackOfPain_Base"},
	{"Season":"^","Rank":"2","XPMaterials":"CAKE_T3_Sand","Runes":"MAT_FRI_T4","GachaKey":"Premium"},
	{"Season":"^","Rank":"3","SocialCurrency":"100","FreeHardCurrency":"50","Runes":"AWK_MAT_HeartAngel_Base"},
	{"Season":"^","Rank":"4","SoftCurrency":"1000","Cards":"SAND_0003","Runes":"MAT_EVENT1_T4"},
	{"Season":"^","Rank":"5","FreeHardCurrency":"25","Creatures":"MsMummy_Base","XPMaterials":"CAKE_T2_Swamp"},
	{"Season":"^","Rank":"6","SocialCurrency":"100","Runes":"MAT_RND1_T3"},
	{"Season":"^","Rank":"7","SoftCurrency":"1000","Runes":"AWK_MAT_Earl_Base"},
	{"Season":"^","Rank":"8","FreeHardCurrency":"25","XPMaterials":"CAKE_T2_Nice"},
	{"Season":"^","Rank":"9","Cards":"SAND_0002","XPMaterials":"CAKE_T2_Swamp"},
	{"Season":"^","Rank":"10","SocialCurrency":"100","Creatures":"SnakeMint_Base"},
	{"Season":"^","Rank":"11","SoftCurrency":"1000","XPMaterials":"CAKE_T3_Sand"},
	{"Season":"^","Rank":"12","FreeHardCurrency":"10","Runes":"MAT_EVENT1_T2"},
	{"Season":"^","Rank":"13","FreeHardCurrency":"25","XPMaterials":"CAKE_T1_Plains"},
	{"Season":"^","Rank":"14","SocialCurrency":"100","Runes":"AWK_MAT_DrDeath_Base"},
	{"Season":"^","Rank":"15","SoftCurrency":"1000","GachaKey":"Premium"},
	{"Season":"^","Rank":"16","Cards":"CORN_0006"},
	{"Season":"^","Rank":"17","FreeHardCurrency":"25"},
	{"Season":"^","Rank":"18","Creatures":"CornEyeBat_Base"},
	{"Season":"^","Rank":"19","XPMaterials":"CAKE_T2_Swamp"},
	{"Season":"^","Rank":"20","Runes":"MAT_RND1_T1"},
	{"Season":"^","Rank":"21","FreeHardCurrency":"25"},
	{"Season":"^","Rank":"22","Runes":"MAT_FRI_T1"},
	{"Season":"^","Rank":"23","XPMaterials":"CAKE_T1_Corn"},
	{"Season":"^","Rank":"24","SocialCurrency":"100"},
	{"Season":"^","Rank":"25","SoftCurrency":"1000"},
	{"Season":"Season18","EndDate":"12/1/2017","Name":"NEED ART","BannerTexture":"PVP_Season_SkullKing","Rank":"1","Creatures":"SandEyeBat_Base"},
	{"Season":"^","Rank":"2","XPMaterials":"CAKE_T3_Plains","Runes":"MAT_THU_T4","GachaKey":"Premium"},
	{"Season":"^","Rank":"3","SocialCurrency":"100","FreeHardCurrency":"50","Runes":"AWK_MAT_Shepard_Base"},
	{"Season":"^","Rank":"4","SoftCurrency":"1000","Cards":"NICE_0028","Runes":"MAT_RND1_T4"},
	{"Season":"^","Rank":"5","FreeHardCurrency":"25","Creatures":"ManowarElf_Base","XPMaterials":"CAKE_T2_Plains"},
	{"Season":"^","Rank":"6","SocialCurrency":"100","Runes":"MAT_EVENT1_T3"},
	{"Season":"^","Rank":"7","SoftCurrency":"1000","Runes":"AWK_MAT_Pig_Base"},
	{"Season":"^","Rank":"8","FreeHardCurrency":"25","XPMaterials":"CAKE_T2_Corn"},
	{"Season":"^","Rank":"9","Cards":"CORN_0002","XPMaterials":"CAKE_T2_Swamp"},
	{"Season":"^","Rank":"10","SocialCurrency":"100","Creatures":"CornDog_Base"},
	{"Season":"^","Rank":"11","SoftCurrency":"1000","XPMaterials":"CAKE_T3_Corn"},
	{"Season":"^","Rank":"12","FreeHardCurrency":"10","Runes":"MAT_SAT_T2"},
	{"Season":"^","Rank":"13","FreeHardCurrency":"25","XPMaterials":"CAKE_T1_Corn"},
	{"Season":"^","Rank":"14","SocialCurrency":"100","Runes":"AWK_MAT_SoftRock_Base"},
	{"Season":"^","Rank":"15","SoftCurrency":"1000","GachaKey":"Premium"},
	{"Season":"^","Rank":"16","Cards":"SWAMP_0031"},
	{"Season":"^","Rank":"17","FreeHardCurrency":"25"},
	{"Season":"^","Rank":"18","Creatures":"Fluffantry_Base"},
	{"Season":"^","Rank":"19","XPMaterials":"CAKE_T2_Sand"},
	{"Season":"^","Rank":"20","Runes":"MAT_WED_T1"},
	{"Season":"^","Rank":"21","FreeHardCurrency":"25"},
	{"Season":"^","Rank":"22","Runes":"MAT_WED_T1"},
	{"Season":"^","Rank":"23","XPMaterials":"CAKE_T1_Sand"},
	{"Season":"^","Rank":"24","SocialCurrency":"100"},
	{"Season":"^","Rank":"25","SoftCurrency":"1000"}
]
