[
	{"QuestID":"1","League":"League1","LevelName":"!!QUEST_1_NAME","Opponent":"Leader_JakeKing","SetLoadout":"MAIN_L1_Q1","LevelPrefab":"Inn_BG","BoardPrefab":"GameBoard_TreeFort","PortraitBg":"TreeFort","VSIcon":"Icon_VS_Forest","BGM":"Music_TreeHouse","XP":"20","Stamina":"1"},
	{"QuestID":"2","LevelName":"!!QUEST_2_NAME","Opponent":"Leader_JakeKing","SetLoadout":"MAIN_L1_Q2","LevelPrefab":"Inn_BG","BoardPrefab":"GameBoard_TreeFort","PortraitBg":"TreeFort","VSIcon":"Icon_VS_Forest","BGM":"Music_TreeHouse","XP":"79","Stamina":"1","CustomAI":"Quest_002"},
	{"QuestID":"3","League":"League2","LevelName":"!!QUEST_3_NAME","Opponent":"Leader_Finn","SetLoadout":"MAIN_L2_Q1","LevelPrefab":"Badlands_BG","BoardPrefab":"GameBoard_Badlands","PortraitBg":"Badlands","VSIcon":"Icon_VS_Forest","BGM":"Music_Badlands","XP":"162","Stamina":"2"},
	{"QuestID":"4","LevelName":"!!QUEST_4_NAME","Opponent":"Leader_Finn","SetLoadout":"MAIN_L2_Q2","LevelPrefab":"Badlands_BG","BoardPrefab":"GameBoard_Badlands","PortraitBg":"Badlands","VSIcon":"Icon_VS_Forest","BGM":"Music_Badlands","XP":"264","Stamina":"2"},
	{"QuestID":"5","LevelName":"!!QUEST_5_NAME","Opponent":"Leader_Finn","SetLoadout":"MAIN_L2_Q3","LevelPrefab":"Badlands_BG","BoardPrefab":"GameBoard_Badlands","PortraitBg":"Badlands","VSIcon":"Icon_VS_Forest","BGM":"Music_Badlands","XP":"264","Stamina":"2"},
	{"QuestID":"6","LevelName":"!!QUEST_6_NAME","Opponent":"Leader_Finn","SetLoadout":"MAIN_L2_Q4","LevelPrefab":"Badlands_BG","BoardPrefab":"GameBoard_Badlands","PortraitBg":"Badlands","VSIcon":"Icon_VS_Forest","BGM":"Music_Badlands","XP":"264","Stamina":"2"},
	{"QuestID":"7","LevelName":"!!QUEST_7_NAME","Opponent":"Leader_Finn","SetLoadout":"MAIN_L2_Q5","LevelPrefab":"Badlands_BG","BoardPrefab":"GameBoard_Badlands","PortraitBg":"Badlands","VSIcon":"Icon_VS_Forest","BGM":"Music_Badlands","XP":"382","Stamina":"3"},
	{"QuestID":"8","League":"League3","LevelName":"!!QUEST_8_NAME","Opponent":"Leader_PrincessBubblegum","SetLoadout":"MAIN_L3_Q1","LevelPrefab":"CandyKingdom_BG","BoardPrefab":"GameBoard_CandyKingdom","PortraitBg":"CandyKingdom","VSIcon":"Icon_VS_Forest","BGM":"Music_CandyKingdom","XP":"514","Stamina":"3"},
	{"QuestID":"9","LevelName":"!!QUEST_9_NAME","Opponent":"Leader_PrincessBubblegum","SetLoadout":"MAIN_L3_Q2","LevelPrefab":"CandyKingdom_BG","BoardPrefab":"GameBoard_CandyKingdom","PortraitBg":"CandyKingdom","VSIcon":"Icon_VS_Forest","BGM":"Music_CandyKingdom","XP":"659","Stamina":"3"},
	{"QuestID":"10","LevelName":"!!QUEST_10_NAME","Opponent":"Leader_PrincessBubblegum","SetLoadout":"MAIN_L3_Q3","LevelPrefab":"CandyKingdom_BG","BoardPrefab":"GameBoard_CandyKingdom","PortraitBg":"CandyKingdom","VSIcon":"Icon_VS_Forest","BGM":"Music_CandyKingdom","XP":"659","Stamina":"3"},
	{"QuestID":"11","LevelName":"!!QUEST_11_NAME","Opponent":"Leader_PrincessBubblegum","SetLoadout":"MAIN_L3_Q4","LevelPrefab":"CandyKingdom_BG","BoardPrefab":"GameBoard_CandyKingdom","PortraitBg":"CandyKingdom","VSIcon":"Icon_VS_Forest","BGM":"Music_CandyKingdom","XP":"659","Stamina":"3"},
	{"QuestID":"12","LevelName":"!!QUEST_12_NAME","Opponent":"Leader_PrincessBubblegum","SetLoadout":"MAIN_L3_Q5","LevelPrefab":"CandyKingdom_BG","BoardPrefab":"GameBoard_CandyKingdom","PortraitBg":"CandyKingdom","VSIcon":"Icon_VS_Forest","BGM":"Music_CandyKingdom","XP":"816","Stamina":"5"},
	{"QuestID":"13","League":"League4","LevelName":"!!QUEST_13_NAME","Opponent":"Leader_Marceline","SetLoadout":"MAIN_L4_Q1","LevelPrefab":"MarcelinesCave_BG","BoardPrefab":"GameBoard_MarcelinesCave","PortraitBg":"MarcelinesCave","VSIcon":"Icon_VS_Forest","BGM":"Music_MarcelinesCave","XP":"983","Stamina":"4"},
	{"QuestID":"14","LevelName":"!!QUEST_14_NAME","Opponent":"Leader_Marceline","SetLoadout":"MAIN_L4_Q2","LevelPrefab":"MarcelinesCave_BG","BoardPrefab":"GameBoard_MarcelinesCave","PortraitBg":"MarcelinesCave","VSIcon":"Icon_VS_Forest","BGM":"Music_MarcelinesCave","XP":"1160","Stamina":"4"},
	{"QuestID":"15","LevelName":"!!QUEST_15_NAME","Opponent":"Leader_Marceline","SetLoadout":"MAIN_L4_Q3","LevelPrefab":"MarcelinesCave_BG","BoardPrefab":"GameBoard_MarcelinesCave","PortraitBg":"MarcelinesCave","VSIcon":"Icon_VS_Forest","BGM":"Music_MarcelinesCave","XP":"1160","Stamina":"4"},
	{"QuestID":"16","LevelName":"!!QUEST_16_NAME","Opponent":"Leader_Marceline","SetLoadout":"MAIN_L4_Q4","LevelPrefab":"MarcelinesCave_BG","BoardPrefab":"GameBoard_MarcelinesCave","PortraitBg":"MarcelinesCave","VSIcon":"Icon_VS_Forest","BGM":"Music_MarcelinesCave","XP":"1160","Stamina":"4"},
	{"QuestID":"17","LevelName":"!!QUEST_17_NAME","Opponent":"Leader_Marceline","SetLoadout":"MAIN_L4_Q5","LevelPrefab":"MarcelinesCave_BG","BoardPrefab":"GameBoard_MarcelinesCave","PortraitBg":"MarcelinesCave","VSIcon":"Icon_VS_Forest","BGM":"Music_MarcelinesCave","XP":"1347","Stamina":"6"},
	{"QuestID":"18","League":"League5","LevelName":"!!QUEST_18_NAME","Opponent":"Leader_FlamePrincess","SetLoadout":"MAIN_L5_Q1","LevelPrefab":"FireKingdom_BG","BoardPrefab":"GameBoard_FireKingdom","PortraitBg":"FireKingdom","VSIcon":"Icon_VS_Forest","BGM":"Music_FireKingdom","XP":"1543","Stamina":"5"},
	{"QuestID":"19","LevelName":"!!QUEST_19_NAME","Opponent":"Leader_FlamePrincess","SetLoadout":"MAIN_L5_Q2","LevelPrefab":"FireKingdom_BG","BoardPrefab":"GameBoard_FireKingdom","PortraitBg":"FireKingdom","VSIcon":"Icon_VS_Forest","BGM":"Music_FireKingdom","XP":"1749","Stamina":"5"},
	{"QuestID":"20","LevelName":"!!QUEST_20_NAME","Opponent":"Leader_FlamePrincess","SetLoadout":"MAIN_L5_Q3","LevelPrefab":"FireKingdom_BG","BoardPrefab":"GameBoard_FireKingdom","PortraitBg":"FireKingdom","VSIcon":"Icon_VS_Forest","BGM":"Music_FireKingdom","XP":"1749","Stamina":"5"},
	{"QuestID":"21","LevelName":"!!QUEST_21_NAME","Opponent":"Leader_FlamePrincess","SetLoadout":"MAIN_L5_Q4","LevelPrefab":"FireKingdom_BG","BoardPrefab":"GameBoard_FireKingdom","PortraitBg":"FireKingdom","VSIcon":"Icon_VS_Forest","BGM":"Music_FireKingdom","XP":"1749","Stamina":"5"},
	{"QuestID":"22","LevelName":"!!QUEST_22_NAME","Opponent":"Leader_FlamePrincess","SetLoadout":"MAIN_L5_Q5","LevelPrefab":"FireKingdom_BG","BoardPrefab":"GameBoard_FireKingdom","PortraitBg":"FireKingdom","VSIcon":"Icon_VS_Forest","BGM":"Music_FireKingdom","XP":"1961","Stamina":"7"},
	{"QuestID":"23","League":"League6","LevelName":"!!QUEST_23_NAME","Opponent":"Leader_LumpySpacePrincess","SetLoadout":"MAIN_L6_Q1","LevelPrefab":"LumpySpace_BG","BoardPrefab":"GameBoard_LumpySpace","PortraitBg":"LumpySpace","VSIcon":"Icon_VS_Forest","BGM":"Music_LumpySpace","XP":"2335.29","Stamina":"6"},
	{"QuestID":"24","LevelName":"!!QUEST_24_NAME","Opponent":"Leader_LumpySpacePrincess","SetLoadout":"MAIN_L6_Q2","LevelPrefab":"LumpySpace_BG","BoardPrefab":"GameBoard_LumpySpace","PortraitBg":"LumpySpace","VSIcon":"Icon_VS_Forest","BGM":"Music_LumpySpace","XP":"2345.76","Stamina":"6"},
	{"QuestID":"25","LevelName":"!!QUEST_25_NAME","Opponent":"Leader_LumpySpacePrincess","SetLoadout":"MAIN_L6_Q3","LevelPrefab":"LumpySpace_BG","BoardPrefab":"GameBoard_LumpySpace","PortraitBg":"LumpySpace","VSIcon":"Icon_VS_Forest","BGM":"Music_LumpySpace","XP":"2356.25","Stamina":"6"},
	{"QuestID":"26","LevelName":"!!QUEST_26_NAME","Opponent":"Leader_LumpySpacePrincess","SetLoadout":"MAIN_L6_Q4","LevelPrefab":"LumpySpace_BG","BoardPrefab":"GameBoard_LumpySpace","PortraitBg":"LumpySpace","VSIcon":"Icon_VS_Forest","BGM":"Music_LumpySpace","XP":"2366.76","Stamina":"6"},
	{"QuestID":"27","LevelName":"!!QUEST_27_NAME","Opponent":"Leader_LumpySpacePrincess","SetLoadout":"MAIN_L6_Q5","LevelPrefab":"LumpySpace_BG","BoardPrefab":"GameBoard_LumpySpace","PortraitBg":"LumpySpace","VSIcon":"Icon_VS_Forest","BGM":"Music_LumpySpace","XP":"3031.29","Stamina":"8"},
	{"QuestID":"28","League":"League7","LevelName":"!!QUEST_28_NAME","Opponent":"Leader_GrandPrixe","SetLoadout":"MAIN_L7_Q1","LevelPrefab":"OilRig_BG","BoardPrefab":"GameBoard_OilRig","PortraitBg":"OilRig","VSIcon":"Icon_VS_Forest","BGM":"Music_OilRig","XP":"2387.84","Stamina":"6"},
	{"QuestID":"29","LevelName":"!!QUEST_29_NAME","Opponent":"Leader_GrandPrixe","SetLoadout":"MAIN_L7_Q2","LevelPrefab":"OilRig_BG","BoardPrefab":"GameBoard_OilRig","PortraitBg":"OilRig","VSIcon":"Icon_VS_Forest","BGM":"Music_OilRig","XP":"2398.41","Stamina":"6"},
	{"QuestID":"30","LevelName":"!!QUEST_30_NAME","Opponent":"Leader_GrandPrixe","SetLoadout":"MAIN_L7_Q3","LevelPrefab":"OilRig_BG","BoardPrefab":"GameBoard_OilRig","PortraitBg":"OilRig","VSIcon":"Icon_VS_Forest","BGM":"Music_OilRig","XP":"2409","Stamina":"6"},
	{"QuestID":"31","LevelName":"!!QUEST_31_NAME","Opponent":"Leader_GrandPrixe","SetLoadout":"MAIN_L7_Q4","LevelPrefab":"OilRig_BG","BoardPrefab":"GameBoard_OilRig","PortraitBg":"OilRig","VSIcon":"Icon_VS_Forest","BGM":"Music_OilRig","XP":"2750.61","Stamina":"7"},
	{"QuestID":"32","LevelName":"!!QUEST_32_NAME","Opponent":"Leader_GrandPrixe","SetLoadout":"MAIN_L7_Q5","LevelPrefab":"OilRig_BG","BoardPrefab":"GameBoard_OilRig","PortraitBg":"OilRig","VSIcon":"Icon_VS_Forest","BGM":"Music_OilRig","XP":"2762.24","Stamina":"7"},
	{"QuestID":"33","LevelName":"!!QUEST_33_NAME","Opponent":"Leader_GrandPrixe","SetLoadout":"MAIN_L7_Q6","LevelPrefab":"OilRig_BG","BoardPrefab":"GameBoard_OilRig","PortraitBg":"OilRig","VSIcon":"Icon_VS_Forest","BGM":"Music_OilRig","XP":"2773.89","Stamina":"7"},
	{"QuestID":"34","LevelName":"!!QUEST_34_NAME","Opponent":"Leader_GrandPrixe","SetLoadout":"MAIN_L7_Q7","LevelPrefab":"OilRig_BG","BoardPrefab":"GameBoard_OilRig","PortraitBg":"OilRig","VSIcon":"Icon_VS_Forest","BGM":"Music_OilRig","XP":"3787.56","Stamina":"10"},
	{"QuestID":"35","League":"League8","LevelName":"!!QUEST_35_NAME","Opponent":"Leader_JakeKing","SetLoadout":"MAIN_L8_Q1","LevelPrefab":"Inn_BG","BoardPrefab":"GameBoard_TreeFort","PortraitBg":"TreeFort","VSIcon":"Icon_VS_Forest","BGM":"Music_TreeHouse","XP":"2797.25","Stamina":"7"},
	{"QuestID":"36","LevelName":"!!QUEST_36_NAME","Opponent":"Leader_JakeKing","SetLoadout":"MAIN_L8_Q2","LevelPrefab":"Inn_BG","BoardPrefab":"GameBoard_TreeFort","PortraitBg":"TreeFort","VSIcon":"Icon_VS_Forest","BGM":"Music_TreeHouse","XP":"2808.96","Stamina":"7"},
	{"QuestID":"37","LevelName":"!!QUEST_37_NAME","Opponent":"Leader_JakeKing","SetLoadout":"MAIN_L8_Q3","LevelPrefab":"Inn_BG","BoardPrefab":"GameBoard_TreeFort","PortraitBg":"TreeFort","VSIcon":"Icon_VS_Forest","BGM":"Music_TreeHouse","XP":"2820.69","Stamina":"7"},
	{"QuestID":"38","LevelName":"!!QUEST_38_NAME","Opponent":"Leader_JakeKing","SetLoadout":"MAIN_L8_Q4","LevelPrefab":"Inn_BG","BoardPrefab":"GameBoard_TreeFort","PortraitBg":"TreeFort","VSIcon":"Icon_VS_Forest","BGM":"Music_TreeHouse","XP":"2832.44","Stamina":"7"},
	{"QuestID":"39","LevelName":"!!QUEST_39_NAME","Opponent":"Leader_JakeKing","SetLoadout":"MAIN_L8_Q5","LevelPrefab":"Inn_BG","BoardPrefab":"GameBoard_TreeFort","PortraitBg":"TreeFort","VSIcon":"Icon_VS_Forest","BGM":"Music_TreeHouse","XP":"2844.21","Stamina":"7"},
	{"QuestID":"40","LevelName":"!!QUEST_40_NAME","Opponent":"Leader_JakeKing","SetLoadout":"MAIN_L8_Q6","LevelPrefab":"Inn_BG","BoardPrefab":"GameBoard_TreeFort","PortraitBg":"TreeFort","VSIcon":"Icon_VS_Forest","BGM":"Music_TreeHouse","XP":"2856","Stamina":"7"},
	{"QuestID":"41","LevelName":"!!QUEST_41_NAME","Opponent":"Leader_JakeKing","SetLoadout":"MAIN_L8_Q7","LevelPrefab":"Inn_BG","BoardPrefab":"GameBoard_TreeFort","PortraitBg":"TreeFort","VSIcon":"Icon_VS_Forest","BGM":"Music_TreeHouse","XP":"3549.81","Stamina":"9"},
	{"QuestID":"42","League":"League9","LevelName":"!!QUEST_42_NAME","Opponent":"Leader_FinnDavey","SetLoadout":"MAIN_L9_Q1","LevelPrefab":"Badlands_BG","BoardPrefab":"GameBoard_Badlands","PortraitBg":"Badlands","VSIcon":"Icon_VS_Forest","BGM":"Music_Badlands","XP":"3221.64","Stamina":"8"},
	{"QuestID":"43","LevelName":"!!QUEST_43_NAME","Opponent":"Leader_FinnDavey","SetLoadout":"MAIN_L9_Q2","LevelPrefab":"Badlands_BG","BoardPrefab":"GameBoard_Badlands","PortraitBg":"Badlands","VSIcon":"Icon_VS_Forest","BGM":"Music_Badlands","XP":"3234.49","Stamina":"8"},
	{"QuestID":"44","LevelName":"!!QUEST_44_NAME","Opponent":"Leader_FinnDavey","SetLoadout":"MAIN_L9_Q3","LevelPrefab":"Badlands_BG","BoardPrefab":"GameBoard_Badlands","PortraitBg":"Badlands","VSIcon":"Icon_VS_Forest","BGM":"Music_Badlands","XP":"3247.36","Stamina":"8"},
	{"QuestID":"45","LevelName":"!!QUEST_45_NAME","Opponent":"Leader_FinnDavey","SetLoadout":"MAIN_L9_Q4","LevelPrefab":"Badlands_BG","BoardPrefab":"GameBoard_Badlands","PortraitBg":"Badlands","VSIcon":"Icon_VS_Forest","BGM":"Music_Badlands","XP":"3260.25","Stamina":"8"},
	{"QuestID":"46","LevelName":"!!QUEST_46_NAME","Opponent":"Leader_FinnDavey","SetLoadout":"MAIN_L9_Q5","LevelPrefab":"Badlands_BG","BoardPrefab":"GameBoard_Badlands","PortraitBg":"Badlands","VSIcon":"Icon_VS_Forest","BGM":"Music_Badlands","XP":"3273.16","Stamina":"8"},
	{"QuestID":"47","LevelName":"!!QUEST_47_NAME","Opponent":"Leader_FinnDavey","SetLoadout":"MAIN_L9_Q6","LevelPrefab":"Badlands_BG","BoardPrefab":"GameBoard_Badlands","PortraitBg":"Badlands","VSIcon":"Icon_VS_Forest","BGM":"Music_Badlands","XP":"3286.09","Stamina":"8"},
	{"QuestID":"48","LevelName":"!!QUEST_48_NAME","Opponent":"Leader_FinnDavey","SetLoadout":"MAIN_L9_Q7","LevelPrefab":"Badlands_BG","BoardPrefab":"GameBoard_Badlands","PortraitBg":"Badlands","VSIcon":"Icon_VS_Forest","BGM":"Music_Badlands","XP":"3995.04","Stamina":"10"},
	{"QuestID":"49","League":"League10","LevelName":"!!QUEST_49_NAME","Opponent":"Leader_Marceline_Stakes","SetLoadout":"MAIN_L10_Q1","LevelPrefab":"MarcelinesCave_BG","BoardPrefab":"GameBoard_MarcelinesCave","PortraitBg":"MarcelinesCave","VSIcon":"Icon_VS_Forest","BGM":"Music_MarcelinesCave","XP":"3661.01","Stamina":"9"},
	{"QuestID":"50","LevelName":"!!QUEST_50_NAME","Opponent":"Leader_Marceline_Stakes","SetLoadout":"MAIN_L10_Q2","LevelPrefab":"MarcelinesCave_BG","BoardPrefab":"GameBoard_MarcelinesCave","PortraitBg":"MarcelinesCave","VSIcon":"Icon_VS_Forest","BGM":"Music_MarcelinesCave","XP":"3675","Stamina":"9"},
	{"QuestID":"51","LevelName":"!!QUEST_51_NAME","Opponent":"Leader_Marceline_Stakes","SetLoadout":"MAIN_L10_Q3","LevelPrefab":"MarcelinesCave_BG","BoardPrefab":"GameBoard_MarcelinesCave","PortraitBg":"MarcelinesCave","VSIcon":"Icon_VS_Forest","BGM":"Music_MarcelinesCave","XP":"3689.01","Stamina":"9"},
	{"QuestID":"52","LevelName":"!!QUEST_52_NAME","Opponent":"Leader_Marceline_Stakes","SetLoadout":"MAIN_L10_Q4","LevelPrefab":"MarcelinesCave_BG","BoardPrefab":"GameBoard_MarcelinesCave","PortraitBg":"MarcelinesCave","VSIcon":"Icon_VS_Forest","BGM":"Music_MarcelinesCave","XP":"3703.04","Stamina":"9"},
	{"QuestID":"53","LevelName":"!!QUEST_53_NAME","Opponent":"Leader_Marceline_Stakes","SetLoadout":"MAIN_L10_Q5","LevelPrefab":"MarcelinesCave_BG","BoardPrefab":"GameBoard_MarcelinesCave","PortraitBg":"MarcelinesCave","VSIcon":"Icon_VS_Forest","BGM":"Music_MarcelinesCave","XP":"3717.09","Stamina":"9"},
	{"QuestID":"54","LevelName":"!!QUEST_54_NAME","Opponent":"Leader_Marceline_Stakes","SetLoadout":"MAIN_L10_Q6","LevelPrefab":"MarcelinesCave_BG","BoardPrefab":"GameBoard_MarcelinesCave","PortraitBg":"MarcelinesCave","VSIcon":"Icon_VS_Forest","BGM":"Music_MarcelinesCave","XP":"3731.16","Stamina":"9"},
	{"QuestID":"55","LevelName":"!!QUEST_55_NAME","Opponent":"Leader_Marceline_Stakes","SetLoadout":"MAIN_L10_Q7","LevelPrefab":"MarcelinesCave_BG","BoardPrefab":"GameBoard_MarcelinesCave","PortraitBg":"MarcelinesCave","VSIcon":"Icon_VS_Forest","BGM":"Music_MarcelinesCave","XP":"4455.25","Stamina":"11"},
	{"QuestID":"56","League":"League11","LevelName":"!!QUEST_56_NAME","Opponent":"Leader_LabPrincessBubblegum","SetLoadout":"MAIN_L11_Q1","LevelPrefab":"CandyKingdom_BG","BoardPrefab":"GameBoard_CandyKingdom","PortraitBg":"CandyKingdom","VSIcon":"Icon_VS_Forest","BGM":"Music_CandyKingdom","XP":"4115.36","Stamina":"10"},
	{"QuestID":"57","LevelName":"!!QUEST_57_NAME","Opponent":"Leader_LabPrincessBubblegum","SetLoadout":"MAIN_L11_Q2","LevelPrefab":"CandyKingdom_BG","BoardPrefab":"GameBoard_CandyKingdom","PortraitBg":"CandyKingdom","VSIcon":"Icon_VS_Forest","BGM":"Music_CandyKingdom","XP":"4130.49","Stamina":"10"},
	{"QuestID":"58","LevelName":"!!QUEST_58_NAME","Opponent":"Leader_LabPrincessBubblegum","SetLoadout":"MAIN_L11_Q3","LevelPrefab":"CandyKingdom_BG","BoardPrefab":"GameBoard_CandyKingdom","PortraitBg":"CandyKingdom","VSIcon":"Icon_VS_Forest","BGM":"Music_CandyKingdom","XP":"4145.64","Stamina":"10"},
	{"QuestID":"59","LevelName":"!!QUEST_59_NAME","Opponent":"Leader_LabPrincessBubblegum","SetLoadout":"MAIN_L11_Q4","LevelPrefab":"CandyKingdom_BG","BoardPrefab":"GameBoard_CandyKingdom","PortraitBg":"CandyKingdom","VSIcon":"Icon_VS_Forest","BGM":"Music_CandyKingdom","XP":"4160.81","Stamina":"10"},
	{"QuestID":"60","LevelName":"!!QUEST_60_NAME","Opponent":"Leader_LabPrincessBubblegum","SetLoadout":"MAIN_L11_Q5","LevelPrefab":"CandyKingdom_BG","BoardPrefab":"GameBoard_CandyKingdom","PortraitBg":"CandyKingdom","VSIcon":"Icon_VS_Forest","BGM":"Music_CandyKingdom","XP":"4176","Stamina":"10"},
	{"QuestID":"61","LevelName":"!!QUEST_61_NAME","Opponent":"Leader_LabPrincessBubblegum","SetLoadout":"MAIN_L11_Q6","LevelPrefab":"CandyKingdom_BG","BoardPrefab":"GameBoard_CandyKingdom","PortraitBg":"CandyKingdom","VSIcon":"Icon_VS_Forest","BGM":"Music_CandyKingdom","XP":"4191.21","Stamina":"10"},
	{"QuestID":"62","LevelName":"!!QUEST_62_NAME","Opponent":"Leader_LabPrincessBubblegum","SetLoadout":"MAIN_L11_Q7","LevelPrefab":"CandyKingdom_BG","BoardPrefab":"GameBoard_CandyKingdom","PortraitBg":"CandyKingdom","VSIcon":"Icon_VS_Forest","BGM":"Music_CandyKingdom","XP":"4930.44","Stamina":"12"},
	{"QuestID":"63","League":"League12","LevelName":"!!QUEST_63_NAME","Opponent":"Leader_BlueFlamePrincess","SetLoadout":"MAIN_L12_Q1","LevelPrefab":"FireKingdom_BG","BoardPrefab":"GameBoard_FireKingdom","PortraitBg":"FireKingdom","VSIcon":"Icon_VS_Forest","BGM":"Music_FireKingdom","XP":"4584.69","Stamina":"11"},
	{"QuestID":"64","LevelName":"!!QUEST_64_NAME","Opponent":"Leader_BlueFlamePrincess","SetLoadout":"MAIN_L12_Q2","LevelPrefab":"FireKingdom_BG","BoardPrefab":"GameBoard_FireKingdom","PortraitBg":"FireKingdom","VSIcon":"Icon_VS_Forest","BGM":"Music_FireKingdom","XP":"4600.96","Stamina":"11"},
	{"QuestID":"65","LevelName":"!!QUEST_65_NAME","Opponent":"Leader_BlueFlamePrincess","SetLoadout":"MAIN_L12_Q3","LevelPrefab":"FireKingdom_BG","BoardPrefab":"GameBoard_FireKingdom","PortraitBg":"FireKingdom","VSIcon":"Icon_VS_Forest","BGM":"Music_FireKingdom","XP":"4617.25","Stamina":"11"},
	{"QuestID":"66","LevelName":"!!QUEST_66_NAME","Opponent":"Leader_BlueFlamePrincess","SetLoadout":"MAIN_L12_Q4","LevelPrefab":"FireKingdom_BG","BoardPrefab":"GameBoard_FireKingdom","PortraitBg":"FireKingdom","VSIcon":"Icon_VS_Forest","BGM":"Music_FireKingdom","XP":"4633.56","Stamina":"11"},
	{"QuestID":"67","LevelName":"!!QUEST_67_NAME","Opponent":"Leader_BlueFlamePrincess","SetLoadout":"MAIN_L12_Q5","LevelPrefab":"FireKingdom_BG","BoardPrefab":"GameBoard_FireKingdom","PortraitBg":"FireKingdom","VSIcon":"Icon_VS_Forest","BGM":"Music_FireKingdom","XP":"4649.89","Stamina":"11"},
	{"QuestID":"68","LevelName":"!!QUEST_68_NAME","Opponent":"Leader_BlueFlamePrincess","SetLoadout":"MAIN_L12_Q6","LevelPrefab":"FireKingdom_BG","BoardPrefab":"GameBoard_FireKingdom","PortraitBg":"FireKingdom","VSIcon":"Icon_VS_Forest","BGM":"Music_FireKingdom","XP":"4666.24","Stamina":"11"},
	{"QuestID":"69","LevelName":"!!QUEST_69_NAME","Opponent":"Leader_BlueFlamePrincess","SetLoadout":"MAIN_L12_Q7","LevelPrefab":"FireKingdom_BG","BoardPrefab":"GameBoard_FireKingdom","PortraitBg":"FireKingdom","VSIcon":"Icon_VS_Forest","BGM":"Music_FireKingdom","XP":"5420.61","Stamina":"13"},
	{"QuestID":"70","League":"League13","LevelName":"!!QUEST_70_NAME","Opponent":"Leader_LumpySpacePrincess_Masquerade","SetLoadout":"MAIN_L13_Q1","LevelPrefab":"LumpySpace_BG","BoardPrefab":"GameBoard_LumpySpace","PortraitBg":"LumpySpace","VSIcon":"Icon_VS_Forest","BGM":"Music_LumpySpace","XP":"5069","Stamina":"12"},
	{"QuestID":"71","LevelName":"!!QUEST_71_NAME","Opponent":"Leader_LumpySpacePrincess_Masquerade","SetLoadout":"MAIN_L13_Q2","LevelPrefab":"LumpySpace_BG","BoardPrefab":"GameBoard_LumpySpace","PortraitBg":"LumpySpace","VSIcon":"Icon_VS_Forest","BGM":"Music_LumpySpace","XP":"5086.41","Stamina":"12"},
	{"QuestID":"72","LevelName":"!!QUEST_72_NAME","Opponent":"Leader_LumpySpacePrincess_Masquerade","SetLoadout":"MAIN_L13_Q3","LevelPrefab":"LumpySpace_BG","BoardPrefab":"GameBoard_LumpySpace","PortraitBg":"LumpySpace","VSIcon":"Icon_VS_Forest","BGM":"Music_LumpySpace","XP":"5103.84","Stamina":"12"},
	{"QuestID":"73","LevelName":"!!QUEST_73_NAME","Opponent":"Leader_LumpySpacePrincess_Masquerade","SetLoadout":"MAIN_L13_Q4","LevelPrefab":"LumpySpace_BG","BoardPrefab":"GameBoard_LumpySpace","PortraitBg":"LumpySpace","VSIcon":"Icon_VS_Forest","BGM":"Music_LumpySpace","XP":"5121.29","Stamina":"12"},
	{"QuestID":"74","LevelName":"!!QUEST_74_NAME","Opponent":"Leader_LumpySpacePrincess_Masquerade","SetLoadout":"MAIN_L13_Q5","LevelPrefab":"LumpySpace_BG","BoardPrefab":"GameBoard_LumpySpace","PortraitBg":"LumpySpace","VSIcon":"Icon_VS_Forest","BGM":"Music_LumpySpace","XP":"5138.76","Stamina":"12"},
	{"QuestID":"75","LevelName":"!!QUEST_75_NAME","Opponent":"Leader_LumpySpacePrincess_Masquerade","SetLoadout":"MAIN_L13_Q6","LevelPrefab":"LumpySpace_BG","BoardPrefab":"GameBoard_LumpySpace","PortraitBg":"LumpySpace","VSIcon":"Icon_VS_Forest","BGM":"Music_LumpySpace","XP":"5156.25","Stamina":"12"},
	{"QuestID":"76","LevelName":"!!QUEST_76_NAME","Opponent":"Leader_LumpySpacePrincess_Masquerade","SetLoadout":"MAIN_L13_Q7","LevelPrefab":"LumpySpace_BG","BoardPrefab":"GameBoard_LumpySpace","PortraitBg":"LumpySpace","VSIcon":"Icon_VS_Forest","BGM":"Music_LumpySpace","XP":"5925.76","Stamina":"14"},
	{"QuestID":"77","League":"League14","LevelName":"!!QUEST_77_NAME","Opponent":"Leader_YoungGrandPrixe","SetLoadout":"MAIN_L14_Q1","LevelPrefab":"OilRig_BG","BoardPrefab":"GameBoard_OilRig","PortraitBg":"OilRig","VSIcon":"Icon_VS_Forest","BGM":"Music_OilRig","XP":"5568.29","Stamina":"13"},
	{"QuestID":"78","LevelName":"!!QUEST_78_NAME","Opponent":"Leader_YoungGrandPrixe","SetLoadout":"MAIN_L14_Q2","LevelPrefab":"OilRig_BG","BoardPrefab":"GameBoard_OilRig","PortraitBg":"OilRig","VSIcon":"Icon_VS_Forest","BGM":"Music_OilRig","XP":"5586.84","Stamina":"13"},
	{"QuestID":"79","LevelName":"!!QUEST_79_NAME","Opponent":"Leader_YoungGrandPrixe","SetLoadout":"MAIN_L14_Q3","LevelPrefab":"OilRig_BG","BoardPrefab":"GameBoard_OilRig","PortraitBg":"OilRig","VSIcon":"Icon_VS_Forest","BGM":"Music_OilRig","XP":"5605.41","Stamina":"13"},
	{"QuestID":"80","LevelName":"!!QUEST_80_NAME","Opponent":"Leader_YoungGrandPrixe","SetLoadout":"MAIN_L14_Q4","LevelPrefab":"OilRig_BG","BoardPrefab":"GameBoard_OilRig","PortraitBg":"OilRig","VSIcon":"Icon_VS_Forest","BGM":"Music_OilRig","XP":"5624","Stamina":"13"},
	{"QuestID":"81","LevelName":"!!QUEST_81_NAME","Opponent":"Leader_YoungGrandPrixe","SetLoadout":"MAIN_L14_Q5","LevelPrefab":"OilRig_BG","BoardPrefab":"GameBoard_OilRig","PortraitBg":"OilRig","VSIcon":"Icon_VS_Forest","BGM":"Music_OilRig","XP":"5642.61","Stamina":"13"},
	{"QuestID":"82","LevelName":"!!QUEST_82_NAME","Opponent":"Leader_YoungGrandPrixe","SetLoadout":"MAIN_L14_Q6","LevelPrefab":"OilRig_BG","BoardPrefab":"GameBoard_OilRig","PortraitBg":"OilRig","VSIcon":"Icon_VS_Forest","BGM":"Music_OilRig","XP":"5661.24","Stamina":"13"},
	{"QuestID":"83","LevelName":"!!QUEST_83_NAME","Opponent":"Leader_YoungGrandPrixe","SetLoadout":"MAIN_L14_Q7","LevelPrefab":"OilRig_BG","BoardPrefab":"GameBoard_OilRig","PortraitBg":"OilRig","VSIcon":"Icon_VS_Forest","BGM":"Music_OilRig","XP":"6445.89","Stamina":"15"},
	{"QuestID":"84","League":"League15","LevelName":"!!QUEST_84_NAME","Opponent":"Leader_IceKing","SetLoadout":"MAIN_L15_Q1","LevelPrefab":"IceKingdom_BG","BoardPrefab":"GameBoard_IceKingdom","PortraitBg":"IceKingdom","VSIcon":"Icon_VS_Forest","BGM":"Music_IceKingdom","XP":"6082.56","Stamina":"14"},
	{"QuestID":"85","LevelName":"!!QUEST_85_NAME","Opponent":"Leader_IceKing","SetLoadout":"MAIN_L15_Q2","LevelPrefab":"IceKingdom_BG","BoardPrefab":"GameBoard_IceKingdom","PortraitBg":"IceKingdom","VSIcon":"Icon_VS_Forest","BGM":"Music_IceKingdom","XP":"6102.25","Stamina":"14"},
	{"QuestID":"86","LevelName":"!!QUEST_86_NAME","Opponent":"Leader_IceKing","SetLoadout":"MAIN_L15_Q3","LevelPrefab":"IceKingdom_BG","BoardPrefab":"GameBoard_IceKingdom","PortraitBg":"IceKingdom","VSIcon":"Icon_VS_Forest","BGM":"Music_IceKingdom","XP":"6121.96","Stamina":"14"},
	{"QuestID":"87","LevelName":"!!QUEST_87_NAME","Opponent":"Leader_IceKing","SetLoadout":"MAIN_L15_Q4","LevelPrefab":"IceKingdom_BG","BoardPrefab":"GameBoard_IceKingdom","PortraitBg":"IceKingdom","VSIcon":"Icon_VS_Forest","BGM":"Music_IceKingdom","XP":"6141.69","Stamina":"14"},
	{"QuestID":"88","LevelName":"!!QUEST_88_NAME","Opponent":"Leader_IceKing","SetLoadout":"MAIN_L15_Q5","LevelPrefab":"IceKingdom_BG","BoardPrefab":"GameBoard_IceKingdom","PortraitBg":"IceKingdom","VSIcon":"Icon_VS_Forest","BGM":"Music_IceKingdom","XP":"6161.44","Stamina":"14"},
	{"QuestID":"89","LevelName":"!!QUEST_89_NAME","Opponent":"Leader_IceKing","SetLoadout":"MAIN_L15_Q6","LevelPrefab":"IceKingdom_BG","BoardPrefab":"GameBoard_IceKingdom","PortraitBg":"IceKingdom","VSIcon":"Icon_VS_Forest","BGM":"Music_IceKingdom","XP":"6181.21","Stamina":"14"},
	{"QuestID":"90","LevelName":"!!QUEST_90_NAME","Opponent":"Leader_IceKing","SetLoadout":"MAIN_L15_Q7","LevelPrefab":"IceKingdom_BG","BoardPrefab":"GameBoard_IceKingdom","PortraitBg":"IceKingdom","VSIcon":"Icon_VS_Forest","BGM":"Music_IceKingdom","XP":"6201","Stamina":"14"},
	{"QuestID":"91","LevelName":"!!QUEST_91_NAME","Opponent":"Leader_IceKing","SetLoadout":"MAIN_L15_Q8","LevelPrefab":"IceKingdom_BG","BoardPrefab":"GameBoard_IceKingdom","PortraitBg":"IceKingdom","VSIcon":"Icon_VS_Forest","BGM":"Music_IceKingdom","XP":"6220.81","Stamina":"14"},
	{"QuestID":"92","LevelName":"!!QUEST_92_NAME","Opponent":"Leader_IceKing","SetLoadout":"MAIN_L15_Q9","LevelPrefab":"IceKingdom_BG","BoardPrefab":"GameBoard_IceKingdom","PortraitBg":"IceKingdom","VSIcon":"Icon_VS_Forest","BGM":"Music_IceKingdom","XP":"6240.64","Stamina":"14"},
	{"QuestID":"93","LevelName":"!!QUEST_93_NAME","Opponent":"Leader_IceKing","SetLoadout":"MAIN_L15_Q10","LevelPrefab":"IceKingdom_BG","BoardPrefab":"GameBoard_IceKingdom","PortraitBg":"IceKingdom","VSIcon":"Icon_VS_Forest","BGM":"Music_IceKingdom","XP":"7046.49","Stamina":"16"},
	{"QuestID":"94","League":"League16","LevelName":"Holy Alliance","Opponent":"Leader_JakeKing","SetLoadout":"MAIN_L16_Q1","LevelPrefab":"Inn_BG","BoardPrefab":"GameBoard_TreeFort","PortraitBg":"TreeFort","VSIcon":"Icon_VS_Forest","BGM":"Music_TreeHouse","XP":"7200","Stamina":"17"},
	{"QuestID":"95","LevelName":"Corn Castle","Opponent":"Leader_JakeKing","SetLoadout":"MAIN_L16_Q2","LevelPrefab":"Inn_BG","BoardPrefab":"GameBoard_TreeFort","PortraitBg":"TreeFort","VSIcon":"Icon_VS_Forest","BGM":"Music_TreeHouse","XP":"7400","Stamina":"18"},
	{"QuestID":"96","LevelName":"Giant Corn Monster","Opponent":"Leader_JakeKing","SetLoadout":"MAIN_L16_Q3","LevelPrefab":"Inn_BG","BoardPrefab":"GameBoard_TreeFort","PortraitBg":"TreeFort","VSIcon":"Icon_VS_Forest","BGM":"Music_TreeHouse","XP":"7600","Stamina":"19"},
	{"QuestID":"97","League":"League17","LevelName":"Like The Old Days","Opponent":"Leader_BMO","SetLoadout":"MAIN_L17_Q1","LevelPrefab":"Inn_BG","BoardPrefab":"GameBoard_TreeFort","PortraitBg":"TreeFort","VSIcon":"Icon_VS_Forest","BGM":"BMO","XP":"8000","Stamina":"17"},
	{"QuestID":"98","LevelName":"3 Of Best","Opponent":"Leader_BMO","SetLoadout":"MAIN_L17_Q2","LevelPrefab":"Inn_BG","BoardPrefab":"GameBoard_TreeFort","PortraitBg":"TreeFort","VSIcon":"Icon_VS_Forest","BGM":"BMO","XP":"7700","Stamina":"18"},
	{"QuestID":"99","LevelName":"Animal Kingdom","Opponent":"Leader_BMO","SetLoadout":"MAIN_L17_Q3","LevelPrefab":"Inn_BG","BoardPrefab":"GameBoard_TreeFort","PortraitBg":"TreeFort","VSIcon":"Icon_VS_Forest","BGM":"BMO","XP":"7900","Stamina":"19"},
	{"QuestID":"100","LevelName":"Sky Representatives","Opponent":"Leader_BMO","SetLoadout":"MAIN_L17_Q4","LevelPrefab":"Inn_BG","BoardPrefab":"GameBoard_TreeFort","PortraitBg":"TreeFort","VSIcon":"Icon_VS_Forest","BGM":"BMO","XP":"8100","Stamina":"20"},
	{"QuestID":"101","LevelName":"Solidarity with the Ghost","Opponent":"Leader_BMO","SetLoadout":"MAIN_L17_Q5","LevelPrefab":"Inn_BG","BoardPrefab":"GameBoard_TreeFort","PortraitBg":"TreeFort","VSIcon":"Icon_VS_Forest","BGM":"BMO","XP":"8500","Stamina":"22"},
    {"QuestID":"102","League":"League18","LevelName":"Magic Seeds","Opponent":"Leader_FinnDavey","SetLoadout":"MAIN_L18_Q1","LevelPrefab":"Badlands_BG","BoardPrefab":"GameBoard_Badlands","PortraitBg":"Badlands","VSIcon":"Icon_VS_Forest","BGM":"Music_Badlands","XP":"8100","Stamina":"19"},
	{"QuestID":"103","LevelName":"Blue Farm","Opponent":"Leader_FinnDavey","SetLoadout":"MAIN_L18_Q2","LevelPrefab":"Badlands_BG","BoardPrefab":"GameBoard_Badlands","PortraitBg":"Badlands","VSIcon":"Icon_VS_Forest","BGM":"Music_Badlands","XP":"8300","Stamina":"21"},
	{"QuestID":"104","LevelName":"Plains Samurai","Opponent":"Leader_FinnDavey","SetLoadout":"MAIN_L18_Q3","LevelPrefab":"Badlands_BG","BoardPrefab":"GameBoard_Badlands","PortraitBg":"Badlands","VSIcon":"Icon_VS_Forest","BGM":"Music_Badlands","XP":"8800","Stamina":"24"},
    {"QuestID":"105","League":"League19","LevelName":"Lets Art","Opponent":"Leader_LadyRainicorn","SetLoadout":"MAIN_L19_Q1","LevelPrefab":"Badlands_BG","BoardPrefab":"GameBoard_Badlands","PortraitBg":"Badlands","VSIcon":"Icon_VS_Forest","BGM":"LadyCorn","XP":"8400","Stamina":"20"},
	{"QuestID":"106","LevelName":"Miracle Colors","Opponent":"Leader_LadyRainicorn","SetLoadout":"MAIN_L19_Q2","LevelPrefab":"Badlands_BG","BoardPrefab":"GameBoard_Badlands","PortraitBg":"Badlands","VSIcon":"Icon_VS_Forest","BGM":"LadyCorn","XP":"8600","Stamina":"21"},
	{"QuestID":"107","LevelName":"Magic Rainbow","Opponent":"Leader_LadyRainicorn","SetLoadout":"MAIN_L19_Q3","LevelPrefab":"Badlands_BG","BoardPrefab":"GameBoard_Badlands","PortraitBg":"Badlands","VSIcon":"Icon_VS_Forest","BGM":"LadyCorn","XP":"8800","Stamina":"22"},
    {"QuestID":"108","LevelName":"Favorite with Duel","Opponent":"Leader_LadyRainicorn","SetLoadout":"MAIN_L19_Q4","LevelPrefab":"Badlands_BG","BoardPrefab":"GameBoard_Badlands","PortraitBg":"Badlands","VSIcon":"Icon_VS_Forest","BGM":"LadyCorn","XP":"9200","Stamina":"25"},
    {"QuestID":"109","League":"League20","LevelName":"Nice or Trouble","Opponent":"Leader_LabPrincessBubblegum","SetLoadout":"MAIN_L20_Q1","LevelPrefab":"CandyKingdom_BG","BoardPrefab":"GameBoard_CandyKingdom","PortraitBg":"CandyKingdom","VSIcon":"Icon_VS_Forest","BGM":"Music_CandyKingdom","XP":"8800","Stamina":"21"},
	{"QuestID":"110","LevelName":"Pink World","Opponent":"Leader_LabPrincessBubblegum","SetLoadout":"MAIN_L20_Q2","LevelPrefab":"CandyKingdom_BG","BoardPrefab":"GameBoard_CandyKingdom","PortraitBg":"CandyKingdom","VSIcon":"Icon_VS_Forest","BGM":"Music_CandyKingdom","XP":"9000","Stamina":"22"},
	{"QuestID":"111","LevelName":"Boring Figures","Opponent":"Leader_LabPrincessBubblegum","SetLoadout":"MAIN_L20_Q3","LevelPrefab":"CandyKingdom_BG","BoardPrefab":"GameBoard_CandyKingdom","PortraitBg":"CandyKingdom","VSIcon":"Icon_VS_Forest","BGM":"Music_CandyKingdom","XP":"9200","Stamina":"23"},
	{"QuestID":"112","LevelName":"Nice Beautiful Sky","Opponent":"Leader_LabPrincessBubblegum","SetLoadout":"MAIN_L20_Q4","LevelPrefab":"CandyKingdom_BG","BoardPrefab":"GameBoard_CandyKingdom","PortraitBg":"CandyKingdom","VSIcon":"Icon_VS_Forest","BGM":"Music_CandyKingdom","XP":"9400","Stamina":"24"},
	{"QuestID":"113","LevelName":"Cotton Summon","Opponent":"Leader_LabPrincessBubblegum","SetLoadout":"MAIN_L20_Q5","LevelPrefab":"CandyKingdom_BG","BoardPrefab":"GameBoard_CandyKingdom","PortraitBg":"CandyKingdom","VSIcon":"Icon_VS_Forest","BGM":"Music_CandyKingdom","XP":"9900","Stamina":"26"},
    {"QuestID":"114","League":"League21","LevelName":"Hmm... This is just the beginning","Opponent":"Leader_LabPrincessBubblegum","SetLoadout":"MAIN_L21_Q1","LevelPrefab":"CandyKingdom_BG","BoardPrefab":"GameBoard_CandyKingdom","PortraitBg":"CandyKingdom","VSIcon":"Icon_VS_Forest","BGM":"CinnamonBun","XP":"9200","Stamina":"23"},
	{"QuestID":"115","LevelName":"Good Strategy Or Experience","Opponent":"Leader_EarlOfLemongrab","SetLoadout":"MAIN_L21_Q2","LevelPrefab":"CandyKingdom_BG","BoardPrefab":"GameBoard_CandyKingdom","PortraitBg":"CandyKingdom","VSIcon":"Icon_VS_Forest","BGM":"CinnamonBun","XP":"9400","Stamina":"24"},
	{"QuestID":"116","LevelName":"Aggravated Team","Opponent":"Leader_EarlOfLemongrab","SetLoadout":"MAIN_L21_Q3","LevelPrefab":"CandyKingdom_BG","BoardPrefab":"GameBoard_CandyKingdom","PortraitBg":"CandyKingdom","VSIcon":"Icon_VS_Forest","BGM":"CinnamonBun","XP":"9600","Stamina":"25"},
	{"QuestID":"117","LevelName":"Crazy Old Mans","Opponent":"Leader_EarlOfLemongrab","SetLoadout":"MAIN_L21_Q4","LevelPrefab":"CandyKingdom_BG","BoardPrefab":"GameBoard_CandyKingdom","PortraitBg":"CandyKingdom","VSIcon":"Icon_VS_Forest","BGM":"CinnamonBun","XP":"9800","Stamina":"26"},
	{"QuestID":"118","LevelName":"Old Master Skills","Opponent":"Leader_EarlOfLemongrab","SetLoadout":"MAIN_L21_Q5","LevelPrefab":"CandyKingdom_BG","BoardPrefab":"GameBoard_CandyKingdom","PortraitBg":"CandyKingdom","VSIcon":"Icon_VS_Forest","BGM":"CinnamonBun","XP":"10000","Stamina":"27"},
	{"QuestID":"119","LevelName":"Crazy Yellows","Opponent":"Leader_EarlOfLemongrab","SetLoadout":"MAIN_L21_Q6","LevelPrefab":"CandyKingdom_BG","BoardPrefab":"GameBoard_CandyKingdom","PortraitBg":"CandyKingdom","VSIcon":"Icon_VS_Forest","BGM":"CinnamonBun","XP":"10500","Stamina":"28"},
	{"QuestID":"120","LevelName":"This Is Unacceptable for My Team","Opponent":"Leader_EarlOfLemongrab","SetLoadout":"MAIN_L21_Q7","LevelPrefab":"CandyKingdom_BG","BoardPrefab":"GameBoard_CandyKingdom","PortraitBg":"CandyKingdom","VSIcon":"Icon_VS_Forest","BGM":"CinnamonBun","XP":"12000","Stamina":"30"},
    {"QuestID":"121","League":"League22","LevelName":"Classic Poison","Opponent":"Leader_Marceline_Stakes","SetLoadout":"MAIN_L22_Q1","LevelPrefab":"MarcelinesCave_BG","BoardPrefab":"GameBoard_MarcelinesCave","PortraitBg":"MarcelinesCave","VSIcon":"Icon_VS_Forest","BGM":"Music_MarcelinesCave","XP":"9800","Stamina":"25"},
	{"QuestID":"122","LevelName":"Boggy Warrior's","Opponent":"Leader_Marceline_Stakes","SetLoadout":"MAIN_L22_Q2","LevelPrefab":"MarcelinesCave_BG","BoardPrefab":"GameBoard_MarcelinesCave","PortraitBg":"MarcelinesCave","VSIcon":"Icon_VS_Forest","BGM":"Music_MarcelinesCave","XP":"10000","Stamina":"26"},
	{"QuestID":"123","LevelName":"Ball Mutant's","Opponent":"Leader_Marceline_Stakes","SetLoadout":"MAIN_L22_Q3","LevelPrefab":"MarcelinesCave_BG","BoardPrefab":"GameBoard_MarcelinesCave","PortraitBg":"MarcelinesCave","VSIcon":"Icon_VS_Forest","BGM":"Music_MarcelinesCave","XP":"10500","Stamina":"27"},
	{"QuestID":"124","LevelName":"II.Balding Horde","Opponent":"Leader_Marceline_Stakes","SetLoadout":"MAIN_L22_Q4","LevelPrefab":"MarcelinesCave_BG","BoardPrefab":"GameBoard_MarcelinesCave","PortraitBg":"MarcelinesCave","VSIcon":"Icon_VS_Forest","BGM":"Music_MarcelinesCave","XP":"11000","Stamina":"28"},
	{"QuestID":"125","LevelName":"Corn Lover","Opponent":"Leader_Marceline_Stakes","SetLoadout":"MAIN_L22_Q5","LevelPrefab":"MarcelinesCave_BG","BoardPrefab":"GameBoard_MarcelinesCave","PortraitBg":"MarcelinesCave","VSIcon":"Icon_VS_Forest","BGM":"Music_MarcelinesCave","XP":"11500","Stamina":"29"},
	{"QuestID":"126","LevelName":"Purging Fat Mutant","Opponent":"Leader_Marceline_Stakes","SetLoadout":"MAIN_L22_Q6","LevelPrefab":"MarcelinesCave_BG","BoardPrefab":"GameBoard_MarcelinesCave","PortraitBg":"MarcelinesCave","VSIcon":"Icon_VS_Forest","BGM":"Music_MarcelinesCave","XP":"14500","Stamina":"31"},
    {"QuestID":"127","League":"League23","LevelName":"Frog Party","Opponent":"Leader_FinnPajama","SetLoadout":"MAIN_L23_Q1","LevelPrefab":"MarcelinesCave_BG","BoardPrefab":"GameBoard_MarcelinesCave","PortraitBg":"MarcelinesCave","VSIcon":"Icon_VS_Forest","BGM":"Music_MarcelinesCave","XP":"11000","Stamina":"27"},
	{"QuestID":"128","LevelName":"Disco Cave","Opponent":"Leader_FinnPajama","SetLoadout":"MAIN_L23_Q2","LevelPrefab":"MarcelinesCave_BG","BoardPrefab":"GameBoard_MarcelinesCave","PortraitBg":"MarcelinesCave","VSIcon":"Icon_VS_Forest","BGM":"Music_MarcelinesCave","XP":"11500","Stamina":"28"},
	{"QuestID":"129","LevelName":"Evil Angel's","Opponent":"Leader_FinnPajama","SetLoadout":"MAIN_L23_Q3","LevelPrefab":"MarcelinesCave_BG","BoardPrefab":"GameBoard_MarcelinesCave","PortraitBg":"MarcelinesCave","VSIcon":"Icon_VS_Forest","BGM":"Music_MarcelinesCave","XP":"12000","Stamina":"29"},
	{"QuestID":"130","LevelName":"I see you!!!","Opponent":"Leader_FinnPajama","SetLoadout":"MAIN_L23_Q4","LevelPrefab":"MarcelinesCave_BG","BoardPrefab":"GameBoard_MarcelinesCave","PortraitBg":"MarcelinesCave","VSIcon":"Icon_VS_Forest","BGM":"Music_MarcelinesCave","XP":"12500","Stamina":"30"},
	{"QuestID":"131","LevelName":"Boggy Angel's","Opponent":"Leader_FinnPajama","SetLoadout":"MAIN_L23_Q5","LevelPrefab":"MarcelinesCave_BG","BoardPrefab":"GameBoard_MarcelinesCave","PortraitBg":"MarcelinesCave","VSIcon":"Icon_VS_Forest","BGM":"Music_MarcelinesCave","XP":"13000","Stamina":"31"},
	{"QuestID":"132","LevelName":"Boggy Guard","Opponent":"Leader_FinnPajama","SetLoadout":"MAIN_L23_Q6","LevelPrefab":"MarcelinesCave_BG","BoardPrefab":"GameBoard_MarcelinesCave","PortraitBg":"MarcelinesCave","VSIcon":"Icon_VS_Forest","BGM":"Music_MarcelinesCave","XP":"16000","Stamina":"33"},
    {"QuestID":"133","League":"League24","LevelName":"Poisonous Insects","Opponent":"Leader_PeppermintButler","SetLoadout":"MAIN_L24_Q1","LevelPrefab":"MarcelinesCave_BG","BoardPrefab":"GameBoard_MarcelinesCave","PortraitBg":"MarcelinesCave","VSIcon":"Icon_VS_Forest","BGM":"PeppermintButler","XP":"13000.56","Stamina":"28"},
	{"QuestID":"134","LevelName":"Epic Military","Opponent":"Leader_PeppermintButler","SetLoadout":"MAIN_L24_Q2","LevelPrefab":"MarcelinesCave_BG","BoardPrefab":"GameBoard_MarcelinesCave","PortraitBg":"MarcelinesCave","VSIcon":"Icon_VS_Forest","BGM":"PeppermintButler","XP":"14102.25","Stamina":"29"},
	{"QuestID":"135","LevelName":"II.Cult of the Bald Men","Opponent":"Leader_PeppermintButler","SetLoadout":"MAIN_L24_Q3","LevelPrefab":"MarcelinesCave_BG","BoardPrefab":"GameBoard_MarcelinesCave","PortraitBg":"MarcelinesCave","VSIcon":"Icon_VS_Forest","BGM":"PeppermintButler","XP":"15121.96","Stamina":"30"},
	{"QuestID":"136","LevelName":"Poison Organization","Opponent":"Leader_PeppermintButler","SetLoadout":"MAIN_L24_Q4","LevelPrefab":"MarcelinesCave_BG","BoardPrefab":"GameBoard_MarcelinesCave","PortraitBg":"MarcelinesCave","VSIcon":"Icon_VS_Forest","BGM":"PeppermintButler","XP":"16141.69","Stamina":"31"},
	{"QuestID":"137","LevelName":"Corn Academy","Opponent":"Leader_PeppermintButler","SetLoadout":"MAIN_L24_Q5","LevelPrefab":"MarcelinesCave_BG","BoardPrefab":"GameBoard_MarcelinesCave","PortraitBg":"MarcelinesCave","VSIcon":"Icon_VS_Forest","BGM":"PeppermintButler","XP":"17161.44","Stamina":"32"},
	{"QuestID":"138","LevelName":"Some Hot Coffee and Fire","Opponent":"Leader_PeppermintButler","SetLoadout":"MAIN_L24_Q6","LevelPrefab":"MarcelinesCave_BG","BoardPrefab":"GameBoard_MarcelinesCave","PortraitBg":"MarcelinesCave","VSIcon":"Icon_VS_Forest","BGM":"PeppermintButler","XP":"18181.21","Stamina":"33"},
	{"QuestID":"139","LevelName":"Rex Gang","Opponent":"Leader_PeppermintButler","SetLoadout":"MAIN_L24_Q7","LevelPrefab":"MarcelinesCave_BG","BoardPrefab":"GameBoard_MarcelinesCave","PortraitBg":"MarcelinesCave","VSIcon":"Icon_VS_Forest","BGM":"PeppermintButler","XP":"19201","Stamina":"34"},
	{"QuestID":"140","LevelName":"Rainbow Rumble","Opponent":"Leader_PeppermintButler","SetLoadout":"MAIN_L24_Q8","LevelPrefab":"MarcelinesCave_BG","BoardPrefab":"GameBoard_MarcelinesCave","PortraitBg":"MarcelinesCave","VSIcon":"Icon_VS_Forest","BGM":"PeppermintButler","XP":"20220.81","Stamina":"35"},
	{"QuestID":"141","LevelName":"Congratulations, Corn Faction.","Opponent":"Leader_PeppermintButler","SetLoadout":"MAIN_L24_Q9","LevelPrefab":"MarcelinesCave_BG","BoardPrefab":"GameBoard_MarcelinesCave","PortraitBg":"MarcelinesCave","VSIcon":"Icon_VS_Forest","BGM":"PeppermintButler","XP":"21000","Stamina":"36"},
	{"QuestID":"142","LevelName":"Immortal Deck","Opponent":"Leader_PeppermintButler","SetLoadout":"MAIN_L24_Q10","LevelPrefab":"MarcelinesCave_BG","BoardPrefab":"GameBoard_MarcelinesCave","PortraitBg":"MarcelinesCave","VSIcon":"Icon_VS_Forest","BGM":"PeppermintButler","XP":"22500","Stamina":"37"},
	{"QuestID":"143","LevelName":"Cursed Immortal Witch","Opponent":"Leader_PeppermintButler","SetLoadout":"MAIN_L24_Q11","LevelPrefab":"MarcelinesCave_BG","BoardPrefab":"GameBoard_MarcelinesCave","PortraitBg":"MarcelinesCave","VSIcon":"Icon_VS_Forest","BGM":"PeppermintButler","XP":"26000","Stamina":"40"},
	{"QuestID":"FancyMeal1","League":"FancyMeal","LevelName":"!!QUEST_FancyMeal1_NAME","Opponent":"Leader_BlueFlamePrincess","SetLoadout":"FancyMeal1_Set","LevelPrefab":"CandyKingdom_BG","BoardPrefab":"GameBoard_CandyKingdom","PortraitBg":"CandyKingdom","VSIcon":"Icon_VS_Forest","BGM":"Music_Dungeon","XP":"900","Stamina":"5"},
	{"QuestID":"FancyMeal2","LevelName":"!!QUEST_FancyMeal2_NAME","Opponent":"Leader_LabPrincessBubblegum","SetLoadout":"FancyMeal2_Set","LevelPrefab":"CandyKingdom_BG","BoardPrefab":"GameBoard_CandyKingdom","PortraitBg":"CandyKingdom","VSIcon":"Icon_VS_Forest","BGM":"Music_Dungeon","XP":"1800","Stamina":"10","CustomAI":"FancyMeal"},
	{"QuestID":"FancyMeal3","LevelName":"!!QUEST_FancyMeal3_NAME","Opponent":"Leader_YoungGrandPrixe","SetLoadout":"FancyMeal3_Set","LevelPrefab":"Inn_BG","BoardPrefab":"GameBoard_TreeFort","PortraitBg":"TreeFort","VSIcon":"Icon_VS_Forest","BGM":"Music_Dungeon","XP":"2700","Stamina":"15"},
	{"QuestID":"FancyMeal4","LevelName":"!!QUEST_FancyMeal4_NAME","Opponent":"Leader_YoungGrandPrixe","SetLoadout":"FancyMeal4_Set","LevelPrefab":"Inn_BG","BoardPrefab":"GameBoard_TreeFort","PortraitBg":"TreeFort","VSIcon":"Icon_VS_Forest","BGM":"Music_Dungeon","XP":"4500","Stamina":"25","CustomAI":"FancyMeal"},
	{"QuestID":"FRI_T1","League":"Friday","LevelName":"!!QUEST_FRI_T1_NAME","Opponent":"Leader_BlueFlamePrincess","SetLoadout":"FRI_T1_Set","LevelPrefab":"CandyKingdom_BG","BoardPrefab":"GameBoard_CandyKingdom","PortraitBg":"CandyKingdom","VSIcon":"Icon_VS_Forest","BGM":"Music_Dungeon","XP":"900","Stamina":"5"},
	{"QuestID":"FRI_T2","LevelName":"!!QUEST_FRI_T2_NAME","Opponent":"Leader_LabPrincessBubblegum","SetLoadout":"FRI_T2_Set","LevelPrefab":"CandyKingdom_BG","BoardPrefab":"GameBoard_CandyKingdom","PortraitBg":"CandyKingdom","VSIcon":"Icon_VS_Forest","BGM":"Music_Dungeon","XP":"1800","Stamina":"10","CustomAI":"Friday"},
	{"QuestID":"FRI_T3","LevelName":"!!QUEST_FRI_T3_NAME","Opponent":"Leader_YoungGrandPrixe","SetLoadout":"FRI_T3_Set","LevelPrefab":"Inn_BG","BoardPrefab":"GameBoard_TreeFort","PortraitBg":"TreeFort","VSIcon":"Icon_VS_Forest","BGM":"Music_Dungeon","XP":"2700","Stamina":"15"},
	{"QuestID":"FRI_T4","LevelName":"!!QUEST_FRI_T4_NAME","Opponent":"Leader_YoungGrandPrixe","SetLoadout":"FRI_T4_Set","LevelPrefab":"Inn_BG","BoardPrefab":"GameBoard_TreeFort","PortraitBg":"TreeFort","VSIcon":"Icon_VS_Forest","BGM":"Music_Dungeon","XP":"4500","Stamina":"25","CustomAI":"Friday"},
	{"QuestID":"MON_T1","League":"Monday","LevelName":"!!QUEST_MON_T1_NAME","Opponent":"Leader_JakeKing","SetLoadout":"MON_T1_Set","LevelPrefab":"Inn_BG","BoardPrefab":"GameBoard_TreeFort","PortraitBg":"TreeFort","VSIcon":"Icon_VS_Forest","BGM":"Music_Dungeon","XP":"900","Stamina":"5"},
	{"QuestID":"MON_T2","LevelName":"!!QUEST_MON_T2_NAME","Opponent":"Leader_FinnDavey","SetLoadout":"MON_T2_Set","LevelPrefab":"Inn_BG","BoardPrefab":"GameBoard_TreeFort","PortraitBg":"TreeFort","VSIcon":"Icon_VS_Forest","BGM":"Music_Dungeon","XP":"1800","Stamina":"10","CustomAI":"Monday"},
	{"QuestID":"MON_T3","LevelName":"!!QUEST_MON_T3_NAME","Opponent":"Leader_BlueFlamePrincess","SetLoadout":"MON_T3_Set","LevelPrefab":"Inn_BG","BoardPrefab":"GameBoard_TreeFort","PortraitBg":"TreeFort","VSIcon":"Icon_VS_Forest","BGM":"Music_Dungeon","XP":"2700","Stamina":"15"},
	{"QuestID":"MON_T4","LevelName":"!!QUEST_MON_T4_NAME","Opponent":"Leader_BlueFlamePrincess","SetLoadout":"MON_T4_Set","LevelPrefab":"Inn_BG","BoardPrefab":"GameBoard_TreeFort","PortraitBg":"TreeFort","VSIcon":"Icon_VS_Forest","BGM":"Music_Dungeon","XP":"4500","Stamina":"25","CustomAI":"Monday"},
	{"QuestID":"SAT_T1","League":"Saturday","LevelName":"!!QUEST_SAT_T1_NAME","Opponent":"Leader_YoungGrandPrixe","SetLoadout":"SAT_T1_Set","LevelPrefab":"CandyKingdom_BG","BoardPrefab":"GameBoard_CandyKingdom","PortraitBg":"CandyKingdom","VSIcon":"Icon_VS_Forest","BGM":"Music_Dungeon","XP":"900","Stamina":"5"},
	{"QuestID":"SAT_T2","LevelName":"!!QUEST_SAT_T2_NAME","Opponent":"Leader_JakeKing","SetLoadout":"SAT_T2_Set","LevelPrefab":"CandyKingdom_BG","BoardPrefab":"GameBoard_CandyKingdom","PortraitBg":"CandyKingdom","VSIcon":"Icon_VS_Forest","BGM":"Music_Dungeon","XP":"1800","Stamina":"10","CustomAI":"Saturday"},
	{"QuestID":"SAT_T3","LevelName":"!!QUEST_SAT_T3_NAME","Opponent":"Leader_FinnDavey","SetLoadout":"SAT_T3_Set","LevelPrefab":"CandyKingdom_BG","BoardPrefab":"GameBoard_CandyKingdom","PortraitBg":"CandyKingdom","VSIcon":"Icon_VS_Forest","BGM":"Music_Dungeon","XP":"2700","Stamina":"15"},
	{"QuestID":"SAT_T4","LevelName":"!!QUEST_SAT_T4_NAME","Opponent":"Leader_FinnDavey","SetLoadout":"SAT_T4_Set","LevelPrefab":"CandyKingdom_BG","BoardPrefab":"GameBoard_CandyKingdom","PortraitBg":"CandyKingdom","VSIcon":"Icon_VS_Forest","BGM":"Music_Dungeon","XP":"4500","Stamina":"25","CustomAI":"Saturday"},
	{"QuestID":"SnackHour1","League":"SnackHour","LevelName":"!!QUEST_SnackHour1_NAME","Opponent":"Leader_BlueFlamePrincess","SetLoadout":"SnackHour1_Set","LevelPrefab":"CandyKingdom_BG","BoardPrefab":"GameBoard_CandyKingdom","PortraitBg":"CandyKingdom","VSIcon":"Icon_VS_Forest","BGM":"Music_Dungeon","XP":"900","Stamina":"5"},
	{"QuestID":"SnackHour2","LevelName":"!!QUEST_SnackHour2_NAME","Opponent":"Leader_LabPrincessBubblegum","SetLoadout":"SnackHour2_Set","LevelPrefab":"CandyKingdom_BG","BoardPrefab":"GameBoard_CandyKingdom","PortraitBg":"CandyKingdom","VSIcon":"Icon_VS_Forest","BGM":"Music_Dungeon","XP":"1800","Stamina":"10","CustomAI":"SnackHour"},
	{"QuestID":"SnackHour3","LevelName":"!!QUEST_SnackHour3_NAME","Opponent":"Leader_YoungGrandPrixe","SetLoadout":"SnackHour3_Set","LevelPrefab":"Inn_BG","BoardPrefab":"GameBoard_TreeFort","PortraitBg":"TreeFort","VSIcon":"Icon_VS_Forest","BGM":"Music_Dungeon","XP":"2700","Stamina":"15"},
	{"QuestID":"SnackHour4","LevelName":"!!QUEST_SnackHour4_NAME","Opponent":"Leader_YoungGrandPrixe","SetLoadout":"SnackHour4_Set","LevelPrefab":"Inn_BG","BoardPrefab":"GameBoard_TreeFort","PortraitBg":"TreeFort","VSIcon":"Icon_VS_Forest","BGM":"Music_Dungeon","XP":"4500","Stamina":"25","CustomAI":"SnackHour"},
	{"QuestID":"SUN_T1","League":"Sunday","LevelName":"!!QUEST_SUN_T1_NAME","Opponent":"Leader_BlueFlamePrincess","SetLoadout":"SUN_T1_Set","LevelPrefab":"CandyKingdom_BG","BoardPrefab":"GameBoard_CandyKingdom","PortraitBg":"CandyKingdom","VSIcon":"Icon_VS_Forest","BGM":"Music_Dungeon","XP":"900","Stamina":"5"},
	{"QuestID":"SUN_T2","LevelName":"!!QUEST_SUN_T2_NAME","Opponent":"Leader_LabPrincessBubblegum","SetLoadout":"SUN_T2_Set","LevelPrefab":"CandyKingdom_BG","BoardPrefab":"GameBoard_CandyKingdom","PortraitBg":"CandyKingdom","VSIcon":"Icon_VS_Forest","BGM":"Music_Dungeon","XP":"1800","Stamina":"10","CustomAI":"Sunday"},
	{"QuestID":"SUN_T3","LevelName":"!!QUEST_SUN_T3_NAME","Opponent":"Leader_YoungGrandPrixe","SetLoadout":"SUN_T3_Set","LevelPrefab":"Inn_BG","BoardPrefab":"GameBoard_TreeFort","PortraitBg":"TreeFort","VSIcon":"Icon_VS_Forest","BGM":"Music_Dungeon","XP":"2700","Stamina":"15"},
	{"QuestID":"SUN_T4","LevelName":"!!QUEST_SUN_T4_NAME","Opponent":"Leader_YoungGrandPrixe","SetLoadout":"SUN_T4_Set","LevelPrefab":"Inn_BG","BoardPrefab":"GameBoard_TreeFort","PortraitBg":"TreeFort","VSIcon":"Icon_VS_Forest","BGM":"Music_Dungeon","XP":"4500","Stamina":"25","CustomAI":"Sunday"},
	{"QuestID":"THU_T1","League":"Thursday","LevelName":"!!QUEST_THU_T1_NAME","Opponent":"Leader_YoungGrandPrixe","SetLoadout":"THU_T1_Set","LevelPrefab":"CandyKingdom_BG","BoardPrefab":"GameBoard_CandyKingdom","PortraitBg":"CandyKingdom","VSIcon":"Icon_VS_Forest","BGM":"Music_Dungeon","XP":"900","Stamina":"5"},
	{"QuestID":"THU_T2","LevelName":"!!QUEST_THU_T2_NAME","Opponent":"Leader_JakeKing","SetLoadout":"THU_T2_Set","LevelPrefab":"CandyKingdom_BG","BoardPrefab":"GameBoard_CandyKingdom","PortraitBg":"CandyKingdom","VSIcon":"Icon_VS_Forest","BGM":"Music_Dungeon","XP":"1800","Stamina":"10","CustomAI":"Thursday"},
	{"QuestID":"THU_T3","LevelName":"!!QUEST_THU_T3_NAME","Opponent":"Leader_FinnDavey","SetLoadout":"THU_T3_Set","LevelPrefab":"CandyKingdom_BG","BoardPrefab":"GameBoard_CandyKingdom","PortraitBg":"CandyKingdom","VSIcon":"Icon_VS_Forest","BGM":"Music_Dungeon","XP":"2700","Stamina":"15"},
	{"QuestID":"THU_T4","LevelName":"!!QUEST_THU_T4_NAME","Opponent":"Leader_FinnDavey","SetLoadout":"THU_T4_Set","LevelPrefab":"CandyKingdom_BG","BoardPrefab":"GameBoard_CandyKingdom","PortraitBg":"CandyKingdom","VSIcon":"Icon_VS_Forest","BGM":"Music_Dungeon","XP":"4500","Stamina":"25","CustomAI":"Thursday"},
	{"QuestID":"TUE_T1","League":"Tuesday","LevelName":"!!QUEST_TUE_T1_NAME","Opponent":"Leader_LabPrincessBubblegum","SetLoadout":"TUE_T1_Set","LevelPrefab":"Badlands_BG","BoardPrefab":"GameBoard_Badlands","PortraitBg":"Badlands","VSIcon":"Icon_VS_Forest","BGM":"Music_Dungeon","XP":"900","Stamina":"5"},
	{"QuestID":"TUE_T2","LevelName":"!!QUEST_TUE_T2_NAME","Opponent":"Leader_YoungGrandPrixe","SetLoadout":"TUE_T2_Set","LevelPrefab":"Badlands_BG","BoardPrefab":"GameBoard_Badlands","PortraitBg":"Badlands","VSIcon":"Icon_VS_Forest","BGM":"Music_Dungeon","XP":"1800","Stamina":"10","CustomAI":"Tuesday"},
	{"QuestID":"TUE_T3","LevelName":"!!QUEST_TUE_T3_NAME","Opponent":"Leader_JakeKing","SetLoadout":"TUE_T3_Set","LevelPrefab":"Badlands_BG","BoardPrefab":"GameBoard_Badlands","PortraitBg":"Badlands","VSIcon":"Icon_VS_Forest","BGM":"Music_Dungeon","XP":"2700","Stamina":"15"},
	{"QuestID":"TUE_T4","LevelName":"!!QUEST_TUE_T4_NAME","Opponent":"Leader_JakeKing","SetLoadout":"TUE_T4_Set","LevelPrefab":"Badlands_BG","BoardPrefab":"GameBoard_Badlands","PortraitBg":"Badlands","VSIcon":"Icon_VS_Forest","BGM":"Music_Dungeon","XP":"4500","Stamina":"25","CustomAI":"Tuesday"},
	{"QuestID":"WED_T1","League":"Wednesday","LevelName":"!!QUEST_WED_T1_NAME","Opponent":"Leader_FinnDavey","SetLoadout":"WED_T1_Set","LevelPrefab":"MarcelinesCave_BG","BoardPrefab":"GameBoard_MarcelinesCave","PortraitBg":"MarcelinesCave","VSIcon":"Icon_VS_Forest","BGM":"Music_Dungeon","XP":"900","Stamina":"5"},
	{"QuestID":"WED_T2","LevelName":"!!QUEST_WED_T2_NAME","Opponent":"Leader_BlueFlamePrincess","SetLoadout":"WED_T2_Set","LevelPrefab":"MarcelinesCave_BG","BoardPrefab":"GameBoard_MarcelinesCave","PortraitBg":"MarcelinesCave","VSIcon":"Icon_VS_Forest","BGM":"Music_Dungeon","XP":"1800","Stamina":"10","CustomAI":"Wednesday"},
	{"QuestID":"WED_T3","LevelName":"!!QUEST_WED_T3_NAME","Opponent":"Leader_LabPrincessBubblegum","SetLoadout":"WED_T3_Set","LevelPrefab":"MarcelinesCave_BG","BoardPrefab":"GameBoard_MarcelinesCave","PortraitBg":"MarcelinesCave","VSIcon":"Icon_VS_Forest","BGM":"Music_Dungeon","XP":"2700","Stamina":"15"},
	{"QuestID":"WED_T4","LevelName":"!!QUEST_WED_T4_NAME","Opponent":"Leader_LabPrincessBubblegum","SetLoadout":"WED_T4_Set","LevelPrefab":"MarcelinesCave_BG","BoardPrefab":"GameBoard_MarcelinesCave","PortraitBg":"MarcelinesCave","VSIcon":"Icon_VS_Forest","BGM":"Music_Dungeon","XP":"4500","Stamina":"25","CustomAI":"Wednesday"},
	{"QuestID":"GOLD_DUNGEON_T1","League":"GoldDungeon","LevelName":"!!QUEST_GOLD_DUNGEON_T1_NAME","Opponent":"Leader_LumpySpacePrincess_Masquerade","SetLoadout":"GOLD_DUNGEON_T1","LevelPrefab":"LumpySpace_BG","BoardPrefab":"GameBoard_LumpySpace","PortraitBg":"LumpySpace","VSIcon":"Icon_VS_Forest","BGM":"Music_Dungeon","XP":"900","Stamina":"5"},
	{"QuestID":"GOLD_DUNGEON_T2","LevelName":"!!QUEST_GOLD_DUNGEON_T2_NAME","Opponent":"Leader_LumpySpacePrincess_Masquerade","SetLoadout":"GOLD_DUNGEON_T2","LevelPrefab":"LumpySpace_BG","BoardPrefab":"GameBoard_LumpySpace","PortraitBg":"LumpySpace","VSIcon":"Icon_VS_Forest","BGM":"Music_Dungeon","XP":"1800","Stamina":"10"},
	{"QuestID":"GOLD_DUNGEON_T3","LevelName":"!!QUEST_GOLD_DUNGEON_T3_NAME","Opponent":"Leader_LumpySpacePrincess_Masquerade","SetLoadout":"GOLD_DUNGEON_T3","LevelPrefab":"LumpySpace_BG","BoardPrefab":"GameBoard_LumpySpace","PortraitBg":"LumpySpace","VSIcon":"Icon_VS_Forest","BGM":"Music_Dungeon","XP":"3600","Stamina":"20"},
	{"QuestID":"GOLD_DUNGEON_T4","LevelName":"!!QUEST_GOLD_DUNGEON_T4_NAME","Opponent":"Leader_LumpySpacePrincess_Masquerade","SetLoadout":"GOLD_DUNGEON_T4","LevelPrefab":"LumpySpace_BG","BoardPrefab":"GameBoard_LumpySpace","PortraitBg":"LumpySpace","VSIcon":"Icon_VS_Forest","BGM":"Music_Dungeon","XP":"5400","Stamina":"30"},
	{"QuestID":"CAKE_T1_Corn","League":"CakeCorn","LevelName":"!!QUEST_CAKE_T1_Corn_NAME","Opponent":"Leader_JakeKing","SetLoadout":"CAKE_T1_Corn","LevelPrefab":"Inn_BG","BoardPrefab":"GameBoard_TreeFort","PortraitBg":"TreeFort","VSIcon":"Icon_VS_Forest","BGM":"Music_Dungeon","XP":"900","Stamina":"5"},
	{"QuestID":"CAKE_T2_Corn","LevelName":"!!QUEST_CAKE_T2_Corn_NAME","Opponent":"Leader_JakeKing","SetLoadout":"CAKE_T2_Corn","LevelPrefab":"Inn_BG","BoardPrefab":"GameBoard_TreeFort","PortraitBg":"TreeFort","VSIcon":"Icon_VS_Forest","BGM":"Music_Dungeon","XP":"2700","Stamina":"15"},
	{"QuestID":"CAKE_T3_Corn","LevelName":"!!QUEST_CAKE_T3_Corn_NAME","Opponent":"Leader_JakeKing","SetLoadout":"CAKE_T3_Corn","LevelPrefab":"Inn_BG","BoardPrefab":"GameBoard_TreeFort","PortraitBg":"TreeFort","VSIcon":"Icon_VS_Forest","BGM":"Music_Dungeon","XP":"8100","Stamina":"45"},
	{"QuestID":"CAKE_T1_Plains","League":"CakePlains","LevelName":"!!QUEST_CAKE_T1_Plains_NAME","Opponent":"Leader_FinnDavey","SetLoadout":"CAKE_T1_Plains","LevelPrefab":"Badlands_BG","BoardPrefab":"GameBoard_Badlands","PortraitBg":"Badlands","VSIcon":"Icon_VS_Forest","BGM":"Music_Dungeon","XP":"900","Stamina":"5"},
	{"QuestID":"CAKE_T2_Plains","LevelName":"!!QUEST_CAKE_T2_Plains_NAME","Opponent":"Leader_FinnDavey","SetLoadout":"CAKE_T2_Plains","LevelPrefab":"Badlands_BG","BoardPrefab":"GameBoard_Badlands","PortraitBg":"Badlands","VSIcon":"Icon_VS_Forest","BGM":"Music_Dungeon","XP":"2700","Stamina":"15"},
	{"QuestID":"CAKE_T3_Plains","LevelName":"!!QUEST_CAKE_T3_Plains_NAME","Opponent":"Leader_FinnDavey","SetLoadout":"CAKE_T3_Plains","LevelPrefab":"Badlands_BG","BoardPrefab":"GameBoard_Badlands","PortraitBg":"Badlands","VSIcon":"Icon_VS_Forest","BGM":"Music_Dungeon","XP":"8100","Stamina":"45"},
	{"QuestID":"CAKE_T1_Sand","League":"CakeSand","LevelName":"!!QUEST_CAKE_T1_Sand_NAME","Opponent":"Leader_BlueFlamePrincess","SetLoadout":"CAKE_T1_Sand","LevelPrefab":"FireKingdom_BG","BoardPrefab":"GameBoard_FireKingdom","PortraitBg":"FireKingdom","VSIcon":"Icon_VS_Forest","BGM":"Music_Dungeon","XP":"900","Stamina":"5"},
	{"QuestID":"CAKE_T2_Sand","LevelName":"!!QUEST_CAKE_T2_Sand_NAME","Opponent":"Leader_BlueFlamePrincess","SetLoadout":"CAKE_T2_Sand","LevelPrefab":"FireKingdom_BG","BoardPrefab":"GameBoard_FireKingdom","PortraitBg":"FireKingdom","VSIcon":"Icon_VS_Forest","BGM":"Music_Dungeon","XP":"2700","Stamina":"15"},
	{"QuestID":"CAKE_T3_Sand","LevelName":"!!QUEST_CAKE_T3_Sand_NAME","Opponent":"Leader_BlueFlamePrincess","SetLoadout":"CAKE_T3_Sand","LevelPrefab":"FireKingdom_BG","BoardPrefab":"GameBoard_FireKingdom","PortraitBg":"FireKingdom","VSIcon":"Icon_VS_Forest","BGM":"Music_Dungeon","XP":"8100","Stamina":"45"},
	{"QuestID":"CAKE_T1_Nice","League":"CakeNice","LevelName":"!!QUEST_CAKE_T1_Nice_NAME","Opponent":"Leader_LabPrincessBubblegum","SetLoadout":"CAKE_T1_Nice","LevelPrefab":"CandyKingdom_BG","BoardPrefab":"GameBoard_CandyKingdom","PortraitBg":"CandyKingdom","VSIcon":"Icon_VS_Forest","BGM":"Music_Dungeon","XP":"900","Stamina":"5"},
	{"QuestID":"CAKE_T2_Nice","LevelName":"!!QUEST_CAKE_T2_Nice_NAME","Opponent":"Leader_LabPrincessBubblegum","SetLoadout":"CAKE_T2_Nice","LevelPrefab":"CandyKingdom_BG","BoardPrefab":"GameBoard_CandyKingdom","PortraitBg":"CandyKingdom","VSIcon":"Icon_VS_Forest","BGM":"Music_Dungeon","XP":"2700","Stamina":"15"},
	{"QuestID":"CAKE_T3_Nice","LevelName":"!!QUEST_CAKE_T3_Nice_NAME","Opponent":"Leader_LabPrincessBubblegum","SetLoadout":"CAKE_T3_Nice","LevelPrefab":"CandyKingdom_BG","BoardPrefab":"GameBoard_CandyKingdom","PortraitBg":"CandyKingdom","VSIcon":"Icon_VS_Forest","BGM":"Music_Dungeon","XP":"8100","Stamina":"45"},
	{"QuestID":"CAKE_T1_Swamp","League":"CakeSwamp","LevelName":"!!QUEST_CAKE_T1_Swamp_NAME","Opponent":"Leader_Marceline_Stakes","SetLoadout":"CAKE_T1_Swamp","LevelPrefab":"MarcelinesCave_BG","BoardPrefab":"GameBoard_MarcelinesCave","PortraitBg":"MarcelinesCave","VSIcon":"Icon_VS_Forest","BGM":"Music_Dungeon","XP":"900","Stamina":"5"},
	{"QuestID":"CAKE_T2_Swamp","LevelName":"!!QUEST_CAKE_T2_Swamp_NAME","Opponent":"Leader_Marceline_Stakes","SetLoadout":"CAKE_T2_Swamp","LevelPrefab":"MarcelinesCave_BG","BoardPrefab":"GameBoard_MarcelinesCave","PortraitBg":"MarcelinesCave","VSIcon":"Icon_VS_Forest","BGM":"Music_Dungeon","XP":"2700","Stamina":"15"},
	{"QuestID":"CAKE_T3_Swamp","LevelName":"!!QUEST_CAKE_T3_Swamp_NAME","Opponent":"Leader_Marceline_Stakes","SetLoadout":"CAKE_T3_Swamp","LevelPrefab":"MarcelinesCave_BG","BoardPrefab":"GameBoard_MarcelinesCave","PortraitBg":"MarcelinesCave","VSIcon":"Icon_VS_Forest","BGM":"Music_Dungeon","XP":"8100","Stamina":"45"},
	{"QuestID":"PLAINJANE_T1","League":"PlainJane_DUNGEON","LevelName":"!!QUEST_PLAINJANE_T1_NAME","Opponent":"Leader_Marceline_Stakes","SetLoadout":"PLAINJANE_T1_DUNGEON","LevelPrefab":"MarcelinesCave_BG","BoardPrefab":"GameBoard_MarcelinesCave","PortraitBg":"MarcelinesCave","VSIcon":"Icon_VS_Forest","BGM":"Music_Dungeon","XP":"1800","Stamina":"10","CustomAI":"PLAINJANE_T1"},
	{"QuestID":"PLAINJANE_T2","LevelName":"!!QUEST_PLAINJANE_T2_NAME","Opponent":"Leader_Marceline_Stakes","SetLoadout":"PLAINJANE_T2_DUNGEON","LevelPrefab":"MarcelinesCave_BG","BoardPrefab":"GameBoard_MarcelinesCave","PortraitBg":"MarcelinesCave","VSIcon":"Icon_VS_Forest","BGM":"Music_Dungeon","XP":"4500","Stamina":"10","CustomAI":"PLAINJANE_T2"},
	{"QuestID":"PLAINJANE_T3","LevelName":"!!QUEST_PLAINJANE_T3_NAME","Opponent":"Leader_Marceline_Stakes","SetLoadout":"PLAINJANE_T3_DUNGEON","LevelPrefab":"MarcelinesCave_BG","BoardPrefab":"GameBoard_MarcelinesCave","PortraitBg":"MarcelinesCave","VSIcon":"Icon_VS_Forest","BGM":"Music_Dungeon","XP":"8100","Stamina":"15","CustomAI":"PLAINJANE_T3","BroadcastWin":"True"},
	{"QuestID":"PLAINJANE_T4","LevelName":"!!QUEST_PLAINJANE_T4_NAME","Opponent":"Leader_Marceline_Stakes","SetLoadout":"PLAINJANE_T4_DUNGEON","LevelPrefab":"MarcelinesCave_BG","BoardPrefab":"GameBoard_MarcelinesCave","PortraitBg":"MarcelinesCave","VSIcon":"Icon_VS_Forest","BGM":"Music_Dungeon","XP":"10000","Stamina":"25","CustomAI":"PLAINJANE_T4","BroadcastWin":"True"},
	{"QuestID":"HUSKERDRAGON_T1","League":"HuskerDragon_DUNGEON","LevelName":"!!QUEST_HUSKERDRAGON_T1_NAME","Opponent":"Leader_JakeKing","SetLoadout":"HUSKERDRAGON_T1_DUNGEON","LevelPrefab":"MarcelinesCave_BG","BoardPrefab":"GameBoard_TreeFort","PortraitBg":"TreeFort","VSIcon":"Icon_VS_Forest","BGM":"Music_Dungeon","XP":"1800","Stamina":"10","CustomAI":"HUSKERDRAGON_T1","ForceFirstPlayer":"Opponent"},
	{"QuestID":"HUSKERDRAGON_T2","LevelName":"!!QUEST_HUSKERDRAGON_T2_NAME","Opponent":"Leader_JakeKing","SetLoadout":"HUSKERDRAGON_T2_DUNGEON","LevelPrefab":"MarcelinesCave_BG","BoardPrefab":"GameBoard_TreeFort","PortraitBg":"TreeFort","VSIcon":"Icon_VS_Forest","BGM":"Music_Dungeon","XP":"4500","Stamina":"25","CustomAI":"HUSKERDRAGON_T2","ForceFirstPlayer":"Opponent"},
	{"QuestID":"HUSKERDRAGON_T3","LevelName":"!!QUEST_HUSKERDRAGON_T3_NAME","Opponent":"Leader_JakeKing","SetLoadout":"HUSKERDRAGON_T3_DUNGEON","LevelPrefab":"MarcelinesCave_BG","BoardPrefab":"GameBoard_TreeFort","PortraitBg":"TreeFort","VSIcon":"Icon_VS_Forest","BGM":"Music_Dungeon","XP":"8100","Stamina":"45","CustomAI":"HUSKERDRAGON_T3","BroadcastWin":"True","ForceFirstPlayer":"Opponent"},
	{"QuestID":"HUSKERDRAGON_T4","LevelName":"!!QUEST_HUSKERDRAGON_T4_NAME","Opponent":"Leader_JakeKing","SetLoadout":"HUSKERDRAGON_T4_DUNGEON","LevelPrefab":"MarcelinesCave_BG","BoardPrefab":"GameBoard_TreeFort","PortraitBg":"TreeFort","VSIcon":"Icon_VS_Forest","BGM":"Music_Dungeon","XP":"9000","Stamina":"50","CustomAI":"HUSKERDRAGON_T4","BroadcastWin":"True","ForceFirstPlayer":"Opponent"},
	{"QuestID":"ALECSANDER_T1","League":"AlecSander_DUNGEON","LevelName":"!!QUEST_ALECSANDER_T1_NAME","Opponent":"Leader_FlamePrincess","EnemyCount":"19","SetLoadout":"ALECSANDER_T1_DUNGEON","RandomLoadout":"ALECSANDER_T1_DUNGEONPOOL","LevelPrefab":"Badlands_BG","BoardPrefab":"GameBoard_Badlands","PortraitBg":"Badlands","VSIcon":"Icon_VS_Forest","BGM":"Music_Dungeon","XP":"1800","Stamina":"10","CustomAI":"ALECSANDER","ForceFirstPlayer":"Opponent"},
	{"QuestID":"ALECSANDER_T2","LevelName":"!!QUEST_ALECSANDER_T2_NAME","Opponent":"Leader_FlamePrincess","EnemyCount":"19","SetLoadout":"ALECSANDER_T2_DUNGEON","RandomLoadout":"ALECSANDER_T2_DUNGEONPOOL","LevelPrefab":"Badlands_BG","BoardPrefab":"GameBoard_Badlands","PortraitBg":"Badlands","VSIcon":"Icon_VS_Forest","BGM":"Music_Dungeon","XP":"4500","Stamina":"25","CustomAI":"ALECSANDER","ForceFirstPlayer":"Opponent"},
	{"QuestID":"ALECSANDER_T3","LevelName":"!!QUEST_ALECSANDER_T3_NAME","Opponent":"Leader_FlamePrincess","EnemyCount":"19","SetLoadout":"ALECSANDER_T1_DUNGEON","RandomLoadout":"ALECSANDER_T3_DUNGEONPOOL","LevelPrefab":"Badlands_BG","BoardPrefab":"GameBoard_Badlands","PortraitBg":"Badlands","VSIcon":"Icon_VS_Forest","BGM":"Music_Dungeon","XP":"8100","Stamina":"45","CustomAI":"ALECSANDER","BroadcastWin":"True","ForceFirstPlayer":"Opponent"},
	{"QuestID":"ALECSANDER_T4","LevelName":"!!QUEST_ALECSANDER_T4_NAME","Opponent":"Leader_FlamePrincess","EnemyCount":"19","SetLoadout":"ALECSANDER_T2_DUNGEON","RandomLoadout":"ALECSANDER_T4_DUNGEONPOOL","LevelPrefab":"Badlands_BG","BoardPrefab":"GameBoard_Badlands","PortraitBg":"Badlands","VSIcon":"Icon_VS_Forest","BGM":"Music_Dungeon","XP":"9000","Stamina":"50","CustomAI":"ALECSANDER","BroadcastWin":"True","ForceFirstPlayer":"Opponent"},
	{"QuestID":"BIRDS_T1","League":"Birds_DUNGEON","LevelName":"Nice Bird (Easy)","Opponent":"Leader_LabPrincessBubblegum","SetLoadout":"BIRDS_T1_DUNGEON","LevelPrefab":"CandyKingdom_BG","BoardPrefab":"GameBoard_CandyKingdom","PortraitBg":"CandyKingdom","VSIcon":"Icon_VS_Forest","BGM":"Music_Dungeon","XP":"2500","Stamina":"20","ForceFirstPlayer":"Opponent"},
	{"QuestID":"BIRDS_T2","LevelName":"Hate Bird (Hard)","Opponent":"Leader_LabPrincessBubblegum","SetLoadout":"BIRDS_T2_DUNGEON","LevelPrefab":"CandyKingdom_BG","BoardPrefab":"GameBoard_CandyKingdom","PortraitBg":"CandyKingdom","VSIcon":"Icon_VS_Forest","BGM":"Music_Dungeon","XP":"5000","Stamina":"30","ForceFirstPlayer":"Opponent"},
	{"QuestID":"CORN_0006_DUNGEON","League":"CORN_0006_DUNGEON","LevelName":"!!QUEST_CORN_0006_DUNGEON_NAME","Opponent":"Leader_JakeKing","SetLoadout":"CORN_0006_DUNGEON","LevelPrefab":"Inn_BG","BoardPrefab":"GameBoard_TreeFort","PortraitBg":"TreeFort","VSIcon":"Icon_VS_Forest","BGM":"Music_Dungeon","XP":"1800","Stamina":"10","RequiredCreature":"HuskerGiant_Base"},
	{"QuestID":"CORN_0008_DUNGEON","League":"CORN_0008_DUNGEON","LevelName":"!!QUEST_CORN_0008_DUNGEON_NAME","Opponent":"Leader_JakeKing","SetLoadout":"CORN_0008_DUNGEON","LevelPrefab":"Inn_BG","BoardPrefab":"GameBoard_TreeFort","PortraitBg":"TreeFort","VSIcon":"Icon_VS_Forest","BGM":"Music_Dungeon","XP":"1800","Stamina":"10","RequiredCreature":"ArcherDan_Base"},
	{"QuestID":"CORN_0031_DUNGEON","League":"CORN_0031_DUNGEON","LevelName":"CARD - Ghost of Maize","Opponent":"Leader_EarlOfLemongrab","SetLoadout":"CORN_0031_DUNGEON","LevelPrefab":"Inn_BG","BoardPrefab":"GameBoard_TreeFort","PortraitBg":"TreeFort","VSIcon":"Icon_VS_Forest","BGM":"Music_Dungeon","XP":"1800","Stamina":"65","RequiredCreature":"CornRonin_Base"},
	{"QuestID":"CORN_0045_DUNGEON","League":"CORN_0045_DUNGEON","LevelName":"CARD - River Of Swords","Opponent":"Leader_EarlOfLemongrab","SetLoadout":"CORN_0045_DUNGEON","LevelPrefab":"Inn_BG","BoardPrefab":"GameBoard_TreeFort","PortraitBg":"TreeFort","VSIcon":"Icon_VS_Forest","BGM":"Music_Dungeon","XP":"1800","Stamina":"65","RequiredCreature":"CaptainTaco_Base"},
	{"QuestID":"CORN_0004_DUNGEON","League":"CORN_0004_DUNGEON","LevelName":"!!QUEST_CORN_0004_DUNGEON_NAME","Opponent":"Leader_JakeKing","SetLoadout":"CORN_0004_DUNGEON","LevelPrefab":"Inn_BG","BoardPrefab":"GameBoard_TreeFort","PortraitBg":"TreeFort","VSIcon":"Icon_VS_Forest","BGM":"Music_Dungeon","XP":"1800","Stamina":"10","RequiredCreature":"HuskerTanker_Base"},
	{"QuestID":"CORN_0024_DUNGEON","League":"CORN_0024_DUNGEON","LevelName":"!!QUEST_CORN_0024_DUNGEON_NAME","Opponent":"Leader_JakeKing","SetLoadout":"CORN_0024_DUNGEON","LevelPrefab":"Inn_BG","BoardPrefab":"GameBoard_TreeFort","PortraitBg":"TreeFort","VSIcon":"Icon_VS_Forest","BGM":"Music_Dungeon","XP":"1800","Stamina":"10","RequiredCreature":"PoppaCorn_Base"},
	{"QuestID":"CORN_0002_DUNGEON","League":"CORN_0002_DUNGEON","LevelName":"!!QUEST_CORN_0002_DUNGEON_NAME","Opponent":"Leader_JakeKing","SetLoadout":"CORN_0002_DUNGEON","LevelPrefab":"Inn_BG","BoardPrefab":"GameBoard_TreeFort","PortraitBg":"TreeFort","VSIcon":"Icon_VS_Forest","BGM":"Music_Dungeon","XP":"1800","Stamina":"10","RequiredCreature":"DonkeyKhan_Base"},
	{"QuestID":"PLAINS_0003_DUNGEON","League":"PLAINS_0003_DUNGEON","LevelName":"!!QUEST_PLAINS_0003_DUNGEON_NAME","Opponent":"Leader_FinnDavey","SetLoadout":"PLAINS_0003_DUNGEON","LevelPrefab":"Inn_BG","BoardPrefab":"GameBoard_TreeFort","PortraitBg":"TreeFort","VSIcon":"Icon_VS_Forest","BGM":"Music_Dungeon","XP":"1800","Stamina":"10","RequiredCreature":"KnightOfObesity_Base"},
	{"QuestID":"PLAINS_0004_DUNGEON","League":"PLAINS_0004_DUNGEON","LevelName":"!!QUEST_PLAINS_0004_DUNGEON_NAME","Opponent":"Leader_FinnDavey","SetLoadout":"PLAINS_0004_DUNGEON","LevelPrefab":"Inn_BG","BoardPrefab":"GameBoard_TreeFort","PortraitBg":"TreeFort","VSIcon":"Icon_VS_Forest","BGM":"Music_Dungeon","XP":"1800","Stamina":"10","RequiredCreature":"StruzanJinn_Base"},
	{"QuestID":"PLAINS_0021_DUNGEON","League":"PLAINS_0021_DUNGEON","LevelName":"CARD - Diplomatic Immunity","Opponent":"Leader_BMO","SetLoadout":"PLAINS_0021_DUNGEON","LevelPrefab":"Inn_BG","BoardPrefab":"GameBoard_TreeFort","PortraitBg":"TreeFort","VSIcon":"Icon_VS_Forest","BGM":"Music_Dungeon","XP":"1800","Stamina":"65","RequiredCreature":"ElfMarauder_Base"},
	{"QuestID":"PLAINS_0026_DUNGEON","League":"PLAINS_0026_DUNGEON","LevelName":"!!QUEST_PLAINS_0026_DUNGEON_NAME","Opponent":"Leader_FinnDavey","SetLoadout":"PLAINS_0026_DUNGEON","LevelPrefab":"Inn_BG","BoardPrefab":"GameBoard_TreeFort","PortraitBg":"TreeFort","VSIcon":"Icon_VS_Forest","BGM":"Music_Dungeon","XP":"1800","Stamina":"10","RequiredCreature":"Tomezooka_Base"},
	{"QuestID":"PLAINS_0013_DUNGEON","League":"PLAINS_0013_DUNGEON","LevelName":"!!QUEST_PLAINS_0013_DUNGEON_NAME","Opponent":"Leader_FinnDavey","SetLoadout":"PLAINS_0013_DUNGEON","LevelPrefab":"Inn_BG","BoardPrefab":"GameBoard_TreeFort","PortraitBg":"TreeFort","VSIcon":"Icon_VS_Forest","BGM":"Music_Dungeon","XP":"1800","Stamina":"10","RequiredCreature":"ArmourOfBooks_Base"},
	{"QuestID":"PLAINS_0008_DUNGEON","League":"PLAINS_0008_DUNGEON","LevelName":"!!QUEST_PLAINS_0008_DUNGEON_NAME","Opponent":"Leader_FinnDavey","SetLoadout":"PLAINS_0008_DUNGEON","LevelPrefab":"Inn_BG","BoardPrefab":"GameBoard_TreeFort","PortraitBg":"TreeFort","VSIcon":"Icon_VS_Forest","BGM":"Music_Dungeon","XP":"1800","Stamina":"10","RequiredCreature":"AncientScholar_Base"},
	{"QuestID":"SAND_0001_DUNGEON","League":"SAND_0001_DUNGEON","LevelName":"!!QUEST_SAND_0001_DUNGEON_NAME","Opponent":"Leader_BlueFlamePrincess","SetLoadout":"SAND_0001_DUNGEON","LevelPrefab":"Inn_BG","BoardPrefab":"GameBoard_TreeFort","PortraitBg":"TreeFort","VSIcon":"Icon_VS_Forest","BGM":"Music_Dungeon","XP":"1800","Stamina":"10","RequiredCreature":"CactusThug_Base"},
	{"QuestID":"SAND_0002_DUNGEON","League":"SAND_0002_DUNGEON","LevelName":"!!QUEST_SAND_0002_DUNGEON_NAME","Opponent":"Leader_BlueFlamePrincess","SetLoadout":"SAND_0002_DUNGEON","LevelPrefab":"Inn_BG","BoardPrefab":"GameBoard_TreeFort","PortraitBg":"TreeFort","VSIcon":"Icon_VS_Forest","BGM":"Music_Dungeon","XP":"1800","Stamina":"10","RequiredCreature":"Ra_Base"},
	{"QuestID":"SAND_0015_DUNGEON","League":"SAND_0015_DUNGEON","LevelName":"!!QUEST_SAND_0015_DUNGEON_NAME","Opponent":"Leader_BlueFlamePrincess","SetLoadout":"SAND_0015_DUNGEON","LevelPrefab":"Inn_BG","BoardPrefab":"GameBoard_TreeFort","PortraitBg":"TreeFort","VSIcon":"Icon_VS_Forest","BGM":"Music_Dungeon","XP":"1800","Stamina":"10","RequiredCreature":"Nefertiti_Base"},
	{"QuestID":"SAND_0005_DUNGEON","League":"SAND_0005_DUNGEON","LevelName":"!!QUEST_SAND_0005_DUNGEON_NAME","Opponent":"Leader_BlueFlamePrincess","SetLoadout":"SAND_0005_DUNGEON","LevelPrefab":"Inn_BG","BoardPrefab":"GameBoard_TreeFort","PortraitBg":"TreeFort","VSIcon":"Icon_VS_Forest","BGM":"Music_Dungeon","XP":"1800","Stamina":"10","RequiredCreature":"PyramidTheKid_Base"},
	{"QuestID":"SAND_0003_DUNGEON","League":"SAND_0003_DUNGEON","LevelName":"!!QUEST_SAND_0003_DUNGEON_NAME","Opponent":"Leader_BlueFlamePrincess","SetLoadout":"SAND_0003_DUNGEON","LevelPrefab":"Inn_BG","BoardPrefab":"GameBoard_TreeFort","PortraitBg":"TreeFort","VSIcon":"Icon_VS_Forest","BGM":"Music_Dungeon","XP":"1800","Stamina":"10","RequiredCreature":"Sandwitch_Base"},
	{"QuestID":"SAND_0017_DUNGEON","League":"SAND_0017_DUNGEON","LevelName":"!!QUEST_SAND_0017_DUNGEON_NAME","Opponent":"Leader_BlueFlamePrincess","SetLoadout":"SAND_0017_DUNGEON","LevelPrefab":"Inn_BG","BoardPrefab":"GameBoard_TreeFort","PortraitBg":"TreeFort","VSIcon":"Icon_VS_Forest","BGM":"Music_Dungeon","XP":"1800","Stamina":"10","RequiredCreature":"LadyScarab_Base"},
	{"QuestID":"SAND_0047_DUNGEON","League":"SAND_0047_DUNGEON","LevelName":"CARD - Last Will Detriment","Opponent":"Leader_BananaGuard","SetLoadout":"SAND_0047_DUNGEON","LevelPrefab":"Inn_BG","BoardPrefab":"GameBoard_TreeFort","PortraitBg":"TreeFort","VSIcon":"Icon_VS_Forest","BGM":"Music_Dungeon","XP":"1800","Stamina":"65","RequiredCreature":"SandEyeBat_Base"},
	{"QuestID":"NICE_0001_DUNGEON","League":"NICE_0001_DUNGEON","LevelName":"!!QUEST_NICE_0001_DUNGEON_NAME","Opponent":"Leader_LabPrincessBubblegum","SetLoadout":"NICE_0001_DUNGEON","LevelPrefab":"Inn_BG","BoardPrefab":"GameBoard_TreeFort","PortraitBg":"TreeFort","VSIcon":"Icon_VS_Forest","BGM":"Music_Dungeon","XP":"1800","Stamina":"10","RequiredCreature":"Cow_Base"},
	{"QuestID":"NICE_0027_DUNGEON","League":"NICE_0027_DUNGEON","LevelName":"!!QUEST_NICE_0027_DUNGEON_NAME","Opponent":"Leader_LabPrincessBubblegum","SetLoadout":"NICE_0027_DUNGEON","LevelPrefab":"Inn_BG","BoardPrefab":"GameBoard_TreeFort","PortraitBg":"TreeFort","VSIcon":"Icon_VS_Forest","BGM":"Music_Dungeon","XP":"1800","Stamina":"10","RequiredCreature":"Shepard_Base"},
	{"QuestID":"NICE_0019_DUNGEON","League":"NICE_0019_DUNGEON","LevelName":"!!QUEST_NICE_0019_DUNGEON_NAME","Opponent":"Leader_LabPrincessBubblegum","SetLoadout":"NICE_0019_DUNGEON","LevelPrefab":"Inn_BG","BoardPrefab":"GameBoard_TreeFort","PortraitBg":"TreeFort","VSIcon":"Icon_VS_Forest","BGM":"Music_Dungeon","XP":"1800","Stamina":"10","RequiredCreature":"DollyLlama_Base"},
	{"QuestID":"NICE_0028_DUNGEON","League":"NICE_0028_DUNGEON","LevelName":"!!QUEST_NICE_0028_DUNGEON_NAME","Opponent":"Leader_LabPrincessBubblegum","SetLoadout":"NICE_0028_DUNGEON","LevelPrefab":"Inn_BG","BoardPrefab":"GameBoard_TreeFort","PortraitBg":"TreeFort","VSIcon":"Icon_VS_Forest","BGM":"Music_Dungeon","XP":"1800","Stamina":"10","RequiredCreature":"SoftRock_Base"},
	{"QuestID":"NICE_0030_DUNGEON","League":"NICE_0030_DUNGEON","LevelName":"!!QUEST_NICE_0030_DUNGEON_NAME","Opponent":"Leader_LabPrincessBubblegum","SetLoadout":"NICE_0030_DUNGEON","LevelPrefab":"Inn_BG","BoardPrefab":"GameBoard_TreeFort","PortraitBg":"TreeFort","VSIcon":"Icon_VS_Forest","BGM":"Music_Dungeon","XP":"1800","Stamina":"10","RequiredCreature":"KingFluff_Base"},
	{"QuestID":"NICE_0043_DUNGEON","League":"NICE_0043_DUNGEON","LevelName":"CARD - Fruit Cake","Opponent":"Leader_CinnamonBun","SetLoadout":"NICE_0043_DUNGEON","LevelPrefab":"Inn_BG","BoardPrefab":"GameBoard_TreeFort","PortraitBg":"TreeFort","VSIcon":"Icon_VS_Forest","BGM":"Music_Dungeon","XP":"1800","Stamina":"65","RequiredCreature":"AngelOfVanilla_Base"},
	{"QuestID":"SWAMP_0001_DUNGEON","League":"SWAMP_0001_DUNGEON","LevelName":"!!QUEST_SWAMP_0001_DUNGEON_NAME","Opponent":"Leader_Marceline_Stakes","SetLoadout":"SWAMP_0001_DUNGEON","LevelPrefab":"Inn_BG","BoardPrefab":"GameBoard_TreeFort","PortraitBg":"TreeFort","VSIcon":"Icon_VS_Forest","BGM":"Music_Dungeon","XP":"1800","Stamina":"10","RequiredCreature":"DrDeath_Base"},
	{"QuestID":"SWAMP_0002_DUNGEON","League":"SWAMP_0002_DUNGEON","LevelName":"!!QUEST_SWAMP_0002_DUNGEON_NAME","Opponent":"Leader_Marceline_Stakes","SetLoadout":"SWAMP_0002_DUNGEON","LevelPrefab":"Inn_BG","BoardPrefab":"GameBoard_TreeFort","PortraitBg":"TreeFort","VSIcon":"Icon_VS_Forest","BGM":"Music_Dungeon","XP":"1800","Stamina":"10","RequiredCreature":"MaiseWalker_Base"},
	{"QuestID":"SWAMP_0005_DUNGEON","League":"SWAMP_0005_DUNGEON","LevelName":"!!QUEST_SWAMP_0005_DUNGEON_NAME","Opponent":"Leader_Marceline_Stakes","SetLoadout":"SWAMP_0005_DUNGEON","LevelPrefab":"Inn_BG","BoardPrefab":"GameBoard_TreeFort","PortraitBg":"TreeFort","VSIcon":"Icon_VS_Forest","BGM":"Music_Dungeon","XP":"1800","Stamina":"10","RequiredCreature":"TheDrooler_Base"},
	{"QuestID":"SWAMP_0009_DUNGEON","League":"SWAMP_0009_DUNGEON","LevelName":"!!QUEST_SWAMP_0009_DUNGEON_NAME","Opponent":"Leader_Marceline_Stakes","SetLoadout":"SWAMP_0009_DUNGEON","LevelPrefab":"Inn_BG","BoardPrefab":"GameBoard_TreeFort","PortraitBg":"TreeFort","VSIcon":"Icon_VS_Forest","BGM":"Music_Dungeon","XP":"1800","Stamina":"10","RequiredCreature":"PeteMoss_Base"},
	{"QuestID":"SWAMP_0031_DUNGEON","League":"SWAMP_0031_DUNGEON","LevelName":"!!QUEST_SWAMP_0031_DUNGEON_NAME","Opponent":"Leader_Marceline_Stakes","SetLoadout":"SWAMP_0031_DUNGEON","LevelPrefab":"Inn_BG","BoardPrefab":"GameBoard_TreeFort","PortraitBg":"TreeFort","VSIcon":"Icon_VS_Forest","BGM":"Music_Dungeon","XP":"1800","Stamina":"10","RequiredCreature":"EnlightenedBaldMan_Base"},
	{"QuestID":"SWAMP_0003_DUNGEON","League":"SWAMP_0003_DUNGEON","LevelName":"CARD - Skeleton Key","Opponent":"Leader_Hunson","SetLoadout":"SWAMP_0003_DUNGEON","LevelPrefab":"Inn_BG","BoardPrefab":"GameBoard_TreeFort","PortraitBg":"TreeFort","VSIcon":"Icon_VS_Forest","BGM":"Music_Dungeon","XP":"1800","Stamina":"65","RequiredCreature":"ChestBurster_Base"},
	{"QuestID":"SWAMP_0051_DUNGEON","League":"SWAMP_0051_DUNGEON","LevelName":"CARD - Gossamer Beam","Opponent":"Leader_Hunson","SetLoadout":"SWAMP_0051_DUNGEON","LevelPrefab":"Inn_BG","BoardPrefab":"GameBoard_TreeFort","PortraitBg":"TreeFort","VSIcon":"Icon_VS_Forest","BGM":"Music_Dungeon","XP":"1800","Stamina":"65","RequiredCreature":"RainbowBarfer_Base"},
	{"QuestID":"ENERGYDRINK_T1","League":"ENERGYDRINK_DUNGEON","LevelName":"Mother Fluff Bucket (Medium)","Opponent":"Leader_PrincessBubblegum","SetLoadout":"ENERGYDRINK_T1_DUNGEON","LevelPrefab":"CandyKingdom_BG","BoardPrefab":"GameBoard_CandyKingdom","PortraitBg":"CandyKingdom","VSIcon":"Icon_VS_Forest","BGM":"Music_CandyKingdom","XP":"9500","Stamina":"20","CustomAI":"ENERGYDRINK","ForceFirstPlayer":"Opponent"},
	{"QuestID":"ENERGYDRINK_T2","League":"ENERGYDRINK_DUNGEON","LevelName":"Mother Fluff Bucket (Hard)","Opponent":"Leader_PrincessBubblegum","SetLoadout":"ENERGYDRINK_T2_DUNGEON","LevelPrefab":"CandyKingdom_BG","BoardPrefab":"GameBoard_CandyKingdom","PortraitBg":"CandyKingdom","VSIcon":"Icon_VS_Forest","BGM":"Music_CandyKingdom","XP":"12000","Stamina":"45","CustomAI":"ENERGYDRINK","ForceFirstPlayer":"Opponent"},
	{"QuestID":"BULL_T1","League":"Bull_DUNGEON","LevelName":"Bull (Extreme)","Opponent":"Leader_BananaGuard","SetLoadout":"BULL_T1_DUNGEON","LevelPrefab":"Badlands_BG","BoardPrefab":"GameBoard_Badlands","PortraitBg":"Badlands","VSIcon":"Icon_VS_Forest","BGM":"Music_Dungeon","XP":"8000","Stamina":"65","CustomAI":"BULL","ForceFirstPlayer":"Opponent"},
	{"QuestID":"MUTANTZOMBIEREX_T1","League":"MutantZombieRex_DUNGEON","LevelName":"Mutant Zombie Rex (Extreme)","Opponent":"Leader_Marceline_GHO","SetLoadout":"MUTANTZOMBIEREX_T1_DUNGEON","LevelPrefab":"MarcelinesCave_BG","BoardPrefab":"GameBoard_MarcelinesCave","PortraitBg":"MarcelinesCave","VSIcon":"Icon_VS_Forest","BGM":"Music_Dungeon","XP":"15000","Stamina":"65","CustomAI":"MUTANTZOMBIEREX","ForceFirstPlayer":"Opponent","BroadcastWin":"True"},
	{"QuestID":"SLUDGER_T1","League":"Sludger_DUNGEON","LevelName":"Sludger (Hard)","Opponent":"Leader_Jake_GHO","SetLoadout":"SLUDGER_T1_DUNGEON","LevelPrefab":"MarcelinesCave_BG","BoardPrefab":"GameBoard_MarcelinesCave","PortraitBg":"MarcelinesCave","VSIcon":"Icon_VS_Forest","BGM":"Music_Dungeon","XP":"5000","Stamina":"20","CustomAI":"SLUDGER_T1","ForceFirstPlayer":"Opponent","BroadcastWin":"True"},
	{"QuestID":"SLUDGER_T2","LevelName":"Sludger (Extreme)","Opponent":"Leader_Jake_GHO","SetLoadout":"SLUDGER_T2_DUNGEON","LevelPrefab":"MarcelinesCave_BG","BoardPrefab":"GameBoard_MarcelinesCave","PortraitBg":"MarcelinesCave","VSIcon":"Icon_VS_Forest","BGM":"Music_Dungeon","XP":"10000","Stamina":"45","CustomAI":"SLUDGER_T2","ForceFirstPlayer":"Opponent","BroadcastWin":"True"},
	{"QuestID":"RICH_T1","League":"RICH_DUNGEON","LevelName":"Golden Eye Bat (Easy)","Opponent":"Leader_YoungGrandPrixe","SetLoadout":"RICH_T1_DUNGEON","LevelPrefab":"Inn_BG","BoardPrefab":"GameBoard_TreeFort","PortraitBg":"TreeFort","VSIcon":"Icon_VS_Forest","BGM":"Music_Dungeon","XP":"8000","Stamina":"10","ForceFirstPlayer":"Opponent"},
	{"QuestID":"RICH_T2","LevelName":"Golden Cow (Hard)","Opponent":"Leader_YoungGrandPrixe","SetLoadout":"RICH_T2_DUNGEON","LevelPrefab":"Inn_BG","BoardPrefab":"GameBoard_TreeFort","PortraitBg":"TreeFort","VSIcon":"Icon_VS_Forest","BGM":"Music_Dungeon","XP":"12000","Stamina":"45","ForceFirstPlayer":"Opponent"},
	{"QuestID":"RICH_T3","LevelName":"Golden Dragon Foot (Extreme)","Opponent":"Leader_YoungGrandPrixe","SetLoadout":"RICH_T3_DUNGEON","LevelPrefab":"Inn_BG","BoardPrefab":"GameBoard_TreeFort","PortraitBg":"TreeFort","VSIcon":"Icon_VS_Forest","BGM":"Music_Dungeon","XP":"16000","Stamina":"80","ForceFirstPlayer":"Opponent"},
	{"QuestID":"SPIDER_T1","League":"SPIDER_DUNGEON","LevelName":"Extraordinary Spider (Extreme)","Opponent":"Leader_Marceline_Stakes","SetLoadout":"SPIDER_T1_DUNGEON","LevelPrefab":"MarcelinesCave_BG","BoardPrefab":"GameBoard_MarcelinesCave","PortraitBg":"MarcelinesCave","VSIcon":"Icon_VS_Forest","BGM":"Music_Dungeon","XP":"10000","Stamina":"45","CustomAI":"SPIDER","ForceFirstPlayer":"Opponent"},
	{"QuestID":"EARL_T1","League":"EARL_DUNGEON","LevelName":"Earl (Extreme)","Opponent":"Leader_YoungGrandPrixe","SetLoadout":"EARL_T1_DUNGEON","LevelPrefab":"LumpySpace_BG","BoardPrefab":"GameBoard_LumpySpace","PortraitBg":"LumpySpace","VSIcon":"Icon_VS_Forest","BGM":"Music_Dungeon","XP":"10000","Stamina":"45","CustomAI":"EARL","ForceFirstPlayer":"Opponent"},
	{"QuestID":"LadyScarab_Crit_01","League":"LadyScarab_Crit_DUNGEON","LevelName":"CRITICALS ONLY - Lady Scarab (Easy)","Opponent":"Leader_BlueFlamePrincess","SetLoadout":"LadyScarab_Crit_01","LevelPrefab":"Inn_BG","BoardPrefab":"GameBoard_TreeFort","PortraitBg":"TreeFort","VSIcon":"Icon_VS_Forest","BGM":"Music_Dungeon","XP":"2700","Stamina":"15","CustomAI":"GENERIC_CritsOnly"},
	{"QuestID":"LadyScarab_Crit_02","LevelName":"CRITICALS ONLY - Lady Scarab (Hard)","Opponent":"Leader_BlueFlamePrincess","SetLoadout":"LadyScarab_Crit_02","LevelPrefab":"Inn_BG","BoardPrefab":"GameBoard_TreeFort","PortraitBg":"TreeFort","VSIcon":"Icon_VS_Forest","BGM":"Music_Dungeon","XP":"5400","Stamina":"30","CustomAI":"GENERIC_CritsOnly"},
	{"QuestID":"LadyScarab_Crit_03","LevelName":"CRITICALS ONLY - Lady Scarab (Very Hard)","Opponent":"Leader_BlueFlamePrincess","SetLoadout":"LadyScarab_Crit_03","LevelPrefab":"Inn_BG","BoardPrefab":"GameBoard_TreeFort","PortraitBg":"TreeFort","VSIcon":"Icon_VS_Forest","BGM":"Music_Dungeon","XP":"8100","Stamina":"45","CustomAI":"GENERIC_CritsOnly"},
	{"QuestID":"AncientScholar_RandEnergy_01","League":"AncientScholar_RandEnergy_DUNGEON","LevelName":"ENERGY SCRAMBLE - Ancient Scholar (Easy)","Opponent":"Leader_FinnDavey","SetLoadout":"AncientScholar_RandEnergy_01","LevelPrefab":"Inn_BG","BoardPrefab":"GameBoard_TreeFort","PortraitBg":"TreeFort","VSIcon":"Icon_VS_Forest","BGM":"Music_Dungeon","XP":"2700","Stamina":"15","CustomAI":"GENERIC_RandEnergy"},
	{"QuestID":"AncientScholar_RandEnergy_02","LevelName":"ENERGY SCRAMBLE - Ancient Scholar (Hard)","Opponent":"Leader_FinnDavey","SetLoadout":"AncientScholar_RandEnergy_02","LevelPrefab":"Inn_BG","BoardPrefab":"GameBoard_TreeFort","PortraitBg":"TreeFort","VSIcon":"Icon_VS_Forest","BGM":"Music_Dungeon","XP":"5400","Stamina":"30","CustomAI":"GENERIC_RandEnergy"},
	{"QuestID":"AncientScholar_RandEnergy_03","LevelName":"ENERGY SCRAMBLE - Ancient Scholar (Very Hard)","Opponent":"Leader_FinnDavey","SetLoadout":"AncientScholar_RandEnergy_03","LevelPrefab":"Inn_BG","BoardPrefab":"GameBoard_TreeFort","PortraitBg":"TreeFort","VSIcon":"Icon_VS_Forest","BGM":"Music_Dungeon","XP":"8100","Stamina":"45","CustomAI":"GENERIC_RandEnergy"},
	{"QuestID":"TestMap1","League":"DungeonMaps","LevelName":"!!QUEST_TestMap1_NAME","Opponent":"Leader_GrandPrixe","SetLoadout":"Q1_Boss","LevelPrefab":"Inn_BG","BoardPrefab":"GameBoard_TreeFort","PortraitBg":"TreeFort","VSIcon":"Icon_VS_Lava","BGM":"Music_Mountains","XP":"175","Stamina":"1"},
	{"QuestID":"TestMap2","LevelName":"!!QUEST_TestMap2_NAME","Opponent":"Leader_GrandPrixe","SetLoadout":"Q1_Boss","LevelPrefab":"Inn_BG","BoardPrefab":"GameBoard_TreeFort","PortraitBg":"TreeFort","VSIcon":"Icon_VS_Ice","BGM":"Music_Ice","XP":"175","Stamina":"2"},
	{"QuestID":"Tutorial1","League":"Tutorial","LevelName":"!!QUEST_Tutorial1_NAME","Opponent":"Leader_JakeKing","SetLoadout":"Tutorial1","LevelPrefab":"Inn_BG","BoardPrefab":"GameBoard_TreeFort","PortraitBg":"TreeFort","BGM":"Music_TreeHouse","XP":"10","Stamina":"0"},
	{"QuestID":"PVP","League":"PVP","LevelName":"!!QUEST_PVP_NAME","SetLoadout":"Q1_Boss","LevelPrefab":"OilRig_BG","BoardPrefab":"GameBoard_OilRig","PortraitBg":"OilRig","VSIcon":"Icon_VS_Forest","BGM":"Music_OilRig"}
]