[
	{"ID":"1","Text":"!!Quickchat_Text_01"},
	{"ID":"2","Text":"!!Quickchat_Text_02"},
	{"ID":"3","Text":"!!Quickchat_Text_03"},
	{"ID":"4","Text":"!!Quickchat_Text_04"},
	{"ID":"5","Text":"!!Quickchat_Text_05"},
	{"ID":"6","Text":"!!Quickchat_Text_06"},
	{"ID":"7","Text":"!!Quickchat_Text_07"},
	{"ID":"8","Text":"!!Quickchat_Text_08"},
	{"ID":"9","Text":"!!Quickchat_Text_09"},
	{"ID":"10","Text":"!!Quickchat_Text_10"},
	{"ID":"11","Text":"!!Quickchat_Text_11"},
	{"ID":"12","Text":"!!Quickchat_Text_12"},
	{"ID":"13","Text":"!!Quickchat_Text_13"},
	{"ID":"14","Text":"!!Quickchat_Text_14"},
	{"ID":"15","Text":"!!Quickchat_Text_15"},
	{"ID":"16","Text":"!!Quickchat_Text_16"},
	{"ID":"17","Text":"!!Quickchat_Text_17"},
	{"ID":"18","Text":"!!Quickchat_Text_18"},
	{"ID":"19","Text":"!!Quickchat_Text_19"},
	{"ID":"20","Text":"!!Quickchat_Text_20"},
	{"ID":"21","Text":"!!Quickchat_Text_21"},
	{"ID":"22","Text":"!!Quickchat_Text_22"},
	{"ID":"23","Text":"!!Quickchat_Text_23"},
	{"ID":"24","Text":"!!Quickchat_Text_24"},
	{"ID":"25","Text":"!!Quickchat_Text_25"},
	{"ID":"26","Text":"Nice Deck."},
	{"ID":"27","Text":"You did Great!"},
	{"ID":"28","Text":"The Food Trio Shall Rise!"},
	{"ID":"29","Text":"difficult situation over here.."},
	{"ID":"30","Text":"Oh My Glob!"},
	{"ID":"31","Text":"Violence!"},
    {"ID":"32","Text":"In your Face Dweeb!"},
    {"ID":"33","Text":"interesting.."},
    {"ID":"34","Text":"Clocks Tickin."},
    {"ID":"35","Text":"Be Right Back"},
    {"ID":"36","Text":"Gotta go"},
    {"ID":"37","Text":"Fall."},
]
