[
	{"RewardType":"RankXP","Weight":"-1"},
	{"RewardType":"EvoMaterial","SubType":"Red","Weight":"10"},
	{"RewardType":"^","SubType":"Green","Weight":"10"},
	{"RewardType":"^","SubType":"Blue","Weight":"10"},
	{"RewardType":"^","SubType":"Dark","Weight":"10"},
	{"RewardType":"^","SubType":"Light","Weight":"10"},
	{"RewardType":"^","SubType":"Special","Weight":"1"},
	{"RewardType":"SoftCurrency","Weight":"10"},
	{"RewardType":"SocialCurrency","Weight":"10"},
	{"RewardType":"HardCurrency","Weight":"1"},
	{"RewardType":"Creature","SubType":"Random","Weight":"10"},
	{"RewardType":"^","SubType":"Dieclops","Weight":"5"}
]
