[
	{"Floor":"1","AvgCreatureLevel":"2","CreatureLevelVar":"1","MinRarity":"1","MaxRarity":"2","AvgPassivePercent":"0","PassivePercentVar":"0","EnemyCount":"4","Battles":"2","Paths":"3","RankXP":"100","TargetedRankXP":"500","SoftCurrencyWeight":"200","SoftCurrencyAmount":"300","TargetedSoftCurrencyAmount":"1500","SocialCurrencyWeight":"40","TargetedSocialCurrencyWeight":"400","SocialCurrencyAmount":"30","TargetedHardCurrencyChance":"0.1","Material1StarWeight":"5","TargetedMaterial1StarWeight":"500","TargetedCreatureWeight":"200","TargetedCreatureTable":"RandomDungeon1","TargetedCreatureLevel":"1","DisplayCreatureRarity":"1"},
	{"Floor":"2","AvgCreatureLevel":"3","CreatureLevelVar":"1","MinRarity":"1","MaxRarity":"2","AvgPassivePercent":"0","PassivePercentVar":"0","EnemyCount":"4","Battles":"2","Paths":"3","RankXP":"200","TargetedRankXP":"1000","SoftCurrencyWeight":"200","SoftCurrencyAmount":"600","TargetedSoftCurrencyAmount":"3000","SocialCurrencyWeight":"40","TargetedSocialCurrencyWeight":"400","SocialCurrencyAmount":"35","TargetedHardCurrencyChance":"0.15","Material1StarWeight":"5","TargetedMaterial1StarWeight":"500","TargetedCreatureWeight":"200","TargetedCreatureTable":"RandomDungeon1","TargetedCreatureLevel":"2","DisplayCreatureRarity":"1"},
	{"Floor":"3","AvgCreatureLevel":"5","CreatureLevelVar":"1","MinRarity":"1","MaxRarity":"2","AvgPassivePercent":"0","PassivePercentVar":"0","EnemyCount":"4","Battles":"2","Paths":"4","RankXP":"500","TargetedRankXP":"2500","SoftCurrencyWeight":"200","SoftCurrencyAmount":"900","TargetedSoftCurrencyAmount":"4500","SocialCurrencyWeight":"40","TargetedSocialCurrencyWeight":"400","SocialCurrencyAmount":"40","TargetedHardCurrencyChance":"0.2","Material1StarWeight":"5","TargetedMaterial1StarWeight":"500","TargetedCreatureWeight":"200","TargetedCreatureTable":"RandomDungeon2","TargetedCreatureLevel":"3","DisplayCreatureRarity":"2"},
	{"Floor":"4","AvgCreatureLevel":"8","CreatureLevelVar":"2","MinRarity":"1","MaxRarity":"3","AvgPassivePercent":"0","PassivePercentVar":"0","EnemyCount":"4","Battles":"2","Paths":"4","RankXP":"800","TargetedRankXP":"4000","SoftCurrencyWeight":"200","SoftCurrencyAmount":"1200","TargetedSoftCurrencyAmount":"6000","SocialCurrencyWeight":"40","TargetedSocialCurrencyWeight":"400","SocialCurrencyAmount":"45","TargetedHardCurrencyChance":"0.25","Material1StarWeight":"3","Material2StarWeight":"2","TargetedMaterial1StarWeight":"300","TargetedMaterial2StarWeight":"200","TargetedCreatureWeight":"200","TargetedCreatureTable":"RandomDungeon2","TargetedCreatureLevel":"3","DisplayCreatureRarity":"2"},
	{"Floor":"5","AvgCreatureLevel":"11","CreatureLevelVar":"2","MinRarity":"1","MaxRarity":"3","AvgPassivePercent":"0.1","PassivePercentVar":"0.1","EnemyCount":"4","Battles":"2","Paths":"4","RankXP":"1100","TargetedRankXP":"5500","SoftCurrencyWeight":"200","SoftCurrencyAmount":"1500","TargetedSoftCurrencyAmount":"7500","SocialCurrencyWeight":"40","TargetedSocialCurrencyWeight":"400","SocialCurrencyAmount":"50","TargetedHardCurrencyChance":"0.3","Material1StarWeight":"3","Material2StarWeight":"2","TargetedMaterial1StarWeight":"300","TargetedMaterial2StarWeight":"200","TargetedCreatureWeight":"200","TargetedCreatureTable":"RandomDungeon2","TargetedCreatureLevel":"4","DisplayCreatureRarity":"2"},
	{"Floor":"6","AvgCreatureLevel":"14","CreatureLevelVar":"2","MinRarity":"2","MaxRarity":"3","AvgPassivePercent":"0.1","PassivePercentVar":"0.1","EnemyCount":"4","Battles":"3","Paths":"4","RankXP":"1500","TargetedRankXP":"7500","SoftCurrencyWeight":"200","SoftCurrencyAmount":"1800","TargetedSoftCurrencyAmount":"9000","SocialCurrencyWeight":"40","TargetedSocialCurrencyWeight":"400","SocialCurrencyAmount":"55","TargetedHardCurrencyChance":"0.35","Material1StarWeight":"3","Material2StarWeight":"2","TargetedMaterial1StarWeight":"300","TargetedMaterial2StarWeight":"200","TargetedCreatureWeight":"200","TargetedCreatureTable":"RandomDungeon2","TargetedCreatureLevel":"4","DisplayCreatureRarity":"2"},
	{"Floor":"7","AvgCreatureLevel":"17","CreatureLevelVar":"3","MinRarity":"2","MaxRarity":"3","AvgPassivePercent":"0.1","PassivePercentVar":"0.1","EnemyCount":"5","Battles":"3","Paths":"4","RankXP":"1900","TargetedRankXP":"9500","SoftCurrencyWeight":"200","SoftCurrencyAmount":"2100","TargetedSoftCurrencyAmount":"10500","SocialCurrencyWeight":"40","TargetedSocialCurrencyWeight":"400","SocialCurrencyAmount":"60","TargetedHardCurrencyChance":"0.4","Material1StarWeight":"2","Material2StarWeight":"2","Material3StarWeight":"1","TargetedMaterial1StarWeight":"200","TargetedMaterial2StarWeight":"200","TargetedMaterial3StarWeight":"100","TargetedCreatureWeight":"200","TargetedCreatureTable":"RandomDungeon2","TargetedCreatureLevel":"5","DisplayCreatureRarity":"2"},
	{"Floor":"8","AvgCreatureLevel":"21","CreatureLevelVar":"3","MinRarity":"2","MaxRarity":"3","AvgPassivePercent":"0.2","PassivePercentVar":"0.1","EnemyCount":"5","Battles":"3","Paths":"5","RankXP":"2400","TargetedRankXP":"12000","SoftCurrencyWeight":"200","SoftCurrencyAmount":"2400","TargetedSoftCurrencyAmount":"12000","SocialCurrencyWeight":"40","TargetedSocialCurrencyWeight":"400","SocialCurrencyAmount":"65","TargetedHardCurrencyChance":"0.45","Material1StarWeight":"2","Material2StarWeight":"2","Material3StarWeight":"1","TargetedMaterial1StarWeight":"200","TargetedMaterial2StarWeight":"200","TargetedMaterial3StarWeight":"100","TargetedCreatureWeight":"200","TargetedCreatureTable":"RandomDungeon2","TargetedCreatureLevel":"5","DisplayCreatureRarity":"2"},
	{"Floor":"9","AvgCreatureLevel":"25","CreatureLevelVar":"3","MinRarity":"2","MaxRarity":"4","AvgPassivePercent":"0.2","PassivePercentVar":"0.1","EnemyCount":"5","Battles":"3","Paths":"5","RankXP":"2900","TargetedRankXP":"14500","SoftCurrencyWeight":"200","SoftCurrencyAmount":"2700","TargetedSoftCurrencyAmount":"13500","SocialCurrencyWeight":"40","TargetedSocialCurrencyWeight":"400","SocialCurrencyAmount":"70","TargetedHardCurrencyChance":"0.5","Material1StarWeight":"2","Material2StarWeight":"2","Material3StarWeight":"1","TargetedMaterial1StarWeight":"200","TargetedMaterial2StarWeight":"200","TargetedMaterial3StarWeight":"100","TargetedCreatureWeight":"200","TargetedCreatureTable":"RandomDungeon3","TargetedCreatureLevel":"6","DisplayCreatureRarity":"3"},
	{"Floor":"10","AvgCreatureLevel":"29","CreatureLevelVar":"4","MinRarity":"2","MaxRarity":"4","AvgPassivePercent":"0.3","PassivePercentVar":"0.1","EnemyCount":"5","Battles":"3","Paths":"5","RankXP":"3500","TargetedRankXP":"17500","SoftCurrencyWeight":"200","SoftCurrencyAmount":"3000","TargetedSoftCurrencyAmount":"15000","SocialCurrencyWeight":"40","TargetedSocialCurrencyWeight":"400","SocialCurrencyAmount":"75","TargetedHardCurrencyChance":"0.55","Material1StarWeight":"1","Material2StarWeight":"2","Material3StarWeight":"1","Material4StarWeight":"1","TargetedMaterial1StarWeight":"100","TargetedMaterial2StarWeight":"200","TargetedMaterial3StarWeight":"100","TargetedMaterial4StarWeight":"100","TargetedCreatureWeight":"200","TargetedCreatureTable":"RandomDungeon3","TargetedCreatureLevel":"6","DisplayCreatureRarity":"3"},
	{"Floor":"11","AvgCreatureLevel":"33","CreatureLevelVar":"4","MinRarity":"2","MaxRarity":"4","AvgPassivePercent":"0.3","PassivePercentVar":"0.1","EnemyCount":"5","Battles":"4","Paths":"5","RankXP":"4200","TargetedRankXP":"21000","SoftCurrencyWeight":"200","SoftCurrencyAmount":"3300","TargetedSoftCurrencyAmount":"16500","SocialCurrencyWeight":"40","TargetedSocialCurrencyWeight":"400","SocialCurrencyAmount":"80","TargetedHardCurrencyChance":"0.6","Material1StarWeight":"1","Material2StarWeight":"2","Material3StarWeight":"1","Material4StarWeight":"1","TargetedMaterial1StarWeight":"100","TargetedMaterial2StarWeight":"200","TargetedMaterial3StarWeight":"100","TargetedMaterial4StarWeight":"100","TargetedCreatureWeight":"200","TargetedCreatureTable":"RandomDungeon3","TargetedCreatureLevel":"7","DisplayCreatureRarity":"3"},
	{"Floor":"12","AvgCreatureLevel":"37","CreatureLevelVar":"4","MinRarity":"2","MaxRarity":"4","AvgPassivePercent":"0.4","PassivePercentVar":"0.1","EnemyCount":"5","Battles":"4","Paths":"5","RankXP":"5000","TargetedRankXP":"25000","SoftCurrencyWeight":"200","SoftCurrencyAmount":"3600","TargetedSoftCurrencyAmount":"18000","SocialCurrencyWeight":"40","TargetedSocialCurrencyWeight":"400","SocialCurrencyAmount":"85","TargetedHardCurrencyChance":"0.65","Material2StarWeight":"2","Material3StarWeight":"2","Material4StarWeight":"1","TargetedMaterial2StarWeight":"200","TargetedMaterial3StarWeight":"200","TargetedMaterial4StarWeight":"100","TargetedCreatureWeight":"200","TargetedCreatureTable":"RandomDungeon3","TargetedCreatureLevel":"7","DisplayCreatureRarity":"3"},
	{"Floor":"13","AvgCreatureLevel":"41","CreatureLevelVar":"5","MinRarity":"3","MaxRarity":"4","AvgPassivePercent":"0.5","PassivePercentVar":"0.2","EnemyCount":"5","Battles":"4","Paths":"5","RankXP":"5900","TargetedRankXP":"29500","SoftCurrencyWeight":"200","SoftCurrencyAmount":"3900","TargetedSoftCurrencyAmount":"19500","SocialCurrencyWeight":"40","TargetedSocialCurrencyWeight":"400","SocialCurrencyAmount":"90","TargetedHardCurrencyChance":"0.7","Material2StarWeight":"2","Material3StarWeight":"2","Material4StarWeight":"1","TargetedMaterial2StarWeight":"200","TargetedMaterial3StarWeight":"200","TargetedMaterial4StarWeight":"100","TargetedCreatureWeight":"200","TargetedCreatureTable":"RandomDungeon3","TargetedCreatureLevel":"8","DisplayCreatureRarity":"3"},
	{"Floor":"14","AvgCreatureLevel":"45","CreatureLevelVar":"5","MinRarity":"3","MaxRarity":"4","AvgPassivePercent":"0.5","PassivePercentVar":"0.2","EnemyCount":"5","Battles":"4","Paths":"5","RankXP":"6800","TargetedRankXP":"34000","SoftCurrencyWeight":"200","SoftCurrencyAmount":"4200","TargetedSoftCurrencyAmount":"21000","SocialCurrencyWeight":"40","TargetedSocialCurrencyWeight":"400","SocialCurrencyAmount":"95","TargetedHardCurrencyChance":"0.75","Material2StarWeight":"1","Material3StarWeight":"2","Material4StarWeight":"2","TargetedMaterial2StarWeight":"100","TargetedMaterial3StarWeight":"200","TargetedMaterial4StarWeight":"200","TargetedCreatureWeight":"200","TargetedCreatureTable":"RandomDungeon3","TargetedCreatureLevel":"8","DisplayCreatureRarity":"3"},
	{"Floor":"15","AvgCreatureLevel":"49","CreatureLevelVar":"5","MinRarity":"3","MaxRarity":"4","AvgPassivePercent":"0.6","PassivePercentVar":"0.2","EnemyCount":"5","Battles":"4","Paths":"5","RankXP":"8000","TargetedRankXP":"40000","SoftCurrencyWeight":"200","SoftCurrencyAmount":"4500","TargetedSoftCurrencyAmount":"22500","SocialCurrencyWeight":"40","TargetedSocialCurrencyWeight":"400","SocialCurrencyAmount":"100","TargetedHardCurrencyChance":"0.8","Material2StarWeight":"1","Material3StarWeight":"2","Material4StarWeight":"2","TargetedMaterial2StarWeight":"100","TargetedMaterial3StarWeight":"200","TargetedMaterial4StarWeight":"200","TargetedCreatureWeight":"200","TargetedCreatureTable":"RandomDungeon3","TargetedCreatureLevel":"9","DisplayCreatureRarity":"3"},
	{"Floor":"16","AvgCreatureLevel":"53","CreatureLevelVar":"6","MinRarity":"3","MaxRarity":"5","AvgPassivePercent":"0.6","PassivePercentVar":"0.2","EnemyCount":"6","Battles":"5","Paths":"5","RankXP":"9200","TargetedRankXP":"46000","SoftCurrencyWeight":"200","SoftCurrencyAmount":"4800","TargetedSoftCurrencyAmount":"24000","SocialCurrencyWeight":"40","TargetedSocialCurrencyWeight":"400","SocialCurrencyAmount":"105","TargetedHardCurrencyChance":"0.85","Material2StarWeight":"1","Material3StarWeight":"2","Material4StarWeight":"1","Material5StarWeight":"1","TargetedMaterial2StarWeight":"100","TargetedMaterial3StarWeight":"200","TargetedMaterial4StarWeight":"100","TargetedMaterial5StarWeight":"100","TargetedCreatureWeight":"200","TargetedCreatureTable":"RandomDungeon3","TargetedCreatureLevel":"9","DisplayCreatureRarity":"3"},
	{"Floor":"17","AvgCreatureLevel":"57","CreatureLevelVar":"6","MinRarity":"3","MaxRarity":"5","AvgPassivePercent":"0.7","PassivePercentVar":"0.2","EnemyCount":"6","Battles":"5","Paths":"5","RankXP":"10400","TargetedRankXP":"52000","SoftCurrencyWeight":"200","SoftCurrencyAmount":"5100","TargetedSoftCurrencyAmount":"25500","SocialCurrencyWeight":"40","TargetedSocialCurrencyWeight":"400","SocialCurrencyAmount":"110","TargetedHardCurrencyChance":"0.9","Material3StarWeight":"2","Material4StarWeight":"2","Material5StarWeight":"1","TargetedMaterial3StarWeight":"200","TargetedMaterial4StarWeight":"200","TargetedMaterial5StarWeight":"100","TargetedCreatureWeight":"200","TargetedCreatureTable":"RandomDungeon3","TargetedCreatureLevel":"10","DisplayCreatureRarity":"3"},
	{"Floor":"18","AvgCreatureLevel":"61","CreatureLevelVar":"6","MinRarity":"3","MaxRarity":"5","AvgPassivePercent":"0.7","PassivePercentVar":"0.2","EnemyCount":"6","Battles":"5","Paths":"5","RankXP":"11600","TargetedRankXP":"58000","SoftCurrencyWeight":"200","SoftCurrencyAmount":"5400","TargetedSoftCurrencyAmount":"27000","SocialCurrencyWeight":"40","TargetedSocialCurrencyWeight":"400","SocialCurrencyAmount":"115","TargetedHardCurrencyChance":"0.95","Material3StarWeight":"2","Material4StarWeight":"2","Material5StarWeight":"1","TargetedMaterial3StarWeight":"200","TargetedMaterial4StarWeight":"200","TargetedMaterial5StarWeight":"100","TargetedCreatureWeight":"200","TargetedCreatureTable":"RandomDungeon3","TargetedCreatureLevel":"10","DisplayCreatureRarity":"3"},
	{"Floor":"19","AvgCreatureLevel":"65","CreatureLevelVar":"7","MinRarity":"4","MaxRarity":"5","AvgPassivePercent":"0.8","PassivePercentVar":"0.2","EnemyCount":"6","Battles":"5","Paths":"5","RankXP":"12800","TargetedRankXP":"64000","SoftCurrencyWeight":"200","SoftCurrencyAmount":"5700","TargetedSoftCurrencyAmount":"28500","SocialCurrencyWeight":"40","TargetedSocialCurrencyWeight":"400","SocialCurrencyAmount":"120","TargetedHardCurrencyChance":"1","Material3StarWeight":"1","Material4StarWeight":"2","Material5StarWeight":"2","TargetedMaterial3StarWeight":"100","TargetedMaterial4StarWeight":"200","TargetedMaterial5StarWeight":"200","TargetedCreatureWeight":"200","TargetedCreatureTable":"RandomDungeon3","TargetedCreatureLevel":"11","DisplayCreatureRarity":"3"},
	{"Floor":"20","AvgCreatureLevel":"69","CreatureLevelVar":"7","MinRarity":"4","MaxRarity":"5","AvgPassivePercent":"0.8","PassivePercentVar":"0.2","EnemyCount":"6","Battles":"5","Paths":"5","RankXP":"14000","TargetedRankXP":"70000","SoftCurrencyWeight":"200","SoftCurrencyAmount":"6000","TargetedSoftCurrencyAmount":"30000","SocialCurrencyWeight":"40","TargetedSocialCurrencyWeight":"400","SocialCurrencyAmount":"125","TargetedHardCurrencyChance":"1","Material4StarWeight":"3","Material5StarWeight":"2","TargetedMaterial4StarWeight":"300","TargetedMaterial5StarWeight":"200","TargetedCreatureWeight":"200","TargetedCreatureTable":"RandomDungeon3","TargetedCreatureLevel":"11","DisplayCreatureRarity":"3"}
]
