[
	{"StatusName":"BurstSTR","StatusType":"Buff","StackType":"Intensity","DisplayType":"Percent","ParamName":"STR","ParamUnit":"%","Cancel1":"WeakenSTR","EnableMessage":"Enable_BurstSTR","DisableMessage":"Disable_BurstSTR","StatusIconSprite":"Status_Pos_Str"},
	{"StatusName":"FortifyDEF","StatusType":"Buff","FixedValue1":"35","StackType":"Duration","DisplayType":"Turns","ParamName":"DEF","ParamUnit":"%","EnableMessage":"Enable_FortifyDEF","DisableMessage":"Disable_FortifyDEF","StatusIconSprite":"Status_Pos_Def"},
	{"StatusName":"Shield","StatusType":"Buff","StackType":"Count","DisplayType":"Count","Cancel1":"Transmogrify","EnableMessage":"Enable_Shield","DisableMessage":"Disable_Shield","StatusIconSprite":"Status_Pos_Shield"},
	{"StatusName":"Thorns","StatusType":"Buff","FixedValue1":"100","StackType":"Duration","DisplayType":"Turns","EnableMessage":"Enable_Thorns","DisableMessage":"Disable_Thorns","StatusIconSprite":"Status_Pos_Thorns"},
	{"StatusName":"Vampiric","StatusType":"Buff","StackType":"Intensity","DisplayType":"Percent","EnableMessage":"Enable_Vampiric","DisableMessage":"Disable_Vampiric","StatusIconSprite":"Status_Pos_LifeSteal"},
	{"StatusName":"Pinpoint","StatusType":"Buff","StackType":"Count","DisplayType":"Count","Cancel1":"Blind","EnableMessage":"Enable_Pinpoint","DisableMessage":"Disable_Pinpoint","StatusIconSprite":"Status_Pos_CritRate"},
	{"StatusName":"Bravery","StatusType":"Buff","StackType":"Duration","DisplayType":"Turns","EnableMessage":"Enable_Bravery","DisableMessage":"Disable_Bravery","StatusIconSprite":"Status_Pos_Taunt"},
	{"StatusName":"APSiphon","StatusType":"Buff","FixedValue1":"0","StackType":"Intensity","DisplayType":"Amount""EnableMessage":"Enable_APSiphon","DisableMessage":"Disable_APSiphon","StatusIconSprite":"Status_Pos_APSiphon"},
	{"StatusName":"Adrenaline","StatusType":"Buff","FixedValue1":"1","StackType":"Duration","DisplayType":"Turns","Cancel1":"Cripple","EnableMessage":"Enable_Adrenaline","DisableMessage":"Disable_Adrenaline","StatusIconSprite":"Status_Pos_Adrenaline"},
	{"StatusName":"Dealer","StatusType":"Buff","StackType":"Count","DisplayType":"Count","Cancel1":"CardBlock","EnableMessage":"Enable_Dealer","DisableMessage":"Disable_Dealer","StatusIconSprite":"Status_Pos_Dealer"},
	{"StatusName":"StrengthCounter","StatusType":"Buff","StackType":"Count","DisplayType":"Count","Cancel1":"Berserk","EnableMessage":"Enable_StrengthCounter","DisableMessage":"Disable_StrengthCounter","StatusIconSprite":"Status_Pos_STRCounter"},
	{"StatusName":"Revenge","StatusType":"Buff","StackType":"None","DisplayType":"IntAmount","EnableMessage":"Enable_Revenge","DisableMessage":"Disable_Revenge","StatusIconSprite":"Status_Pos_Revenge"},
	{"StatusName":"LandCorn","StatusType":"Buff","FixedValue1":"2","StackType":"None","DisplayType":"None","Cancel1":"LandCorn","Cancel2":"LandPlains","Cancel3":"LandSand","Cancel4":"LandNice","Cancel5":"LandSwamp","EnableMessage":"Enable_LandCorn","DisableMessage":"Disable_LandCorn","StatusIconSprite":"Status_Land_Corn"},
	{"StatusName":"LandPlains","StatusType":"Buff","FixedValue1":"1","FixedValue2":"15","StackType":"None","DisplayType":"None","Cancel1":"LandCorn","Cancel2":"LandPlains","Cancel3":"LandSand","Cancel4":"LandNice","Cancel5":"LandSwamp","EnableMessage":"Enable_LandPlains","DisableMessage":"Disable_LandPlains","StatusIconSprite":"Status_Land_Plains"},
	{"StatusName":"LandSand","StatusType":"Buff","FixedValue1":"6","StackType":"None","DisplayType":"None","Cancel1":"LandCorn","Cancel2":"LandPlains","Cancel3":"LandSand","Cancel4":"LandNice","Cancel5":"LandSwamp","EnableMessage":"Enable_LandSand","DisableMessage":"Disable_LandSand","StatusIconSprite":"Status_Land_Sand"},
	{"StatusName":"LandNice","StatusType":"Buff","FixedValue1":"10","StackType":"None","DisplayType":"None","Cancel1":"LandCorn","Cancel2":"LandPlains","Cancel3":"LandSand","Cancel4":"LandNice","Cancel5":"LandSwamp","EnableMessage":"Enable_LandNice","DisableMessage":"Disable_LandNice","StatusIconSprite":"Status_Land_Nice"},
	{"StatusName":"LandSwamp","StatusType":"Buff","FixedValue1":"5","FixedValue2":"1","StackType":"None","DisplayType":"None","Cancel1":"LandCorn","Cancel2":"LandPlains","Cancel3":"LandSand","Cancel4":"LandNice","Cancel5":"LandSwamp","EnableMessage":"Enable_LandSwamp","DisableMessage":"Disable_LandSwamp","StatusIconSprite":"Status_Land_Swamp"},
	{"StatusName":"WeakenSTR","StatusType":"Debuff","FixedValue1":"30","StackType":"Duration","DisplayType":"Turns","ParamName":"STR","ParamUnit":"%","Cancel1":"BurstSTR","EnableMessage":"Enable_WeakenSTR","DisableMessage":"Disable_WeakenSTR","StatusIconSprite":"Status_Neg_Str"},
	{"StatusName":"Burned","StatusType":"Debuff","StackType":"Intensity","DisplayType":"Percent","EnableMessage":"Enable_Burned","DisableMessage":"Disable_Burned","StatusIconSprite":"Status_Neg_Burned"},
	{"StatusName":"Plague","StatusType":"Debuff","StackType":"Intensity","DisplayType":"Percent","Cancel1":"APSiphon","EnableMessage":"Enable_Plague","DisableMessage":"Disable_Plague","StatusIconSprite":"Status_Neg_Plague"},
	{"StatusName":"Frozen","StatusType":"Debuff","StackType":"Duration","DisplayType":"Turns","Cancel1":"Mindless","EnableMessage":"Enable_Frozen","DisableMessage":"Disable_Frozen","StatusIconSprite":"Status_Neg_Frozen"},
	{"StatusName":"Blind","StatusType":"Debuff","StackType":"Count","DisplayType":"Count","Cancel1":"Pinpoint","EnableMessage":"Enable_Blind","DisableMessage":"Disable_Blind","StatusIconSprite":"Status_Neg_Blind"},
	{"StatusName":"Transmogrify","StatusType":"Debuff","FixedValue1":"25","StackType":"Duration","DisplayType":"Turns","Cancel1":"Shield","EnableMessage":"Enable_Transmogrify","DisableMessage":"Disable_Transmogrify","StatusIconSprite":"Status_Neg_Transmogrify"},
	{"StatusName":"CardBlock","StatusType":"Debuff","StackType":"Count","DisplayType":"Count","Cancel1":"Dealer","EnableMessage":"Enable_CardBlock","DisableMessage":"Disable_CardBlock","StatusIconSprite":"Status_Neg_BlockCards"},
	{"StatusName":"Cripple","StatusType":"Debuff","FixedValue1":"1","StackType":"Duration","DisplayType":"Turns","Cancel1":"Adrenaline","EnableMessage":"Enable_Cripple","DisableMessage":"Disable_Cripple","StatusIconSprite":"Status_Neg_Cripple"},
	{"StatusName":"Mindless","StatusType":"Debuff","StackType":"Duration","DisplayType":"Turns","Cancel1":"Frozen","EnableMessage":"Enable_Mindless","DisableMessage":"Disable_Mindless","StatusIconSprite":"Status_Neg_Mindless"},
	{"StatusName":"Berserk","StatusType":"Debuff","StackType":"Count","DisplayType":"Count","Cancel1":"StrengthCounter","EnableMessage":"Enable_Berserk","DisableMessage":"Disable_Berserk","StatusIconSprite":"Status_Neg_Berserk"},
	{"StatusName":"RemoveStatus","StatusType":"Debuff","Instant":"True","StackType":"Count"},
	{"StatusName":"Push","StatusType":"Buff","Instant":"True"},
	{"StatusName":"DirectHealing","StatusType":"Buff","Instant":"True","StackType":"Intensity"},
	{"StatusName":"DirectDamage","StatusType":"Debuff","Instant":"True","StackType":"Intensity"},
	{"StatusName":"DirectDamageImmune","StatusType":"None","StackType":"None","DisplayType":"None","EnableMessage":"Enable_DirectDamageImmune","DisableMessage":"Disable_DirectDamageImmune","StatusIconSprite":"Status_None_DirectDamageImmune"},
	{"StatusName":"PoisonImmune","StatusType":"None","StackType":"None","DisplayType":"None","EnableMessage":"Enable_PoisonImmune","DisableMessage":"Disable_PoisonImmune","StatusIconSprite":"Status_None_PoisonImmune"},
	{"StatusName":"Oiled","StatusType":"Debuff","FixedValue1":"7","StackType":"Count","DisplayType":"Turns","Cancel1":"Regen","EnableMessage":"Enable_Oiled","DisableMessage":"Disable_Oiled","StatusIconSprite":"Status_Neg_Oiled"},
	{"StatusName":"Frostburned","StatusType":"Debuff","FixedValue1":"50","StackType":"Duration","DisplayType":"Turns","Vulnerability":"Blue","EnableMessage":"Enable_Frostburned","DisableMessage":"Disable_FrostBurned","StatusIconSprite":"Status_Neg_Frostburn"},
	{"StatusName":"Tangled","StatusType":"Debuff","FixedValue1":"50","StackType":"Duration","DisplayType":"Turns","Vulnerability":"Green","EnableMessage":"Enable_Tangled","DisableMessage":"Disable_Tangled","StatusIconSprite":"Status_Neg_Tangled"},
	{"StatusName":"Faithless","StatusType":"Debuff","FixedValue1":"50","StackType":"Duration","DisplayType":"Turns","Vulnerability":"Light","EnableMessage":"Enable_Faithless","DisableMessage":"Disable_Faithless","StatusIconSprite":"Status_Neg_Faithless"},
	{"StatusName":"Insane","StatusType":"Debuff","FixedValue1":"50","StackType":"Duration","DisplayType":"Turns","Vulnerability":"Dark","EnableMessage":"Enable_Insane","DisableMessage":"Disable_Insane","StatusIconSprite":"Status_Neg_Insane"},
	{"StatusName":"EnhanceSTR","StatusType":"Buff","FixedValue1":"50","StackType":"Duration","DisplayType":"Turns","ParamName":"STR","ParamUnit":"%","EnableMessage":"Enable_EnhanceSTR","DisableMessage":"Disable_EnhanceSTR","StatusIconSprite":"Status_Pos_EnhanceSTR"},
	{"StatusName":"EnhanceINT","StatusType":"Buff","FixedValue1":"50","StackType":"Duration","DisplayType":"Turns","ParamName":"INT","ParamUnit":"%","EnableMessage":"Enable_EnhanceINT","DisableMessage":"Disable_EnhanceINT","StatusIconSprite":"Status_Pos_Int"},
	{"StatusName":"BurstINT","StatusType":"Buff","StackType":"Intensity","DisplayType":"Percent","Cancel1":"WeakenINT","ParamName":"INT","ParamUnit":"%","EnableMessage":"Enable_BurstINT","DisableMessage":"Disable_BurstINT","StatusIconSprite":"Status_Pos_INTCounter"},
	{"StatusName":"FortifyRES","StatusType":"Buff","FixedValue1":"20","StackType":"Duration","DisplayType":"Turns","ParamName":"RES","ParamUnit":"%","EnableMessage":"Enable_FortifyRES","DisableMessage":"Disable_FortifyRES","StatusIconSprite":"Status_Pos_Res"},
	{"StatusName":"Regen","StatusType":"Buff","FixedValue1":"10","StackType":"Count","DisplayType":"Turns","ParamName":"HP","ParamUnit":"%","EnableMessage":"Enable_Regen","DisableMessage":"Disable_Regen","StatusIconSprite":"Status_Pos_Regen"},
	{"StatusName":"Defiance","StatusType":"Buff","StackType":"Duration","DisplayType":"Turns","EnableMessage":"Enable_Defiance","DisableMessage":"Disable_Defiance","StatusIconSprite":"Status_Pos_PenDef"},
	{"StatusName":"Wisdom","StatusType":"Buff","StackType":"Duration","DisplayType":"Turns","EnableMessage":"Enable_Wisdom","DisableMessage":"Disable_Wisdom","StatusIconSprite":"Status_Pos_PenRes"},
	{"StatusName":"Immunity","StatusType":"Buff","StackType":"Duration","DisplayType":"Turns","EnableMessage":"Enable_Immunity","DisableMessage":"Disable_Immunity","StatusIconSprite":"Status_Pos_Immunity"},
	{"StatusName":"AutoRevive","StatusType":"Buff","FixedValue1":"30","StackType":"Duration","DisplayType":"Turns","EnableMessage":"Enable_AutoRevive","DisableMessage":"Disable_AutoRevive","StatusIconSprite":"Status_Pos_AutoRevive"},
	{"StatusName":"Stealth","StatusType":"Buff","FixedValue1":"50","StackType":"Duration","DisplayType":"Turns","EnableMessage":"Enable_Stealth","DisableMessage":"Disable_Stealth","StatusIconSprite":"Status_Pos_Stealth"},
	{"StatusName":"Chilled","StatusType":"Buff","FixedValue1":"1","StackType":"Duration","DisplayType":"Turns","InflictStatus":"Frozen","EnableMessage":"Enable_Chilled","DisableMessage":"Disable_Chilled","StatusIconSprite":"Status_Pos_Chilled"},
	{"StatusName":"Flaming","StatusType":"Buff","FixedValue1":"15","StackType":"Duration","DisplayType":"Turns","InflictStatus":"Burned","EnableMessage":"Enable_Flaming","DisableMessage":"Disable_Flaming","StatusIconSprite":"Status_Pos_Flaming"},
	{"StatusName":"Parisitic","StatusType":"Buff","FixedValue1":"3","StackType":"Duration","DisplayType":"Turns","InflictStatus":"Plague","EnableMessage":"Enable_Parisitic","DisableMessage":"Disable_Parisitic","StatusIconSprite":"Status_Pos_Parasite"},
	{"StatusName":"Brilliant","StatusType":"Buff","FixedValue1":"1","StackType":"Duration","DisplayType":"Turns","InflictStatus":"WeakenINT","EnableMessage":"Enable_Brilliant","DisableMessage":"Disable_Brilliant","StatusIconSprite":"Status_Pos_Wisdom"},
	{"StatusName":"Deranged","StatusType":"Buff","FixedValue1":"1","StackType":"Duration","DisplayType":"Turns","InflictStatus":"WeakenSTR","EnableMessage":"Enable_Deranged","DisableMessage":"Disable_Deranged","StatusIconSprite":"Status_Pos_Void"},
	{"StatusName":"MagicCounter","StatusType":"Buff","StackType":"Count","DisplayType":"Count","EnableMessage":"Enable_MagicCounter","DisableMessage":"Disable_MagicCounter","StatusIconSprite":"Status_Pos_Int"},
	{"StatusName":"WeakenINT","StatusType":"Debuff","FixedValue1":"30","StackType":"Duration","DisplayType":"Turns","Cancel1":"BurstINT","ParamName":"INT","ParamUnit":"%","EnableMessage":"Enable_WeakenINT","DisableMessage":"Disable_WeakenINT","StatusIconSprite":"Status_Neg_Int"},
	{"StatusName":"BreakDEF","StatusType":"Debuff","FixedValue1":"35","StackType":"Duration","DisplayType":"Turns","ParamName":"DEF","ParamUnit":"%","EnableMessage":"Enable_BreakDEF","DisableMessage":"Disable_BreakDEF","StatusIconSprite":"Status_Neg_Def"},
	{"StatusName":"BreakRES","StatusType":"Debuff","StackType":"Duration","DisplayType":"Turns","ParamName":"RES","ParamUnit":"%","EnableMessage":"Enable_BreakRES","DisableMessage":"Disable_BreakRES","StatusIconSprite":"Status_Neg_Res"},
	{"StatusName":"Poison","StatusType":"Debuff","FixedValue1":"10","StackType":"Count","DisplayType":"Turns","EnableMessage":"Enable_Poison","DisableMessage":"Disable_Poison","StatusIconSprite":"Status_Neg_Poison"},
	{"StatusName":"Paralyze","StatusType":"Debuff","FixedValue1":"50","StackType":"Duration","DisplayType":"Turns","EnableMessage":"Enable_Paralyze","DisableMessage":"Disable_Paralyze","StatusIconSprite":"Status_Neg_Paralyze"},
	{"StatusName":"Nervous","StatusType":"Debuff","FixedValue1":"90","StackType":"Duration","DisplayType":"Turns","ParamName":"DEX","ParamUnit":"%","EnableMessage":"Enable_Nervous","DisableMessage":"Disable_Nervous","StatusIconSprite":"Status_Neg_CritRate"},
	{"StatusName":"APLeak","StatusType":"Debuff","StackType":"Intensity","DisplayType":"Percent","EnableMessage":"Enable_APLeak","DisableMessage":"Disable_APLeak","StatusIconSprite":"Status_Neg_APLeak"},
	{"StatusName":"Marked","StatusType":"Debuff","FixedValue1":"100","StackType":"Duration","DisplayType":"Turns","EnableMessage":"Enable_Marked","DisableMessage":"Disable_Marked","StatusIconSprite":"Status_Neg_Marked"},
	{"StatusName":"APPoison","StatusType":"Debuff","FixedValue1":"1","StackType":"Count","DisplayType":"Count","EnableMessage":"Enable_APPoison","DisableMessage":"Disable_APPoison","StatusIconSprite":"Status_Neg_APPoison"},
	{"StatusName":"Confuse","StatusType":"Debuff","StackType":"Count","DisplayType":"Count","EnableMessage":"Enable_Confuse","DisableMessage":"Disable_Confuse","StatusIconSprite":"Status_Neg_Confuse"}
]
