[
	{"ID":"FTUE_SALE_03","ProductID":"cdubsdev.ftue.bundle.03","PackTitle":"!!SPECIALSALES_PACKINCLUDES","BadgeText":"!!SPECIALSALES_EXCLUSIVE","Texture":"BG_Lumpy","ShowDuration":"2","CooldownMin":"3","CooldownMax":"5","Priority":"1","SoftCurrency":"1500","SocialCurrency":"300","PaidHardCurrency":"2000","QuestTickets":"5","Creatures":"Flufflapillar_Base","XPMaterials":"CAKE_T2_Corn:3, CAKE_T2_Plains:3, CAKE_T2_Nice:3,CAKE_T2_Sand:3,CAKE_T2_Swamp:3"},
	{"ID":"FTUE_SALE_01","ProductID":"cdubsdev.ftue.bundle.01","Name":"!!FTUE_SALE_01_NAME","Description":"!!FTUE_SALE_01_DESC","PackTitle":"!!SPECIALSALES_PACKINCLUDES","BadgeText":"!!SPECIALSALES_EXCLUSIVE","Texture":"BG_Finn1","ShowDuration":"2","CooldownMin":"24","CooldownMax":"24","Priority":"1","SoftCurrency":"500","SocialCurrency":"100","PaidHardCurrency":"500","QuestTickets":"5","Creatures":"Earl_Base","XPMaterials":"CAKE_T1_Corn:3, CAKE_T1_Plains:3, CAKE_T1_Nice:3"},
	{"ID":"FTUE_SALE_02","ProductID":"cdubsdev.ftue.bundle.02","Name":"!!FTUE_SALE_02_NAME","Description":"!!FTUE_SALE_02_DESC","PackTitle":"!!SPECIALSALES_PACKINCLUDES","BadgeText":"!!SPECIALSALES_EXCLUSIVE","Texture":"BG_Jake","ShowDuration":"2","CooldownMin":"30","CooldownMax":"30","Priority":"1","SoftCurrency":"1000","SocialCurrency":"200","PaidHardCurrency":"1200","QuestTickets":"5","Creatures":"LegionOfEarlings_Base","XPMaterials":"CAKE_T1_Corn:5, CAKE_T1_Plains:5, CAKE_T1_Nice:5"},
	{"ID":"FTUE_SALE_04","ProductID":"cdubsdev.ftue.bundle.04","Name":"!!FTUE_SALE_04_NAME","Description":"!!FTUE_SALE_04_DESC","PackTitle":"!!SPECIALSALES_PACKINCLUDES","BadgeText":"!!SPECIALSALES_EXCLUSIVE","Texture":"BG_Bubblegum","ShowDuration":"2","CooldownMin":"36","CooldownMax":"36","Priority":"1","SoftCurrency":"2000","SocialCurrency":"400","PaidHardCurrency":"3000","QuestTickets":"5","Creatures":"Flufflapillar_Base","XPMaterials":"CAKE_T2_Corn:3, CAKE_T2_Plains:3, CAKE_T2_Nice:3,CAKE_T2_Sand:3,CAKE_T2_Swamp:3"},
	{"ID":"FTUE_SALE_05","ProductID":"cdubsdev.ftue.bundle.05","Name":"!!FTUE_SALE_05_NAME","Description":"!!FTUE_SALE_05_DESC","PackTitle":"!!SPECIALSALES_PACKINCLUDES","BadgeText":"!!SPECIALSALES_EXCLUSIVE","Texture":"BG_FlamePrincess","ShowDuration":"2","CooldownMin":"42","CooldownMax":"42","Priority":"1","SoftCurrency":"3000","SocialCurrency":"500","PaidHardCurrency":"5500","QuestTickets":"5","Creatures":"SandJackal_Base","XPMaterials":"CAKE_T2_Corn:5, CAKE_T2_Plains:5, CAKE_T2_Nice:5,CAKE_T2_Sand:5,CAKE_T2_Swamp:5"},
	{"ID":"FTUE_SALE_06","ProductID":"cdubsdev.ftue.bundle.06","Name":"!!FTUE_SALE_06_NAME","Description":"!!FTUE_SALE_06_DESC","PackTitle":"!!SPECIALSALES_PACKINCLUDES","BadgeText":"!!SPECIALSALES_EXCLUSIVE","Texture":"BG_Marceline","PrerequisiteSale":"SALE_Disabled","ShowDuration":"2","CooldownMin":"48","CooldownMax":"48","Priority":"1","SoftCurrency":"4000","SocialCurrency":"600","PaidHardCurrency":"8000","QuestTickets":"5","Creatures":"ExtraordinarySpider_Base","XPMaterials":"CAKE_T3_Corn:3, CAKE_T3_Plains:3, CAKE_T3_Nice:3,CAKE_T3_Sand:3,CAKE_T3_Swamp:3"},
	{"ID":"FTUE_SALE_07","ProductID":"cdubsdev.ftue.bundle.07","Name":"!!FTUE_SALE_07_NAME","Description":"!!FTUE_SALE_07_DESC","PackTitle":"!!SPECIALSALES_PACKINCLUDES","BadgeText":"!!SPECIALSALES_EXCLUSIVE","Texture":"BG_Lumpy","PrerequisiteSale":"SALE_Disabled","ShowDuration":"2","CooldownMin":"54","CooldownMax":"54","Priority":"10","Repeatable":"True","SoftCurrency":"5000","SocialCurrency":"700","PaidHardCurrency":"9000","QuestTickets":"10","XPMaterials":"CAKE_T3_Corn:3, CAKE_T3_Plains:3, CAKE_T3_Nice:3,CAKE_T3_Sand:3,CAKE_T3_Swamp:3"},
	{"ID":"SPECIAL_SALE_Halloween_01","ProductID":"cdubsdev.ftue.bundle.02","Name":"!!SPECIAL_SALE_Halloween_01_NAME","Description":"!!SPECIAL_HALLOWEEN_DESC","PackTitle":"!!SPECIALSALES_PACKINCLUDES","BadgeText":"!!SPECIALSALES_EXCLUSIVE","Texture":"BG_Halloween","ShowDuration":"23","CooldownMin":"1","CooldownMax":"1","StartDate":"10/1/2016","EndDate":"11/3/2016","Priority":"9","SoftCurrency":"2500","SocialCurrency":"200","PaidHardCurrency":"1000","QuestTickets":"5","Creatures":"PeteMoss_Base","Runes":"AWK_MAT_PeteMoss_Base:5"},
	{"ID":"SPECIAL_SALE_Halloween_02","ProductID":"cdubsdev.ftue.bundle.02","Name":"!!SPECIAL_SALE_Halloween_02_NAME","Description":"!!SPECIAL_HALLOWEEN_DESC","PackTitle":"!!SPECIALSALES_PACKINCLUDES","BadgeText":"!!SPECIALSALES_EXCLUSIVE","Texture":"BG_Halloween","PrerequisiteSale":"SPECIAL_SALE_Halloween_01","ShowDuration":"23","CooldownMin":"2","CooldownMax":"2","StartDate":"10/1/2016","EndDate":"11/3/2016","Priority":"9","SoftCurrency":"2500","SocialCurrency":"200","PaidHardCurrency":"1000","QuestTickets":"5","Creatures":"Pig_Base","Runes":"AWK_MAT_Pig_Base:5"},
	{"ID":"SPECIAL_SALE_Halloween_03","ProductID":"cdubsdev.ftue.bundle.02","Name":"!!SPECIAL_SALE_Halloween_03_NAME","Description":"!!SPECIAL_HALLOWEEN_DESC","PackTitle":"!!SPECIALSALES_PACKINCLUDES","BadgeText":"!!SPECIALSALES_EXCLUSIVE","Texture":"BG_Halloween","PrerequisiteSale":"SPECIAL_SALE_Halloween_02","ShowDuration":"23","CooldownMin":"4","CooldownMax":"4","StartDate":"10/1/2016","EndDate":"11/3/2016","Priority":"9","SoftCurrency":"2500","SocialCurrency":"200","PaidHardCurrency":"1000","QuestTickets":"5","Creatures":"BaldingMan_Base","Runes":"AWK_MAT_BaldingMan_Base:5"},
	{"ID":"SPECIAL_SALE_Halloween_04","ProductID":"cdubsdev.ftue.bundle.02","Name":"!!SPECIAL_SALE_Halloween_04_NAME","Description":"!!SPECIAL_HALLOWEEN_DESC","PackTitle":"!!SPECIALSALES_PACKINCLUDES","BadgeText":"!!SPECIALSALES_EXCLUSIVE","Texture":"BG_Halloween","PrerequisiteSale":"SPECIAL_SALE_Halloween_03","ShowDuration":"23","CooldownMin":"8","CooldownMax":"8","StartDate":"10/1/2016","EndDate":"11/3/2016","Priority":"9","SoftCurrency":"2500","SocialCurrency":"200","PaidHardCurrency":"1000","QuestTickets":"5","Creatures":"DustBunny_Base","Runes":"AWK_MAT_DustBunny_Base:5"},
	{"ID":"SPECIAL_SALE_Halloween_05","ProductID":"cdubsdev.ftue.bundle.02","Name":"!!SPECIAL_SALE_Halloween_05_NAME","Description":"!!SPECIAL_HALLOWEEN_DESC","PackTitle":"!!SPECIALSALES_PACKINCLUDES","BadgeText":"!!SPECIALSALES_EXCLUSIVE","Texture":"BG_Halloween","PrerequisiteSale":"SPECIAL_SALE_Halloween_04","ShowDuration":"23","CooldownMin":"12","CooldownMax":"12","StartDate":"10/1/2016","EndDate":"11/3/2016","Priority":"9","SoftCurrency":"2500","SocialCurrency":"200","PaidHardCurrency":"1000","QuestTickets":"5","Creatures":"KnifeKite_Base","Runes":"AWK_MAT_KnifeKite_Base:5"},
	{"ID":"SPECIAL_SALE_Halloween_06","ProductID":"cdubsdev.ftue.bundle.04","Name":"!!SPECIAL_SALE_Halloween_06_NAME","Description":"!!SPECIAL_HALLOWEEN_DESC","PackTitle":"!!SPECIALSALES_PACKINCLUDES","BadgeText":"!!SPECIALSALES_EXCLUSIVE","Texture":"BG_Halloween","PrerequisiteSale":"SPECIAL_SALE_Halloween_05","ShowDuration":"23","CooldownMin":"12","CooldownMax":"12","StartDate":"10/1/2016","EndDate":"11/3/2016","Priority":"9","SoftCurrency":"5000","SocialCurrency":"400","PaidHardCurrency":"3000","QuestTickets":"5","Creatures":"HuskerTanker_Base","Runes":"AWK_MAT_HuskerTanker_Base:5"},
	{"ID":"SPECIAL_SALE_Halloween_07","ProductID":"cdubsdev.ftue.bundle.04","Name":"!!SPECIAL_SALE_Halloween_07_NAME","Description":"!!SPECIAL_HALLOWEEN_DESC","PackTitle":"!!SPECIALSALES_PACKINCLUDES","BadgeText":"!!SPECIALSALES_EXCLUSIVE","Texture":"BG_Halloween","PrerequisiteSale":"SPECIAL_SALE_Halloween_06","ShowDuration":"23","CooldownMin":"12","CooldownMax":"12","StartDate":"10/1/2016","EndDate":"11/3/2016","Priority":"9","SoftCurrency":"5000","SocialCurrency":"400","PaidHardCurrency":"3000","QuestTickets":"5","Creatures":"AncientScholar_Base","Runes":"AWK_MAT_AncientScholar_Base:5"},
	{"ID":"SPECIAL_SALE_Halloween_08","ProductID":"cdubsdev.ftue.bundle.04","Name":"!!SPECIAL_SALE_Halloween_08_NAME","Description":"!!SPECIAL_HALLOWEEN_DESC","PackTitle":"!!SPECIALSALES_PACKINCLUDES","BadgeText":"!!SPECIALSALES_EXCLUSIVE","Texture":"BG_Halloween","PrerequisiteSale":"SPECIAL_SALE_Halloween_07","ShowDuration":"23","CooldownMin":"12","CooldownMax":"12","StartDate":"10/1/2016","EndDate":"11/3/2016","Priority":"9","SoftCurrency":"5000","SocialCurrency":"400","PaidHardCurrency":"3000","QuestTickets":"5","Creatures":"MaiseWalker_Base","Runes":"AWK_MAT_MaiseWalker_Base:5"},
	{"ID":"SPECIAL_SALE_Halloween_09","ProductID":"cdubsdev.ftue.bundle.04","Name":"!!SPECIAL_SALE_Halloween_09_NAME","Description":"!!SPECIAL_HALLOWEEN_DESC","PackTitle":"!!SPECIALSALES_PACKINCLUDES","BadgeText":"!!SPECIALSALES_EXCLUSIVE","Texture":"BG_Halloween","PrerequisiteSale":"SPECIAL_SALE_Halloween_08","ShowDuration":"23","CooldownMin":"12","CooldownMax":"12","StartDate":"10/1/2016","EndDate":"11/3/2016","Priority":"9","SoftCurrency":"5000","SocialCurrency":"400","PaidHardCurrency":"3000","QuestTickets":"5","Creatures":"CactusThug_Base","Runes":"AWK_MAT_CactusThug_Base:5"},
	{"ID":"SPECIAL_SALE_Halloween_10","ProductID":"cdubsdev.ftue.bundle.07","Name":"!!SPECIAL_SALE_Halloween_10_NAME","Description":"!!SPECIAL_HALLOWEEN_DESC","PackTitle":"!!SPECIALSALES_PACKINCLUDES","BadgeText":"!!SPECIALSALES_EXCLUSIVE","Texture":"BG_Halloween","PrerequisiteSale":"SPECIAL_SALE_Halloween_09","ShowDuration":"23","CooldownMin":"48","CooldownMax":"48","StartDate":"10/1/2016","EndDate":"11/3/2016","Priority":"9","Repeatable":"True","SoftCurrency":"15000","SocialCurrency":"500","PaidHardCurrency":"18000","QuestTickets":"5","Creatures":"KingFluff_Base","Runes":"AWK_MAT_KingFluff_Base:5"},
	{"ID":"SPECIAL_SALE_IngredientBoss_10","ProductID":"cdubsdev.ftue.bundle.07","Name":"INGREDIENT BOSS PACK","Description":"Pack includes lots of Gems, Gold, Wishbones, and Five Algebraic Creatures!","PackTitle":"!!SPECIALSALES_PACKINCLUDES","BadgeText":"!!SPECIALSALES_EXCLUSIVE","Texture":"BG_Bubblegum","ShowDuration":"48","CooldownMin":"72","CooldownMax":"120","Priority":"1","SoftCurrency":"25000","SocialCurrency":"500","PaidHardCurrency":"9000","QuestTickets":"5","Creatures":"SgtSandwich_Base, CaptainTaco_Base, DeputyHotDog_Base, LieutenantLemonade_Base, ColonelChicken_Base"},
	{"ID":"SPECIAL_SALE_ExclusiveRare_01","ProductID":"cdubsdev.ftue.bundle.06","Name":"RARE EXCLUSIVE CREATURES","Description":"Pack includes lots of Gems, Gold, Wishbones, and 5 EXCLUSIVE RARE Creatures!","PackTitle":"!!SPECIALSALES_PACKINCLUDES","BadgeText":"!!SPECIALSALES_EXCLUSIVE","Texture":"BG_Bubblegum","ShowDuration":"48","CooldownMin":"72","CooldownMax":"120","Priority":"1","SoftCurrency":"10000","SocialCurrency":"300","PaidHardCurrency":"8000","QuestTickets":"5","Creatures":"Earl_Base, Flufflapillar_Base, LegionOfEarlings_Base, SandJackal_Base, ExtraordinarySpider_Base","XPMaterials":"CAKE_T2_Corn:3, CAKE_T2_Plains:3, CAKE_T2_Nice:3,CAKE_T2_Sand:3,CAKE_T2_Swamp:3"},
	{"ID":"SWAMP_STARTER_PACK_01","ProductID":"cdubsdev.ftue.bundle.02","Name":"USELESS SWAMP STARTER DECK","Description":"Pack includes lots of Gems, Gold, Cake, and 5 Useless Swamp Creatures!","PackTitle":"!!SPECIALSALES_PACKINCLUDES","BadgeText":"!!SPECIALSALES_EXCLUSIVE","Texture":"BG_Jake","ShowDuration":"6","CooldownMin":"48","CooldownMax":"72","Priority":"1","SoftCurrency":"25000","SocialCurrency":"200","PaidHardCurrency":"1200","QuestTickets":"5","Creatures":"BaldingMan_Base, FlySwatter_Base, Herculeye_Base, PeteMoss_Base, ExtraordinarySpider_Base","XPMaterials":"CAKE_T1_Swamp:10, CAKE_T2_Swamp:10, CAKE_T3_Swamp:10"},
	{"ID":"SAND_STARTER_PACK_01","ProductID":"cdubsdev.ftue.bundle.02","Name":"SANDYLANDS STARTER DECK","Description":"Pack includes lots of Gems, Gold, Cake, and 5 Sandylands Creatures!","PackTitle":"!!SPECIALSALES_PACKINCLUDES","BadgeText":"!!SPECIALSALES_EXCLUSIVE","Texture":"BG_Jake","ShowDuration":"6","CooldownMin":"48","CooldownMax":"72","Priority":"1","SoftCurrency":"25000","SocialCurrency":"200","PaidHardCurrency":"1200","QuestTickets":"5","Creatures":"LadyScarab_Base, CactusThug_Base, SandKnight_Base, WallOfSand_Base, DustBunny_Base","XPMaterials":"CAKE_T1_Sand:10, CAKE_T2_Sand:10, CAKE_T3_Sand:10"},
	{"ID":"RAND_ALGEBRAIC_01","ProductID":"cdubsdev.ftue.bundle.05","Name":"ALGEBRAIC CREATURE SPECIAL","Description":"Pack includes lots of Gems, Gold, Cake, and 1 Random Algebraic Creature!","PackTitle":"!!SPECIALSALES_PACKINCLUDES","BadgeText":"!!SPECIALSALES_EXCLUSIVE","Texture":"BG_Jake","ShowDuration":"6","CooldownMin":"48","CooldownMax":"72","Priority":"1","Repeatable":"True","SoftCurrency":"25000","SocialCurrency":"500","PaidHardCurrency":"5500","QuestTickets":"25","GachaTable":"AlgebraicOnly","GachaTableIcon":"UI\Icons_Calendar\Calendar_Reward\Chest_Bone","GachaTableDesc":"Random Algebraic Creature x1"},
	{"ID":"INGREDIENT_FancyMeal_Pack_01","ProductID":"cdubsdev.ftue.bundle.04","Name":"FANCY MEAL INGREDIENT PACK","Description":"Sale includes lots of Gems, Gold, Wishbones, and all Fancy Meal Ingredients x3!","PackTitle":"!!SPECIALSALES_PACKINCLUDES","BadgeText":"!!SPECIALSALES_EXCLUSIVE","Texture":"BG_Bubblegum","ShowDuration":"6","CooldownMin":"60","CooldownMax":"96","Priority":"1","SoftCurrency":"25000","SocialCurrency":"300","PaidHardCurrency":"3000","QuestTickets":"25","Runes":"MAT_EVENT1_T1:3, MAT_EVENT1_T2:3, MAT_EVENT1_T3:3, MAT_EVENT1_T4:3"},
	{"ID":"CORN_BOOSTER_PACK_01","ProductID":"cdubsdev.ftue.bundle.02","Name":"CORN BOOSTER PACK","Description":"Pack includes lots of Gems, Gold, Cake, and 2 Rare Corn Creatures!","PackTitle":"!!SPECIALSALES_PACKINCLUDES","BadgeText":"!!SPECIALSALES_EXCLUSIVE","Texture":"BG_Jake","ShowDuration":"6","CooldownMin":"24","CooldownMax":"48","Priority":"1","SoftCurrency":"25000","SocialCurrency":"200","PaidHardCurrency":"1200","QuestTickets":"5","Creatures":"ArcherDan_Base, LegionOfEarlings_Base","XPMaterials":"CAKE_T1_Corn:10, CAKE_T2_Corn:10, CAKE_T3_Corn:10"}
]
