[
	{"item":"December","category":"calendar_gift","startDate":"01/11/2014","endDate":"01/01/2015"},
	{"item":"January","category":"calendar_gift","startDate":"01/01/2015","endDate":"01/02/2015"},
	{"item":"February","category":"calendar_gift","startDate":"01/02/2015","endDate":"01/03/2015"},
	{"item":"March","category":"calendar_gift","startDate":"01/03/2015","endDate":"01/04/2015"},
	{"item":"April","category":"calendar_gift","startDate":"01/04/2015","endDate":"01/05/2015"},
	{"item":"May","category":"calendar_gift","startDate":"01/05/2015","endDate":"01/06/2015"},
	{"item":"June","category":"calendar_gift","startDate":"01/06/2015","endDate":"01/07/2015"},
	{"item":"July","category":"calendar_gift","startDate":"01/07/2015","endDate":"01/08/2015"},
	{"item":"August","category":"calendar_gift","startDate":"01/08/2015","endDate":"01/09/2015"},
	{"item":"September","category":"calendar_gift","startDate":"01/09/2015","endDate":"01/10/2015"},
	{"item":"October","category":"calendar_gift","startDate":"01/10/2015","endDate":"01/11/2015"},
	{"item":"November","category":"calendar_gift","startDate":"01/11/2015","endDate":"01/12/2015"}
]
