[
	{"Block":"Q1","EnemyGuard":"SAND_0007","EnemyFighter":"CORN_0001","EnemyMystic":"PLAINS_0001","EnemyRecovery":"NICE_0001"},
	{"Block":"^","EnemyGuard":"SAND_0015","EnemyFighter":"CORN_0026","EnemyMystic":"PLAINS_0004"},
	{"Block":"^"},
	{"Block":"^"},
	{"Block":"Q2","EnemyGuard":"SAND_0007","EnemyFighter":"CORN_0001","EnemyMystic":"PLAINS_0001","EnemyRecovery":"NICE_0020","EnemyUtility":"SWAMP_0001"},
	{"Block":"^","EnemyGuard":"SAND_0015","EnemyFighter":"CORN_0026","EnemyMystic":"PLAINS_0004"},
	{"Block":"^","EnemyFighter":"CORN_0024"},
	{"Block":"^"}
]
