[
	{"Name":"Standard","StartDate":"11/1","TownPrefab":"Town/TownEnvironment","BannerSprite":"Building_Bar_Bg","BadgeColor":"98 52 189","BannerTextColor":"White","BannerTextOutlineColor":"Black","BannerTextShadowColor":"Black","BannerTextShadowOutlineColor":"Black","ChatIconSprite":"ChatIcon","ChatWindowFrameColor":"98 52 189","ChatWindowFillColor":"14 0 43","ChatMessageBgSprite":"Background_CreatureTray","DeepLinkButtonBgSprite":"Button_Cloud_Background","SingleGachaChestAnim":"SinglePullPassBy","MultiGachaChestAnim":"MultiPullPassBy"},
	{"Name":"Halloween","StartDate":"10/1","TownPrefab":"Town/TownEnvironment_Hal","BannerSprite":"Building_Bar_Bg_Hal","BadgeColor":"255 138 1","BannerTextColor":"White","BannerTextOutlineColor":"73 49 0","BannerTextShadowColor":"199 134 0","BannerTextShadowOutlineColor":"73 49 0","ChatIconSprite":"ChatIcon_Hal","ChatWindowFrameColor":"245 122 0","ChatWindowFillColor":"26 14 0","ChatMessageBgSprite":"Background_ChatTray","DeepLinkButtonBgSprite":"Button_Cloud_Background_Hal","SingleGachaChestAnim":"SinglePullPassBy","MultiGachaChestAnim":"MultiPullPassBy"},
	{"Name":"Christmas","StartDate":"12/1","TownPrefab":"Town/TownEnvironment_Xmas","BannerSprite":"Building_Bar_Bg_Xmas","BadgeColor":"255 0 0","BannerTextColor":"White","BannerTextOutlineColor":"Black","BannerTextShadowColor":"Black","BannerTextShadowOutlineColor":"Black","ChatIconSprite":"ChatIcon_Xmas","ChatWindowFrameColor":"0 250 0","ChatWindowFillColor":"0 34 6","ChatMessageBgSprite":"Background_ChatTray_Xmas","DeepLinkButtonBgSprite":"Button_Cloud_Background_Xmas","SingleGachaChestAnim":"SinglePullPassByXmas","MultiGachaChestAnim":"MultiPullPassByXmas"},
	{"Name":"Standard","StartDate":"1/1","TownPrefab":"Town/TownEnvironment","BannerSprite":"Building_Bar_Bg","BadgeColor":"98 52 189","BannerTextColor":"White","BannerTextOutlineColor":"Black","BannerTextShadowColor":"Black","BannerTextShadowOutlineColor":"Black","ChatIconSprite":"ChatIcon","ChatWindowFrameColor":"98 52 189","ChatWindowFillColor":"14 0 43","ChatMessageBgSprite":"Background_CreatureTray","DeepLinkButtonBgSprite":"Button_Cloud_Background","SingleGachaChestAnim":"SinglePullPassBy","MultiGachaChestAnim":"MultiPullPassBy"}
]
