[
	{"ID":"TBuilding_Collection","Name":"!!BUILDING_COLLECTION","TweenController":"Museum_Main_Show","ControllerScript":"MuseumController","UITexture":"UI_building_icon_museum"},
	{"ID":"TBuilding_Dungeon","Name":"!!BUILDING_DUNGEON","TweenController":"PreMatch_LeagueSelect_Show","ControllerScript":"QuestSelectController","Param":"Special","UITexture":"UI_building_icon_dungeon","BadgeEnum":"Dungeon"},
	{"ID":"TBuilding_EditDeck","Name":"!!INVENTORY","TweenController":"DeckEdit_Main_Show","ControllerScript":"EditDeckController","UITexture":"UI_building_icon_creatureranch"},
	{"ID":"TBuilding_Gacha","Name":"!!BUILDING_GACHA","TweenController":"Gacha_Main_Show","ControllerScript":"GachaScreenController","UITexture":"UI_building_icon_eggtent","BadgeEnum":"Gacha"},
	{"ID":"TBuilding_Lab","Name":"!!BUILDING_LAB","TweenController":"Development_Main_Show","ControllerScript":"LabBuildingController","UITexture":"UI_building_icon_lab","BadgeEnum":"Evo"},
	{"ID":"TBuilding_PVP","Name":"!!BUILDING_PVP","ControllerScript":"PvPModeSelectController","UITexture":"UI_building_icon_wizardtower"},
	{"ID":"TBuilding_Quests","Name":"!!BUILDING_QUESTS","TweenController":"PreMatch_LeagueSelect_Show","ControllerScript":"QuestSelectController","Param":"Main","UITexture":"UI_building_icon_pub"},
	{"ID":"TBuilding_Sell","Name":"!!BUILDING_SELL","TweenController":"Sell_Main_Show","ControllerScript":"SellScreenController","UITexture":"UI_building_icon_Bank"},
	{"ID":"TBuilding_Social","Name":"!!BUILDING_SOCIAL","TweenController":"Social_Main_Show","ControllerScript":"SocialController","UITexture":"UI_building_icon_postoffice","BadgeEnum":"Mail"},
	{"ID":"TBuilding_Store","Name":"!!BUILDING_STORE","ControllerScript":"StoreScreenController","UITexture":"UI_building_Icon_merchant"}
]
