[
	{"boardID":"IntroBattle","CreatureID":"TUT_Player_Attacker","isOut":"True","HPFactor":"1","Player":"0"},
	{"boardID":"^","CreatureID":"TUT_Player_Mystic","isOut":"True","HPFactor":"0.1","Player":"0"},
	{"boardID":"^","CreatureID":"TUT_Player_Guard","isOut":"False","HPFactor":"1","Player":"0"},
	{"boardID":"^","CreatureID":"TUT_Opp_Attacker","isOut":"True","HPFactor":"1","Player":"1"},
	{"boardID":"^","CreatureID":"TUT_Opp_Mystic","isOut":"True","HPFactor":"0.5","Player":"1"},
	{"boardID":"^","CreatureID":"TUT_Opp_Guard","isOut":"True","HPFactor":"1","Player":"1"}
]
