[
	{"State":"IN_Start","Block":"IntroBattle","Trigger":"FTUE","ForceAction":"StartHand: CORN_0001, PLAINS_0001, PLAINS_0004, CORN_0006;
StartHandEnemy: CORN_0001, CORN_0004, TUT_PLAINS_0002;
StartAP:5; StartAPEnemy:5;","tutorialBoard":"IntroBattle"},
	{"State":"IN_TextIntro","StartDelay":"0.7","EntryFunctionCall":"CameraToP2","PopupX":"0","PopupY":"-100","Target":"Floating","Text":"!!TUT_IN_TEXTINTRO_0","VO":"TUT_IN_TEXTINTRO_0","TextTitle":"!!Leader_JakeKing_NAME"},
	{"State":"IN_TextIntro_1","StartDelay":"0.7","EntryFunctionCall":"CameraToP1","PopupX":"0","PopupY":"-250","Target":"Floating","Text":"!!TUT_IN_TEXTINTRO_1","VO":"TUT_IN_TEXTINTRO_1","TextTitle":"!!Leader_Jake_NAME"},
	{"State":"IN_TextIntro_2","StartDelay":"0.7","EntryFunctionCall":"CameraToP2","PopupX":"0","PopupY":"-100","Target":"Floating","Text":"!!TUT_IN_TEXTINTRO_2","VO":"TUT_IN_TEXTINTRO_2","TextTitle":"!!Leader_JakeKing_NAME"},
	{"State":"IN_TextIntro_3","EntryFunctionCall":"CameraToP1","PopupX":"0","PopupY":"-250","Target":"Floating","Text":"!!TUT_IN_TEXTINTRO_3","VO":"TUT_IN_TEXTINTRO_3","TextTitle":"!!Leader_Jake_NAME"},
	{"State":"IN_TextIntro_4","EntryFunctionCall":"CameraToP2","ExitFunctionCall":"ShowHud","PopupX":"0","PopupY":"-100","Target":"Floating","Text":"!!TUT_IN_TEXTINTRO_4","VO":"TUT_IN_TEXTINTRO_4","TextTitle":"!!Leader_JakeKing_NAME"},
	{"State":"IN_TextIntro_5","PopupX":"0","PopupY":"-100","Target":"Floating","Text":"!!TUT_IN_TEXTINTRO_5","VO":"TUT_IN_TEXTINTRO_5","TextTitle":"!!Leader_JakeKing_NAME"},
	{"State":"IN_TextIntro_6","PopupX":"0","PopupY":"-100","Target":"Floating","Text":"!!TUT_IN_TEXTINTRO_6","VO":"TUT_IN_TEXTINTRO_6","TextTitle":"!!Leader_JakeKing_NAME"},
	{"State":"IN_TextIntro_7","PopupX":"0","PopupY":"-100","Target":"Floating","Text":"!!TUT_IN_TEXTINTRO_7","VO":"TUT_IN_TEXTINTRO_7","TextTitle":"!!Leader_JakeKing_NAME"},
	{"State":"IN_ActionCardsDesc","Target":"PointObject","Text":"!!TUT_IN_ACTIONCARDSDESC","VO":"TUT_IN_ACTIONCARDSDESC","TextTitle":"!!Leader_JakeKing_NAME"},
	{"State":"IN_TapCard","Target":"TapCard: PLAINS_0001","Text":"!!TUT_IN_TAPCARD","VO":"TUT_IN_TAPCARD","TextTitle":"!!Leader_JakeKing_NAME"},
	{"State":"IN_TapCardText","Target":"Special: ZoomedCardText","Text":"!!TUT_IN_TAPCARDTEXT","VO":"TUT_IN_TAPCARDTEXT","TextTitle":"!!Leader_JakeKing_NAME"},
	{"State":"IN_TapCardText_2","ExitFunctionCall":"UnzoomCard","PopupX":"0","PopupY":"-250","Target":"Floating","Text":"!!TUT_IN_TAPCARDTEXT_2","VO":"TUT_IN_TAPCARDTEXT_2","TextTitle":"!!Leader_JakeKing_NAME"},
	{"State":"IN_CreatureIntro","PopupX":"0","PopupY":"-100","Target":"Floating","Text":"!!TUT_IN_CREATUREINTRO","VO":"TUT_IN_CREATUREINTRO","TextTitle":"!!Leader_JakeKing_NAME"},
	{"State":"IN_CreatureIntro2","PopupX":"0","PopupY":"-250","Target":"Floating","Text":"!!TUT_IN_CREATUREINTRO2","VO":"TUT_IN_CREATUREINTRO2","TextTitle":"!!Leader_Jake_NAME"},
	{"State":"IN_FighterDesc","EntryFunctionCall":"FlashP1Attack","ExitFunctionCall":"StopFlashP1Attack","PopupX":"0","PopupY":"250","Target":"PointCreature: TUT_Player_Attacker","Text":"!!TUT_IN_FIGHTERDESC","VO":"TUT_IN_FIGHTERDESC","TextTitle":"!!Leader_JakeKing_NAME"},
	{"State":"IN_CreatureIntro3","PopupX":"0","PopupY":"-250","Target":"Floating","Text":"!!TUT_IN_FIGHTERDESC2","VO":"TUT_IN_FIGHTERDESC2","TextTitle":"!!Leader_Jake_NAME"},
	{"State":"IN_DragAttack1","PopupX":"0","PopupY":"0","Target":"Floating","Text":"!!TUT_IN_DRAGATTACK1","VO":"TUT_IN_DRAGATTACK1","TextTitle":"!!Leader_JakeKing_NAME"},
	{"State":"IN_DragAttack2","ForceAction":"Draw: CORN_0004;","PopupX":"0","PopupY":"-255","Target":"CreatureAttack: TUT_Player_Attacker, Fighter","Text":"!!TUT_IN_DRAGATTACK2","VO":"TUT_IN_DRAGATTACK2","TextTitle":"!!Leader_JakeKing_NAME"},
	{"State":"IN_DrawCard","StartDelay":"0.7","Target":"TapCard: CORN_0004","Text":"!!TUT_IN_DRAWCARD","VO":"TUT_IN_DRAWCARD","TextTitle":"!!Leader_JakeKing_NAME"},
	{"State":"IN_CardDrawDesc2","MaxHeight":"155","PopupX":"0","PopupY":"-270","Target":"Floating","Text":"!!TUT_IN_CARDDRAWDESC2","VO":"TUT_IN_CARDDRAWDESC2","TextTitle":"!!Leader_JakeKing_NAME"},
	{"State":"IN_CreatureCards","ExitFunctionCall":"UnzoomCard","MaxHeight":"155","PopupX":"0","PopupY":"-270","Target":"Floating","Text":"!!TUT_IN_CREATURECARDS","VO":"TUT_IN_CREATURECARDS","TextTitle":"!!Leader_JakeKing_NAME"},
	{"State":"IN_EndTurn1","Target":"PointObject","Text":"!!TUT_IN_ENDTURN2","VO":"TUT_IN_ENDTURN2","TextTitle":"!!Leader_JakeKing_NAME"},
	{"State":"IN_EndTurn2","Target":"TapObject","Text":"!!TUT_IN_ENDTURN","VO":"TUT_IN_ENDTURN","TextTitle":"!!Leader_JakeKing_NAME"},
	{"State":"IN_ENEMYKILL","ForceAction":"Attack: TUT_Opp_Attacker, TUT_Player_Mystic;","Target":"EnemyTurn"},
	{"State":"IN_CeatureKilled","PopupX":"0","PopupY":"-250","Target":"Floating","Text":"!!TUT_IN_ENEMYKILL","VO":"TUT_IN_ENEMYKILL","TextTitle":"!!Leader_Jake_NAME"},
	{"State":"IN_CeatureKilled2","PopupX":"0","PopupY":"-100","Target":"Floating","Text":"!!TUT_IN_ENEMYKILL2","VO":"TUT_IN_ENEMYKILL2","TextTitle":"!!Leader_JakeKing_NAME"},
	{"State":"IN_EnergyInfo","PopupX":"0","PopupY":"-100","Target":"Floating","Text":"!!TUT_IN_ENERGY","VO":"TUT_IN_ENERGY","TextTitle":"!!Leader_JakeKing_NAME"},
	{"State":"IN_PlayGuard","PopupX":"0","PopupY":"200","Target":"CreatureCardPlay: Mystic","Text":"!!TUT_IN_DEPLOYDOG","VO":"TUT_IN_DEPLOYDOG","TextTitle":"!!Leader_JakeKing_NAME"},
	{"State":"IN_DragAttack3","ForceAction":"Draw: TUT_PLAINS_0001;","PopupX":"0","PopupY":"-255","Target":"CreatureAttack: Mystic, Fighter","Text":"!!TUT_IN_DRAGATKDRAW","VO":"TUT_IN_DRAGATKDRAW","TextTitle":"!!Leader_JakeKing_NAME"},
	{"State":"IN_TapCard2","StartDelay":"0.7","ExitFunctionCall":"UnzoomCard","Target":"TapCard: TUT_PLAINS_0001","Text":"!!TUT_IN_TAPCARD2","VO":"TUT_IN_TAPCARD2","TextTitle":"!!Leader_JakeKing_NAME"},
	{"State":"IN_PlayStrAtk2","PopupX":"0","PopupY":"250","Target":"CardPlay: TUT_PLAINS_0001, Mystic"},
	{"State":"IN_SelectTarget","ForceAction":"Crit;","PopupX":"0","PopupY":"250","Target":"TapEnemyCreature: TUT_Opp_Mystic"},
	{"State":"IN_Crit2","PopupX":"0","PopupY":"250","Target":"Floating","Text":"!!TUT_IN_CRIT","VO":"TUT_IN_CRIT","TextTitle":"!!Leader_JakeKing_NAME"},
	{"State":"IN_EndTurn3","Target":"TapObject"},
	{"State":"IN_ENEMYATK","ForceAction":"PlayAttackCard: TUT_PLAINS_0002, Utility, Fighter; Crit;","Target":"EnemyTurn"},
	{"State":"IN_FloopIntro1","PopupX":"0","PopupY":"-100","Target":"Floating","Text":"!!TUT_IN_FLOOPINTRO1","VO":"TUT_IN_FLOOPINTRO1","TextTitle":"!!Leader_JakeKing_NAME"},
	{"State":"IN_DragAttack4","ForceAction":"Draw: TUT_0001","PopupX":"0","PopupY":"-250","Target":"CreatureAttack: Mystic, Utility","Text":"!!TUT_IN_FLOOPINTRO2","VO":"TUT_IN_FLOOPINTRO2","TextTitle":"!!Leader_Jake_NAME"},
	{"State":"IN_DrawFloop","PopupX":"0","PopupY":"200","Target":"Floating","Text":"!!TUT_IN_DRAWFLOOPCARD","VO":"TUT_IN_DRAWFLOOPCARD","TextTitle":"!!Leader_JakeKing_NAME"},
	{"State":"IN_PlayFloop","EndState":"True","ForceAction":"Crit;","Target":"CardPlay: TUT_0001, Mystic"},
	{"State":"IN_WaitForFinish"},
	{"State":"IN_Out","ExitFunctionCall":"LeaveToFrontend","PopupX":"0","PopupY":"-120","Target":"Floating","Text":"!!TUT_IN_OUT","VO":"TUT_IN_OUT","TextTitle":"!!Leader_JakeKing_NAME"},
	{"State":"Q1_AgeEntry","Block":"Q1","Trigger":"FTUE","EntryFunctionCall":"AgeEntry"},
	{"State":"Q1_SignIn","EntryFunctionCall":"FacebookLogin"},
	{"State":"Q1_NameEntry","EntryFunctionCall":"NameEntry"},
	{"State":"Q1_Welcome","PopupX":"0","PopupY":"200","Target":"TapBuilding: TBuilding_Quests","Text":"!!TUT_Q1_ARENA","VO":"TUT_Q1_ARENA"},
	{"State":"Q1_LeagueList","Target":"League: League1","Text":"!!TUT_Q1_LEAGUELIST","VO":"TUT_Q1_LEAGUELIST"},
	{"State":"Q1_QuestList","Target":"Quest: 1","Text":"!!TUT_Q1_QUESTLIST","VO":"TUT_Q1_QUESTLIST"},
	{"State":"Q1_Start","ManualAdvance":"True","EntryFunctionCall":"HideArenaTeamDescriptionBox","ExitFunctionCall":"ShowArenaTeamDescriptionBox","ForceAction":"StartHand: NICE_0019, NICE_0003, NICE_0001, NICE_0030, NICE_0017, PLAINS_0026, PLAINS_0001, PLAINS_0008, PLAINS_0002, PLAINS_0026, CORN_0024, CORN_0004, CORN_0003, CORN_0022;
StartHandEnemy: CORN_0001, CORN_0004, PLAINS_0020;","PopupX":"230","PopupY":"0","Target":"Floating","Text":"!!TUT_IN_STARTTEAM","VO":"TUT_IN_STARTTEAM"},
	{"State":"Q1_Intro","PopupX":"0","PopupY":"-100","Target":"Floating","Text":"!!TUT_Q1_INTRO","VO":"TUT_Q1_INTRO"},
	{"State":"Q1_Conditionals","EntryFunctionCall":"CheckCardOnHand","Target":"Conditionals: Q1Conditions"},
	{"State":"Q1_LevelUp","PopupX":"0","PopupY":"-250","Target":"PointObject","Text":"!!TUT_Q1_LVLUP","VO":"TUT_Q1_LVLUP"},
	{"State":"Q1_BackToTown","Target":"TapObject"},
	{"State":"Q1C_UseStatusEffect","Block":"Q1Conditions","Condition":"CardOnStatus: All","PopupX":"0","PopupY":"170","Target":"Floating","Text":"!!TUT_Q1C_CARDSTATUS","VO":"TUT_Q1C_CARDSTATUS"},
	{"State":"Q1C_UseLandscapeEffectCorn","ExitFunctionCall":"ShowBattleHudDeployTween","Condition":"CardOnStatus: CORN_0024","PopupX":"0","PopupY":"170","Target":"PointCard: CORN_0024","Text":"!!TUT_Q1C_LANDSCAPE_1","VO":"TUT_Q1C_LANDSCAPE_1"},
	{"State":"Q1C_UseLandscapeEffectPlain","ExitFunctionCall":"ShowBattleHudDeployTween","Condition":"CardOnStatus: PLAINS_0026","PopupX":"0","PopupY":"170","Target":"PointCard: PLAINS_0026","Text":"!!TUT_Q1C_LANDSCAPE_1","VO":"TUT_Q1C_LANDSCAPE_1"},
	{"State":"Q1C_UseLandscapeEffectNice","ExitFunctionCall":"ShowBattleHudDeployTween","Condition":"CardOnStatus: NICE_0019","PopupX":"0","PopupY":"170","Target":"PointCard: NICE_0019","Text":"!!TUT_Q1C_LANDSCAPE_1","VO":"TUT_Q1C_LANDSCAPE_1"},
	{"State":"Q1C_LeaderBar","Condition":"LeaderBar: 0.6","PopupX":"0","PopupY":"170","Target":"Floating","Text":"!!TUT_Q1C_LEADERBAR","VO":"TUT_Q1C_LEADERBAR"},
	{"State":"Q1C_HeroCard","Condition":"HeroCard","PopupX":"0","PopupY":"170","Target":"Floating","Text":"!!TUT_Q1C_HEROCARD_1","VO":"TUT_Q1C_HEROCARD_1"},
	{"State":"Q1C_HeroCard2","PopupX":"0","PopupY":"170","Target":"Floating","Text":"!!TUT_Q1C_HEROCARD_2","VO":"TUT_Q1C_HEROCARD_2"},
	{"State":"ED_ShowEditDeck","Block":"UseEditDeck","Trigger":"FTUE","PopupX":"-250","PopupY":"-175","Target":"TapBuilding: TBuilding_EditDeck","Text":"!!TUT_ED_SHOWEDITDECK","VO":"TUT_ED_SHOWEDITDECK"},
	{"State":"ED_EditDeck","PopupX":"0","PopupY":"170","Target":"Floating","Text":"!!TUT_ED_CHOOSETEAM","VO":"TUT_ED_CHOOSETEAM"},
	{"State":"ED_EditDeck2","PopupX":"0","PopupY":"-100","Target":"Floating","Text":"!!TUT_ED_CHOOSETEAM1","VO":"TUT_ED_CHOOSETEAM1"},
	{"State":"ED_WaitForFinish","EndState":"True"},
	{"State":"Q2_Pub","Block":"Q2","Trigger":"FTUE","EntryFunctionCall":"RemoveUnchosenTeam","Target":"TapBuilding: TBuilding_Quests","Text":"!!TUT_ED_CHOOSETEAM2","VO":"TUT_ED_CHOOSETEAM3"},
	{"State":"Q2_LeagueList","Target":"League: League1"},
	{"State":"Q2_QuestList","Target":"Quest: 2"},
	{"State":"Q2_Start","ManualAdvance":"True","ForceAction":"Drop:  CAKE_T1_Corn, CAKE_T1_Plains, CAKE_T1_Nice;","Target":"TapObject","Text":"!!TUT_Q2_BATTLEINTRO","VO":"TUT_Q2_BATTLEINTRO"},
	{"State":"Q2_Conditionals","Target":"Conditionals: Q2Conditions"},
	{"State":"Q2_OpenLoot","PopupX":"0","PopupY":"-200","Target":"Floating","Text":"!!TUT_Q2_OPENLOOT","VO":"TUT_Q2_OPENLOOT"},
	{"State":"Q2_BackToTown","Target":"TapObject"},
	{"State":"Q2C_CreatureDrop","Block":"Q2Conditions","StartDelay":"0.7","Condition":"CreatureDrop","PopupX":"0","PopupY":"-250","Target":"Special: DroppedEgg","Text":"!!TUT_Q2C_CREATUREDROP","VO":"TUT_Q2C_CREATUREDROP"},
	{"State":"GA_ShowGacha","Block":"UseGacha","Trigger":"FTUE","Target":"PointBuilding: TBuilding_Gacha","Text":"!!TUT_GA_SHOWGACHA","VO":"TUT_GA_SHOWGACHA"},
	{"State":"GA_ClickGacha","Target":"TapBuilding: TBuilding_Gacha","Text":"!!TUT_GA_CLICKGACHA","VO":"TUT_GA_CLICKGACHA"},
	{"State":"GA_ClickGachaButton","Target":"TapObject"},
	{"State":"GA_ClickGachaConfirmPurchase","EndState":"True","Target":"TapObject"},
	{"State":"GA_GachaOk"},
	{"State":"GA_CloseGacha","ContinueThrough":"True","Target":"TapObject","Text":"!!TUT_GA_EDITDECK","VO":"TUT_GA_EDITDECK"},
	{"State":"GA_EditDeck","Block":"EquipGacha","Trigger":"FTUE","EntryFunctionCall":"ShowRateAppPopup","PopupX":"-250","PopupY":"-175","Target":"TapBuilding: TBuilding_EditDeck"},
	{"State":"GA_TapCreature","Target":"Special: TapNewestCreatureInList"},
	{"State":"GA_TapStats","PopupX":"210","PopupY":"-145","Target":"TapObject","Text":"!!TUT_STATS","VO":"TUT_STATS"},
	{"State":"GA_CloseStats","HideArrow":"True","Target":"TapObject"},
	{"State":"GA_CloseCreature","Target":"TapObject"},
	{"State":"GA_AddCreature","EndState":"True","PopupX":"220","PopupY":"-220","Target":"Special: AddNewestCreatureInList","Text":"!!TUT_GA_ADDCREATURE","VO":"TUT_GA_ADDCREATURE"},
	{"State":"GA_CloseEditDeck","ContinueThrough":"True","Target":"TapObject"},
	{"State":"BA_TapBank","Block":"Bank","Trigger":"FTUE","Target":"TapBuilding: TBuilding_Store","Text":"!!TUT_BA_TAPBANK","VO":"TUT_BA_TAPBANK"},
	{"State":"BA_ExplainBank","ExitFunctionCall":"ShowIntroSale","PopupX":"0","PopupY":"-230","Target":"Floating","Text":"!!TUT_BA_EXPLAINBANK","VO":"TUT_BA_EXPLAINBANK"},
	{"State":"BA_InSale"},
	{"State":"BA_CloseBank","EndState":"True","Target":"TapObject"},
	{"State":"BA_ClickPub","Target":"TapBuilding: TBuilding_Quests","Text":"!!TUT_BA_CLICKPUB","VO":"TUT_BA_CLICKPUB"},
	{"State":"XP_ShowLab","Block":"XpFusion","Trigger":"TBuilding_Lab","Target":"TapBuilding: TBuilding_Lab","Text":"!!TUT_XP_SHOWLAB","VO":"TUT_XP_SHOWLAB"},
	{"State":"XP_ClickFusionTab","PopupX":"0","PopupY":"-100","Target":"TapObject","Text":"!!TUT_XP_CLICKFUSIONTAB","VO":"TUT_XP_CLICKFUSIONTAB"},
	{"State":"XP_AddCreature","PopupX":"220","PopupY":"200","Target":"Special: BestCreatureInList","Text":"!!TUT_XP_ADDCREATURE","VO":"TUT_XP_ADDCREATURE"},
	{"State":"XP_AddFodder1","PopupX":"-230","PopupY":"240","Target":"Special: TutorialFuseCreature","Text":"!!TUT_XP_ADDFODDER1","VO":"TUT_XP_ADDFODDER1"},
	{"State":"XP_AddFodder2","Target":"Special: TutorialFuseCreature"},
	{"State":"XP_ColorBonus","PopupX":"-235","PopupY":"100","Target":"Floating","Text":"!!TUT_XP_COLORBONUS","VO":"TUT_XP_COLORBONUS"},
	{"State":"XP_ClickFuse","EndState":"True","Target":"TapObject"},
	{"State":"XP_CloseFuseResults","HideArrow":"True","Target":"Floating","Text":"!!TUT_XP_CLOSEFUSERESULTS","VO":"TUT_XP_CLOSEFUSERESULTS"},
	{"State":"XP_CloseFusion","Target":"TapObject"},
	{"State":"CQ_TapEditTeam","Block":"CardEquip","Trigger":"Lab_CardEquip","PopupX":"-250","PopupY":"-150","Target":"TapBuilding: TBuilding_EditDeck","Text":"!!TUT_CQ_TAPEDITTEAM","VO":"TUT_CQ_TAPEDITTEAM"},
	{"State":"CQ_TapCardSlots","ManualAdvance":"True","Target":"Special: BestCreatureCards","Text":"!!TUT_CQ_TAPCARDSLOTS","VO":"TUT_CQ_TAPCARDSLOTS"},
	{"State":"CQ_DragCard","EndState":"True","Target":"Special: UnusedCardInList","Text":"!!TUT_CQ_DRAGCARD","VO":"TUT_CQ_DRAGCARD"},
	{"State":"CQ_CloseLab","Target":"TapObject"},
	{"State":"CQ_CloseEditDeck","Target":"TapObject"},
	{"State":"EN_ClickEnhance","Block":"Enhance","Trigger":"Lab_Enhance","EntryFunctionCall":"ZoomToLab","PopupX":"0","PopupY":"-100","Target":"TapObject","Text":"!!TUT_EN_CLICKEVO","VO":"TUT_EN_CLICKEVO"},
	{"State":"EN_DragEnhanceTarget","PopupX":"220","PopupY":"200","Target":"Special: TutorialEnhanceCreature","Text":"!!TUT_EN_DRAGEVOTARGET","VO":"TUT_EN_DRAGEVOTARGET"},
	{"State":"EN_ExplainMats1","Target":"PointObject","Text":"!!TUT_EN_EXPLAINMATS1","VO":"TUT_EN_EXPLAINMATS1"},
	{"State":"EN_ExplainMats2","Target":"PointObject","Text":"!!TUT_EN_EXPLAINMATS2","VO":"TUT_EN_EXPLAINMATS2"},
	{"State":"EN_PerformEnhance","EndState":"True","Target":"TapObject","Text":"!!TUT_EN_PERFORMEVO","VO":"TUT_EN_PERFORMEVO"},
	{"State":"EN_EnhanceFinish","PopupX":"-200","PopupY":"250","Target":"Floating","Text":"!!TUT_EN_EVODONE","VO":"TUT_EN_EVODONE"},
	{"State":"EN_EnhanceDone","Target":"TapObject"},
	{"State":"EV_ClickEvo","Block":"Evo","Trigger":"Lab_Evo","EntryFunctionCall":"ZoomToLab","PopupX":"0","PopupY":"-45","Target":"TapObject","Text":"!!TUT_EV_CLICKEVO","VO":"TUT_EV_CLICKEVO"},
	{"State":"EV_DragEvoTarget","PopupX":"220","PopupY":"200","Target":"Special: TutorialEvoCreature","Text":"!!TUT_EV_DRAGEVOTARGET","VO":"TUT_EV_DRAGEVOTARGET"},
	{"State":"EV_ExplainMats1","PopupX":"-240","PopupY":"-270","Target":"Floating","Text":"!!TUT_EV_EXPLAINMATS1","VO":"TUT_EV_EXPLAINMATS1"},
	{"State":"EV_PerformEvo1","PopupX":"-240","PopupY":"-270","Target":"Floating","Text":"!!TUT_EV_PERFORMEVO","VO":"TUT_EV_PERFORMEVO"},
	{"State":"EV_PerformEvo","EndState":"True","Target":"TapObject"},
	{"State":"EV_EvoDone","PopupX":"-200","PopupY":"250","Target":"Floating","Text":"!!TUT_EV_EVODONE","VO":"TUT_EV_EVODONE"},
	{"State":"EV_EvoViewStats","PopupX":"-200","PopupY":"250","Target":"Floating","Text":"!!TUT_EV_SHARD","VO":"TUT_EV_SHARD"},
	{"State":"EV_EvoCickStatIcon","Target":"Special: TapNewestEVOCreatureInList"},
	{"State":"EV_EvoCickStatDetails","Target":"TapObject"},
	{"State":"EV_EvoCickStatDetails2","HideArrow":"True","Target":"TapObject"},
	{"State":"EV_CloseStats","Target":"TapObject"},
	{"State":"EV_EvoClose","Target":"TapObject"},
	{"State":"PV_ShowPvp","Block":"Pvp","Trigger":"TBuilding_PVP","EndState":"True","Target":"PointBuilding: TBuilding_PVP","Text":"!!TUT_PV_SHOWPVP","VO":"TUT_PV_SHOWPVP"},
	{"State":"SL_ShowSell","Block":"Sell","Trigger":"TBuilding_Sell","EndState":"True","ContinueThrough":"True","Target":"PointBuilding: TBuilding_Sell","Text":"!!TUT_SL_SHOWSELL","VO":"TUT_SL_SHOWSELL"},
	{"State":"EX_Intro","Block":"ExpedIntro","Trigger":"Expedition","Target":"TapObject","Text":"!!TUT_EX_INTRO","VO":"TUT_EX_INTRO"},
	{"State":"EX_Success","EndState":"True","PopupX":"0","PopupY":"0","Target":"Floating","Text":"!!TUT_EX_SUCCESS","VO":"TUT_EX_SUCCESS"},
	{"State":"DN_ClickDungeon","Block":"Dungeon","Trigger":"TBuilding_Dungeon","Target":"TapBuilding: TBuilding_Dungeon","Text":"!!TUT_DN_CLICKDUNGEON","VO":"TUT_DN_CLICKDUNGEON"},
	{"State":"DN_ExplainBattles","EndState":"True","PopupX":"0","PopupY":"-230","Target":"Floating","Text":"!!TUT_DN_EXPLAINBATTLES","VO":"TUT_DN_EXPLAINBATTLES"},
	{"State":"CL_ShowCollections","Block":"Collections","Trigger":"TBuilding_Collection","EndState":"True","Target":"PointBuilding: TBuilding_Collection","Text":"!!TUT_CL_SHOWCOLLECTIONS","VO":"TUT_CL_SHOWCOLLECTIONS"},
	{"State":"SC_ShowSocial","Block":"Social","Trigger":"TBuilding_Social","PopupX":"250","PopupY":"-33","Target":"TapBuilding: TBuilding_Social","Text":"!!TUT_SC_SHOWSOCIAL","VO":"TUT_SC_SHOWSOCIAL"},
	{"State":"SC_FacebookDesc","PopupX":"0","PopupY":"0","Target":"Floating","Text":"!!TUT_SC_FACEBOOKDESC","VO":"TUT_SC_FACEBOOKDESC"},
	{"State":"SC_MailDesc","Target":"PointObject","Text":"!!TUT_SC_MAILDESC","VO":"TUT_SC_MAILDESC"},
	{"State":"SC_IntroHelper","Target":"PointObject","Text":"!!TUT_SC_INTROHELPER","VO":"TUT_SC_INTROHELPER"},
	{"State":"SC_CloseSocial","Target":"TapObject","Text":"!!TUT_SC_CLOSESOCIAL","VO":"TUT_SC_CLOSESOCIAL"},
	{"State":"SC_TapPub","Target":"TapBuilding: TBuilding_Quests"},
	{"State":"SC_TapLeague","Target":"Special: HighestLeague"},
	{"State":"SC_TapQuest","Target":"Special: HighestQuest"},
	{"State":"SC_TapHelperButton","ManualAdvance":"True","Target":"TapObject","Text":"!!TUT_SC_TAPHELPERBUTTON","VO":"TUT_SC_TAPHELPERBUTTON"},
	{"State":"SC_DragHelper","PopupX":"215","PopupY":"-215","Target":"Special: HelperCreature"},
	{"State":"SC_ExplainBonus","EndState":"True","PopupX":"0","PopupY":"0","Target":"Floating","Text":"!!TUT_SC_EXPLAINBONUS","VO":"TUT_SC_EXPLAINBONUS"},
	{"State":"ST_Empty","Block":"Stamina","PopupX":"0","PopupY":"0","Target":"Floating","Text":"!!TUT_ST_EMPTY","VO":"TUT_ST_EMPTY"},
	{"State":"ST_Refill","EndState":"True","PopupX":"0","PopupY":"0","Target":"Floating","Text":"!!TUT_ST_REFILL","VO":"TUT_ST_REFILL"},
	{"State":"HR_TapStore","Block":"BuyHero","Trigger":"BuyHero","Target":"TapBuilding: TBuilding_Store","Text":"!!TUT_HR_TAPSTORE","VO":"TUT_HR_TAPSTORE"},
	{"State":"HR_TapHeroTab","Target":"TapObject"},
	{"State":"HR_Cards","PopupX":"200","PopupY":"-240","Target":"Floating","Text":"!!TUT_HR_CARDS","VO":"TUT_HR_CARDS"},
	{"State":"HR_Hire","EndState":"True","Target":"TapObject","Text":"!!TUT_HR_HIRE","VO":"TUT_HR_HIRE"},
	{"State":"HR_CloseHeroPopup","StartDelay":"1","Target":"TapObject"},
	{"State":"HR_CloseStore","Target":"TapObject"},
	{"State":"HR_TapEditDeck","PopupX":"-250","PopupY":"-170","Target":"TapBuilding: TBuilding_EditDeck","Text":"!!TUT_HR_TAPEDITDECK","VO":"TUT_HR_TAPEDITDECK"},
	{"State":"HR_HeroButtons","Target":"PointObject","Text":"!!TUT_HR_HEROBUTTONS","VO":"TUT_HR_HEROBUTTONS"},
	{"State":"RV_Intro","Block":"Revive","PopupX":"0","PopupY":"0","Target":"Floating","Text":"!!TUT_RV_INTRO","VO":"TUT_RV_INTRO"},
	{"State":"RV_ExplainRevive","ExitFunctionCall":"AddReviveHardCurrency","PopupX":"0","PopupY":"0","Target":"Floating","Text":"!!TUT_RV_EXPLAINREVIVE","VO":"TUT_RV_EXPLAINREVIVE"},
	{"State":"RV_ClickRevive","EndState":"True","Target":"TapObject","Text":"!!TUT_RV_CLICKREVIVE","VO":"TUT_RV_CLICKREVIVE"},
	{"State":"DM_GotDungeonMap","Block":"DungeonMap","EndState":"True","Target":"PointObject","Text":"!!TUT_DM_GOTDUNGEONMAP","VO":"TUT_DM_GOTDUNGEONMAP"},
	{"State":"TC_Exceeded","Block":"TeamCost","Target":"PointObject","Text":"!!TUT_TC_EXCEEDED","VO":"TUT_TC_EXCEEDED"},
	{"State":"TC_RankUp","EndState":"True","Target":"PointObject","Text":"!!TUT_TC_RANKUP","VO":"TUT_TC_RANKUP"}
]
