[
	{"Parameter":"NoteDuration","Value":"1"},
	{"Parameter":"NoteDurationChange","Value":".04"},
	{"Parameter":"NoteFadeInTime","Value":"0.2"},
	{"Parameter":"NoteRotation","Value":"300"},
	{"Parameter":"NoteSpacingMin","Value":".6"},
	{"Parameter":"NoteSpacingMax","Value":".8"},
	{"Parameter":"NoteSpacingChange","Value":"0.015"},
	{"Parameter":"DoubleUpChance","Value":"0.17"},
	{"Parameter":"_RANGE","RangeText":"PERFECT!","RangeBeforeTap":".1","RangeAfterTap":".1","AttackBonus":"5","DefenseBonus":"2"},
	{"Parameter":"_RANGE","RangeText":"GOOD","RangeBeforeTap":".2","RangeAfterTap":".2","AttackBonus":"2","DefenseBonus":"1"},
	{"Parameter":"_RANGE","RangeText":"FAIR","RangeBeforeTap":".3","RangeAfterTap":".3","AttackBonus":"1","DefenseBonus":"0"},
	{"Parameter":"_RANGE","RangeText":"MISS","AttackBonus":"-5","DefenseBonus":"0"}
]
