[
	{"ID":"app_launch"},
	{"ID":"^","Suffix":"_hero","Condition":"BuyHero: Leader_BMO","Priority":"1"},
	{"ID":"^","Suffix":"_dungeon","Condition":"Feature: TBuilding_Dungeon","Priority":"2"},
	{"ID":"enter_pvp"},
	{"ID":"^","Suffix":"_hero","Condition":"BuyHero: Leader_BMO","Priority":"1"},
	{"ID":"^","Suffix":"_dungeon","Condition":"Feature: TBuilding_Dungeon","Priority":"2"},
	{"ID":"game_gacha"},
	{"ID":"^","Suffix":"_hero","Condition":"BuyHero: Leader_BMO","Priority":"1"},
	{"ID":"^","Suffix":"_dungeon","Condition":"Feature: TBuilding_Dungeon","Priority":"2"},
	{"ID":"main_menu"},
	{"ID":"^","Suffix":"_hero","Condition":"BuyHero: Leader_BMO","Priority":"1"},
	{"ID":"^","Suffix":"_dungeon","Condition":"Feature: TBuilding_Dungeon","Priority":"2"},
	{"ID":"store_menu"},
	{"ID":"^","Suffix":"_hero","Condition":"BuyHero: Leader_BMO","Priority":"1"},
	{"ID":"^","Suffix":"_dungeon","Condition":"Feature: TBuilding_Dungeon","Priority":"2"}
]
