[
	{"Level":"1","SampleTable1":"0","SampleTable2":"0","PlayerRank":"0","1M":"0","2M":"0","3M":"0","4M":"0","5M":"0","XPCreature":"0"},
	{"Level":"2","SampleTable1":"100","SampleTable2":"50","PlayerRank":"15","1M":"10","2M":"20","3M":"30","4M":"40","5M":"50","XPCreature":"10"},
	{"Level":"3","SampleTable1":"200","SampleTable2":"100","PlayerRank":"89","1M":"59","2M":"119","3M":"178","4M":"238","5M":"297","XPCreature":"30"},
	{"Level":"4","SampleTable1":"300","SampleTable2":"150","PlayerRank":"246","1M":"164","2M":"328","3M":"492","4M":"656","5M":"820","XPCreature":"60"},
	{"Level":"5","SampleTable1":"400","SampleTable2":"200","PlayerRank":"505","1M":"337","2M":"673","3M":"1010","4M":"1346","5M":"1683","XPCreature":"100"},
	{"Level":"6","SampleTable1":"500","SampleTable2":"250","PlayerRank":"882","1M":"588","2M":"1176","3M":"1764","4M":"2352","5M":"2940","XPCreature":"150"},
	{"Level":"7","SampleTable1":"600","SampleTable2":"300","PlayerRank":"1391","1M":"927","2M":"1855","3M":"2782","4M":"3710","5M":"4637","XPCreature":"210"},
	{"Level":"8","SampleTable1":"700","SampleTable2":"350","PlayerRank":"2045","1M":"1364","2M":"2727","3M":"4091","4M":"5454","5M":"6818","XPCreature":"280"},
	{"Level":"9","SampleTable1":"800","SampleTable2":"400","PlayerRank":"2856","1M":"1904","2M":"3808","3M":"5712","4M":"7616","5M":"9520","XPCreature":"360"},
	{"Level":"10","SampleTable1":"900","SampleTable2":"450","PlayerRank":"3834","1M":"2556","2M":"5112","3M":"7668","4M":"10224","5M":"12779","XPCreature":"450"},
	{"Level":"11","SampleTable1":"1000","SampleTable2":"500","PlayerRank":"4989","1M":"3326","2M":"6652","3M":"9978","4M":"13304","5M":"16630","XPCreature":"600"},
	{"Level":"12","SampleTable1":"1100","SampleTable2":"550","PlayerRank":"6332","1M":"4221","2M":"8442","3M":"12663","4M":"16884","5M":"21105","XPCreature":"765"},
	{"Level":"13","SampleTable1":"1200","SampleTable2":"600","PlayerRank":"7870","1M":"5247","2M":"10493","3M":"15740","4M":"20987","5M":"26234","XPCreature":"945"},
	{"Level":"14","SampleTable1":"1300","SampleTable2":"650","PlayerRank":"9614","1M":"6409","2M":"12818","3M":"19227","4M":"25636","5M":"32045","XPCreature":"1140"},
	{"Level":"15","SampleTable1":"1400","SampleTable2":"700","PlayerRank":"11570","1M":"7714","2M":"15427","3M":"23141","4M":"30854","5M":"38568","XPCreature":"1350"},
	{"Level":"16","SampleTable1":"1500","SampleTable2":"750","PlayerRank":"13748","1M":"9166","2M":"18331","3M":"27497","4M":"36663","5M":"45828","XPCreature":"1575"},
	{"Level":"17","SampleTable1":"1600","SampleTable2":"800","PlayerRank":"16156","1M":"10770","2M":"21541","3M":"32311","4M":"43082","5M":"53852","XPCreature":"1815"},
	{"Level":"18","SampleTable1":"1700","SampleTable2":"850","PlayerRank":"18800","1M":"12533","2M":"25066","3M":"37599","4M":"50132","5M":"62665","XPCreature":"2070"},
	{"Level":"19","SampleTable1":"1800","SampleTable2":"900","PlayerRank":"21687","1M":"14458","2M":"28917","3M":"43375","4M":"57833","5M":"72291","XPCreature":"2340"},
	{"Level":"20","SampleTable1":"1900","SampleTable2":"950","PlayerRank":"24826","1M":"16551","2M":"33102","3M":"49652","4M":"66203","5M":"82754","XPCreature":"2625"},
	{"Level":"21","SampleTable1":"2000","PlayerRank":"28223","1M":"18815","2M":"37630","3M":"56446","4M":"75261","5M":"94076","XPCreature":"3125"},
	{"Level":"22","SampleTable1":"2100","PlayerRank":"31884","1M":"21256","2M":"42512","3M":"63768","4M":"85024","5M":"106280","XPCreature":"3650"},
	{"Level":"23","SampleTable1":"2200","PlayerRank":"35816","1M":"23878","2M":"47755","3M":"71633","4M":"95511","5M":"119388","XPCreature":"4200"},
	{"Level":"24","SampleTable1":"2300","PlayerRank":"40026","1M":"26684","2M":"53368","3M":"80053","4M":"106737","5M":"133421","XPCreature":"4775"},
	{"Level":"25","SampleTable1":"2400","PlayerRank":"44520","1M":"29680","2M":"59360","3M":"89040","4M":"118720","5M":"148400","XPCreature":"5375"},
	{"Level":"26","SampleTable1":"2500","PlayerRank":"49303","1M":"32869","2M":"65738","3M":"98607","4M":"131475","5M":"164344","XPCreature":"6000"},
	{"Level":"27","SampleTable1":"2600","PlayerRank":"54383","1M":"36255","2M":"72510","3M":"108765","4M":"145020","5M":"181275","XPCreature":"6650"},
	{"Level":"28","SampleTable1":"2700","PlayerRank":"59763","1M":"39842","2M":"79685","3M":"119527","4M":"159369","5M":"199211","XPCreature":"7325"},
	{"Level":"29","SampleTable1":"2800","PlayerRank":"65452","1M":"43634","2M":"87269","3M":"130903","4M":"174538","5M":"218172","XPCreature":"8025"},
	{"Level":"30","SampleTable1":"2900","PlayerRank":"71453","1M":"47635","2M":"95271","3M":"142906","4M":"190542","5M":"238177","XPCreature":"8750"},
	{"Level":"31","SampleTable1":"3000","PlayerRank":"77773","1M":"51849","2M":"103697","3M":"155546","4M":"207395","5M":"259244","XPCreature":"9800"},
	{"Level":"32","SampleTable1":"3100","PlayerRank":"84417","1M":"56278","2M":"112556","3M":"168834","4M":"225112","5M":"281390","XPCreature":"10885"},
	{"Level":"33","SampleTable1":"3200","PlayerRank":"91390","1M":"60927","2M":"121854","3M":"182781","4M":"243708","5M":"304635","XPCreature":"12005"},
	{"Level":"34","SampleTable1":"3300","PlayerRank":"98699","1M":"65799","2M":"131598","3M":"197397","4M":"263196","5M":"328995","XPCreature":"13160"},
	{"Level":"35","SampleTable1":"3400","PlayerRank":"106347","1M":"70898","2M":"141795","3M":"212693","4M":"283591","5M":"354488","XPCreature":"14350"},
	{"Level":"36","SampleTable1":"3500","PlayerRank":"114339","1M":"76226","2M":"152453","3M":"228679","4M":"304905","5M":"381132","XPCreature":"15575"},
	{"Level":"37","SampleTable1":"3600","PlayerRank":"122682","1M":"81788","2M":"163577","3M":"245365","4M":"327153","5M":"408941","XPCreature":"16835"},
	{"Level":"38","SampleTable1":"3700","PlayerRank":"131380","1M":"87587","2M":"175174","3M":"262761","4M":"350348","5M":"437934","XPCreature":"18130"},
	{"Level":"39","SampleTable1":"3800","PlayerRank":"140438","1M":"93625","2M":"187251","3M":"280876","4M":"374502","5M":"468127","XPCreature":"19460"},
	{"Level":"40","SampleTable1":"3900","PlayerRank":"149861","1M":"99907","2M":"199814","3M":"299721","4M":"399628","5M":"499535","XPCreature":"20825"},
	{"Level":"41","SampleTable1":"4000","PlayerRank":"159653","1M":"106435","2M":"212870","3M":"319305","4M":"425740","5M":"532175","XPCreature":"22825"},
	{"Level":"42","SampleTable1":"4100","PlayerRank":"169819","1M":"113213","2M":"226425","3M":"339638","4M":"452850","5M":"566063","XPCreature":"24875"},
	{"Level":"43","SampleTable1":"4200","PlayerRank":"180364","1M":"120243","2M":"240485","3M":"360728","4M":"480970","5M":"601213","XPCreature":"26975"},
	{"Level":"44","SampleTable1":"4300","PlayerRank":"191292","1M":"127528","2M":"255056","3M":"382584","4M":"510112","5M":"637641","XPCreature":"29125"},
	{"Level":"45","SampleTable1":"4400","PlayerRank":"202609","1M":"135072","2M":"270145","3M":"405217","4M":"540289","5M":"675362","XPCreature":"31325"},
	{"Level":"46","SampleTable1":"4500","PlayerRank":"214317","1M":"142878","2M":"285756","3M":"428635","4M":"571513","5M":"714391","XPCreature":"33575"},
	{"Level":"47","SampleTable1":"4600","PlayerRank":"226423","1M":"150949","2M":"301897","3M":"452846","4M":"603795","5M":"754744","XPCreature":"35875"},
	{"Level":"48","SampleTable1":"4700","PlayerRank":"238930","1M":"159287","2M":"318573","3M":"477860","4M":"637147","5M":"796433","XPCreature":"38225"},
	{"Level":"49","SampleTable1":"4800","PlayerRank":"251843","1M":"167895","2M":"335790","3M":"503685","4M":"671580","5M":"839475","XPCreature":"40625"},
	{"Level":"50","SampleTable1":"4900","PlayerRank":"265165","1M":"176777","2M":"353553","3M":"530330","4M":"707107","5M":"883883","XPCreature":"43075"},
	{"Level":"51","SampleTable1":"5000","PlayerRank":"278902","1M":"185934","2M":"371869","3M":"557803","4M":"743738","5M":"929672","XPCreature":"45575"},
	{"Level":"52","SampleTable1":"5100","PlayerRank":"293057","1M":"195371","2M":"390742","3M":"586113","4M":"781484","5M":"976855","XPCreature":"48125"},
	{"Level":"53","SampleTable1":"5200","PlayerRank":"307634","1M":"205089","2M":"410179","3M":"615268","4M":"820358","5M":"1025447","XPCreature":"50725"},
	{"Level":"54","SampleTable1":"5300","PlayerRank":"322638","1M":"215092","2M":"430184","3M":"645276","4M":"860368","5M":"1075461","XPCreature":"53375"},
	{"Level":"55","SampleTable1":"5400","PlayerRank":"338073","1M":"225382","2M":"450764","3M":"676146","4M":"901528","5M":"1126910","XPCreature":"56075"},
	{"Level":"56","SampleTable1":"5500","PlayerRank":"353943","1M":"235962","2M":"471923","3M":"707885","4M":"943847","5M":"1179809","XPCreature":"58825"},
	{"Level":"57","SampleTable1":"5600","PlayerRank":"370251","1M":"246834","2M":"493668","3M":"740502","4M":"987336","5M":"1234170","XPCreature":"61625"},
	{"Level":"58","SampleTable1":"5700","PlayerRank":"387002","1M":"258001","2M":"516003","3M":"774004","4M":"1032005","5M":"1290007","XPCreature":"64475"},
	{"Level":"59","SampleTable1":"5800","PlayerRank":"404200","1M":"269467","2M":"538933","3M":"808400","4M":"1077866","5M":"1347333","XPCreature":"67375"},
	{"Level":"60","SampleTable1":"5900","PlayerRank":"421848","1M":"281232","2M":"562464","3M":"843696","4M":"1124928","5M":"1406160","XPCreature":"70325"},
	{"Level":"61","SampleTable1":"6000","PlayerRank":"439951","1M":"293301","2M":"586601","3M":"879902","4M":"1173202","5M":"1466503"},
	{"Level":"62","SampleTable1":"6100","PlayerRank":"458512","1M":"305675","2M":"611349","3M":"917024","4M":"1222699","5M":"1528373"},
	{"Level":"63","SampleTable1":"6200","PlayerRank":"477535","1M":"318357","2M":"636713","3M":"955070","4M":"1273427","5M":"1591784"},
	{"Level":"64","SampleTable1":"6300","PlayerRank":"497024","1M":"331349","2M":"662699","3M":"994048","4M":"1325398","5M":"1656747"},
	{"Level":"65","SampleTable1":"6400","PlayerRank":"516983","1M":"344655","2M":"689310","3M":"1033965","4M":"1378621","5M":"1723276"},
	{"Level":"66","SampleTable1":"6500","PlayerRank":"537415","1M":"358276","2M":"716553","3M":"1074829","4M":"1433106","5M":"1791382"},
	{"Level":"67","SampleTable1":"6600","PlayerRank":"558324","1M":"372216","2M":"744431","3M":"1116647","4M":"1488863","5M":"1861078"},
	{"Level":"68","SampleTable1":"6700","PlayerRank":"579713","1M":"386475","2M":"772951","3M":"1159426","4M":"1545901","5M":"1932377"},
	{"Level":"69","SampleTable1":"6800","PlayerRank":"601587","1M":"401058","2M":"802116","3M":"1203174","4M":"1604232","5M":"2005290"},
	{"Level":"70","SampleTable1":"6900","PlayerRank":"623949","1M":"415966","2M":"831931","3M":"1247897","4M":"1663863","5M":"2079829"},
	{"Level":"71","SampleTable1":"7000","PlayerRank":"646802","1M":"431201","2M":"862402","3M":"1293603","4M":"1724805","5M":"2156006"},
	{"Level":"72","SampleTable1":"7100","PlayerRank":"670150","1M":"446767","2M":"893533","3M":"1340300","4M":"1787066","5M":"2233833"},
	{"Level":"73","SampleTable1":"7200","PlayerRank":"693997","1M":"462664","2M":"925329","3M":"1387993","4M":"1850657","5M":"2313322"},
	{"Level":"74","SampleTable1":"7300","PlayerRank":"718345","1M":"478897","2M":"957794","3M":"1436690","4M":"1915587","5M":"2394484"},
	{"Level":"75","SampleTable1":"7400","PlayerRank":"743199","1M":"495466","2M":"990933","3M":"1486399","4M":"1981865","5M":"2477331"},
	{"Level":"76","SampleTable1":"7500","PlayerRank":"768563","1M":"512375","2M":"1024750","3M":"1537125","4M":"2049500","5M":"2561875"},
	{"Level":"77","SampleTable1":"7600","PlayerRank":"794438","1M":"529625","2M":"1059251","3M":"1588876","4M":"2118502","5M":"2648127"},
	{"Level":"78","SampleTable1":"7700","PlayerRank":"820829","1M":"547220","2M":"1094439","3M":"1641659","4M":"2188878","5M":"2736098"},
	{"Level":"79","SampleTable1":"7800","PlayerRank":"847740","1M":"565160","2M":"1130320","3M":"1695480","4M":"2260639","5M":"2825799"},
	{"Level":"80","SampleTable1":"7900","PlayerRank":"875173","1M":"583449","2M":"1166897","3M":"1750346","4M":"2333794","5M":"2917243"},
	{"Level":"81","SampleTable1":"8000","PlayerRank":"903132","1M":"602088","2M":"1204175","3M":"1806263","4M":"2408351","5M":"3010439"},
	{"Level":"82","SampleTable1":"8100","PlayerRank":"931620","1M":"621080","2M":"1242159","3M":"1863239","4M":"2484319","5M":"3105399"},
	{"Level":"83","SampleTable1":"8200","PlayerRank":"960640","1M":"640427","2M":"1280853","3M":"1921280","4M":"2561707","5M":"3202134"},
	{"Level":"84","SampleTable1":"8300","PlayerRank":"990196","1M":"660131","2M":"1320262","3M":"1980393","4M":"2640523","5M":"3300654"},
	{"Level":"85","SampleTable1":"8400","PlayerRank":"1020292","1M":"680194","2M":"1360389","3M":"2040583","4M":"2720777","5M":"3400972"},
	{"Level":"86","SampleTable1":"8500","PlayerRank":"1050929","1M":"700619","2M":"1401239","3M":"2101858","4M":"2802477","5M":"3503097"},
	{"Level":"87","SampleTable1":"8600","PlayerRank":"1082112","1M":"721408","2M":"1442816","3M":"2164224","4M":"2885632","5M":"3607040"},
	{"Level":"88","SampleTable1":"8700","PlayerRank":"1113844","1M":"742562","2M":"1485125","3M":"2227687","4M":"2970250","5M":"3712812"},
	{"Level":"89","SampleTable1":"8800","PlayerRank":"1146127","1M":"764085","2M":"1528169","3M":"2292254","4M":"3056339","5M":"3820423"},
	{"Level":"90","SampleTable1":"8900","PlayerRank":"1178965","1M":"785977","2M":"1571954","3M":"2357931","4M":"3143908","5M":"3929885"},
	{"Level":"91","SampleTable1":"9000","PlayerRank":"1212362","1M":"808241","2M":"1616483","3M":"2424724","4M":"3232966","5M":"4041207"},
	{"Level":"92","SampleTable1":"9100","PlayerRank":"1246320","1M":"830880","2M":"1661760","3M":"2492640","4M":"3323520","5M":"4154400"},
	{"Level":"93","SampleTable1":"9200","PlayerRank":"1280842","1M":"853895","2M":"1707790","3M":"2561684","4M":"3415579","5M":"4269474"},
	{"Level":"94","SampleTable1":"9300","PlayerRank":"1315932","1M":"877288","2M":"1754576","3M":"2631864","4M":"3509152","5M":"4386440"},
	{"Level":"95","SampleTable1":"9400","PlayerRank":"1351592","1M":"901062","2M":"1802123","3M":"2703185","4M":"3604246","5M":"4505308"},
	{"Level":"96","SampleTable1":"9500","PlayerRank":"1387826","1M":"925217","2M":"1850435","3M":"2775652","4M":"3700870","5M":"4626087"},
	{"Level":"97","SampleTable1":"9600","PlayerRank":"1424637","1M":"949758","2M":"1899516","3M":"2849274","4M":"3799031","5M":"4748789"},
	{"Level":"98","SampleTable1":"9700","PlayerRank":"1462027","1M":"974685","2M":"1949369","3M":"2924054","4M":"3898739","5M":"4873423"},
	{"Level":"99","SampleTable1":"9800","PlayerRank":"1500000","1M":"1000000","2M":"2000000","3M":"3000000","4M":"4000000","5M":"5000000"},
	{"Level":"100","PlayerRank":"1538559"},
	{"Level":"101","PlayerRank":"1577706"},
	{"Level":"102","PlayerRank":"1617445"},
	{"Level":"103","PlayerRank":"1657778"},
	{"Level":"104","PlayerRank":"1698710"},
	{"Level":"105","PlayerRank":"1740241"},
	{"Level":"106","PlayerRank":"1782376"},
	{"Level":"107","PlayerRank":"1825117"},
	{"Level":"108","PlayerRank":"1868467"},
	{"Level":"109","PlayerRank":"1912430"},
	{"Level":"110","PlayerRank":"1957007"},
	{"Level":"111","PlayerRank":"2002202"},
	{"Level":"112","PlayerRank":"2048017"},
	{"Level":"113","PlayerRank":"2094455"},
	{"Level":"114","PlayerRank":"2141520"},
	{"Level":"115","PlayerRank":"2189214"},
	{"Level":"116","PlayerRank":"2237539"},
	{"Level":"117","PlayerRank":"2286499"},
	{"Level":"118","PlayerRank":"2336096"},
	{"Level":"119","PlayerRank":"2386333"},
	{"Level":"120","PlayerRank":"2437213"},
	{"Level":"121","PlayerRank":"2488738"},
	{"Level":"122","PlayerRank":"2540911"},
	{"Level":"123","PlayerRank":"2593735"},
	{"Level":"124","PlayerRank":"2647213"},
	{"Level":"125","PlayerRank":"2701346"},
	{"Level":"126","PlayerRank":"2756139"},
	{"Level":"127","PlayerRank":"2811593"},
	{"Level":"128","PlayerRank":"2867711"},
	{"Level":"129","PlayerRank":"2924496"},
	{"Level":"130","PlayerRank":"2981950"},
	{"Level":"131","PlayerRank":"3040076"},
	{"Level":"132","PlayerRank":"3098877"},
	{"Level":"133","PlayerRank":"3158355"},
	{"Level":"134","PlayerRank":"3218512"},
	{"Level":"135","PlayerRank":"3279352"},
	{"Level":"136","PlayerRank":"3340877"},
	{"Level":"137","PlayerRank":"3403089"},
	{"Level":"138","PlayerRank":"3465991"},
	{"Level":"139","PlayerRank":"3529586"},
	{"Level":"140","PlayerRank":"3593876"},
	{"Level":"141","PlayerRank":"3658863"},
	{"Level":"142","PlayerRank":"3724550"},
	{"Level":"143","PlayerRank":"3790940"},
	{"Level":"144","PlayerRank":"3858035"},
	{"Level":"145","PlayerRank":"3925837"},
	{"Level":"146","PlayerRank":"3994350"},
	{"Level":"147","PlayerRank":"4063574"},
	{"Level":"148","PlayerRank":"4133514"},
	{"Level":"149","PlayerRank":"4204171"},
	{"Level":"150","PlayerRank":"4275548"},
	{"Level":"151","PlayerRank":"4347646"},
	{"Level":"152","PlayerRank":"4420470"},
	{"Level":"153","PlayerRank":"4494020"},
	{"Level":"154","PlayerRank":"4568300"},
	{"Level":"155","PlayerRank":"4643312"},
	{"Level":"156","PlayerRank":"4719058"},
	{"Level":"157","PlayerRank":"4795541"},
	{"Level":"158","PlayerRank":"4872762"},
	{"Level":"159","PlayerRank":"4950725"},
	{"Level":"160","PlayerRank":"5029431"},
	{"Level":"161","PlayerRank":"5108884"},
	{"Level":"162","PlayerRank":"5189085"},
	{"Level":"163","PlayerRank":"5270036"},
	{"Level":"164","PlayerRank":"5351741"},
	{"Level":"165","PlayerRank":"5434201"},
	{"Level":"166","PlayerRank":"5517419"},
	{"Level":"167","PlayerRank":"5601396"},
	{"Level":"168","PlayerRank":"5686136"},
	{"Level":"169","PlayerRank":"5771641"},
	{"Level":"170","PlayerRank":"5857912"},
	{"Level":"171","PlayerRank":"5944952"},
	{"Level":"172","PlayerRank":"6032764"},
	{"Level":"173","PlayerRank":"6121350"},
	{"Level":"174","PlayerRank":"6210711"},
	{"Level":"175","PlayerRank":"6300851"},
	{"Level":"176","PlayerRank":"6391771"},
	{"Level":"177","PlayerRank":"6483473"},
	{"Level":"178","PlayerRank":"6575961"},
	{"Level":"179","PlayerRank":"6669236"},
	{"Level":"180","PlayerRank":"6763300"},
	{"Level":"181","PlayerRank":"6858156"},
	{"Level":"182","PlayerRank":"6953805"},
	{"Level":"183","PlayerRank":"7050250"},
	{"Level":"184","PlayerRank":"7147494"},
	{"Level":"185","PlayerRank":"7245538"},
	{"Level":"186","PlayerRank":"7344384"},
	{"Level":"187","PlayerRank":"7444035"},
	{"Level":"188","PlayerRank":"7544493"},
	{"Level":"189","PlayerRank":"7645761"},
	{"Level":"190","PlayerRank":"7747839"},
	{"Level":"191","PlayerRank":"7850731"},
	{"Level":"192","PlayerRank":"7954438"},
	{"Level":"193","PlayerRank":"8058963"},
	{"Level":"194","PlayerRank":"8164307"},
	{"Level":"195","PlayerRank":"8270474"},
	{"Level":"196","PlayerRank":"8377465"},
	{"Level":"197","PlayerRank":"8485281"},
	{"Level":"198","PlayerRank":"8593927"},
	{"Level":"199","PlayerRank":"8703402"},
	{"Level":"200","PlayerRank":"8813710"},
	{"Level":"201","PlayerRank":"8924853"},
	{"Level":"202","PlayerRank":"9036832"},
	{"Level":"203","PlayerRank":"9149650"},
	{"Level":"204","PlayerRank":"9263309"},
	{"Level":"205","PlayerRank":"9377811"},
	{"Level":"206","PlayerRank":"9493158"},
	{"Level":"207","PlayerRank":"9609352"},
	{"Level":"208","PlayerRank":"9726396"},
	{"Level":"209","PlayerRank":"9844290"},
	{"Level":"210","PlayerRank":"9963038"},
	{"Level":"211","PlayerRank":"10082641"},
	{"Level":"212","PlayerRank":"10203102"},
	{"Level":"213","PlayerRank":"10324421"},
	{"Level":"214","PlayerRank":"10446603"},
	{"Level":"215","PlayerRank":"10569647"},
	{"Level":"216","PlayerRank":"10693558"},
	{"Level":"217","PlayerRank":"10818336"},
	{"Level":"218","PlayerRank":"10943983"},
	{"Level":"219","PlayerRank":"11070502"},
	{"Level":"220","PlayerRank":"11197894"},
	{"Level":"221","PlayerRank":"11326162"},
	{"Level":"222","PlayerRank":"11455308"},
	{"Level":"223","PlayerRank":"11585333"},
	{"Level":"224","PlayerRank":"11716239"},
	{"Level":"225","PlayerRank":"11848029"},
	{"Level":"226","PlayerRank":"11980705"},
	{"Level":"227","PlayerRank":"12114268"},
	{"Level":"228","PlayerRank":"12248720"},
	{"Level":"229","PlayerRank":"12384064"},
	{"Level":"230","PlayerRank":"12520301"},
	{"Level":"231","PlayerRank":"12657434"},
	{"Level":"232","PlayerRank":"12795463"},
	{"Level":"233","PlayerRank":"12934392"},
	{"Level":"234","PlayerRank":"13074223"},
	{"Level":"235","PlayerRank":"13214956"},
	{"Level":"236","PlayerRank":"13356594"},
	{"Level":"237","PlayerRank":"13499139"},
	{"Level":"238","PlayerRank":"13642593"},
	{"Level":"239","PlayerRank":"13786958"},
	{"Level":"240","PlayerRank":"13932236"},
	{"Level":"241","PlayerRank":"14078428"},
	{"Level":"242","PlayerRank":"14225537"},
	{"Level":"243","PlayerRank":"14373565"},
	{"Level":"244","PlayerRank":"14522512"},
	{"Level":"245","PlayerRank":"14672382"},
	{"Level":"246","PlayerRank":"14823177"},
	{"Level":"247","PlayerRank":"14974897"},
	{"Level":"248","PlayerRank":"15127545"},
	{"Level":"249","PlayerRank":"15281123"},
	{"Level":"250","PlayerRank":"15435633"},
	{"Level":"251","PlayerRank":"15591076"},
	{"Level":"252","PlayerRank":"15747455"},
	{"Level":"253","PlayerRank":"15904771"},
	{"Level":"254","PlayerRank":"16063026"},
	{"Level":"255","PlayerRank":"16222223"},
	{"Level":"256","PlayerRank":"16382362"},
	{"Level":"257","PlayerRank":"16543446"},
	{"Level":"258","PlayerRank":"16705477"},
	{"Level":"259","PlayerRank":"16868456"},
	{"Level":"260","PlayerRank":"17032386"},
	{"Level":"261","PlayerRank":"17197267"},
	{"Level":"262","PlayerRank":"17363103"},
	{"Level":"263","PlayerRank":"17529894"},
	{"Level":"264","PlayerRank":"17697643"},
	{"Level":"265","PlayerRank":"17866352"},
	{"Level":"266","PlayerRank":"18036022"},
	{"Level":"267","PlayerRank":"18206655"},
	{"Level":"268","PlayerRank":"18378253"},
	{"Level":"269","PlayerRank":"18550818"},
	{"Level":"270","PlayerRank":"18724351"},
	{"Level":"271","PlayerRank":"18898854"},
	{"Level":"272","PlayerRank":"19074330"},
	{"Level":"273","PlayerRank":"19250780"},
	{"Level":"274","PlayerRank":"19428205"},
	{"Level":"275","PlayerRank":"19606608"},
	{"Level":"276","PlayerRank":"19785991"},
	{"Level":"277","PlayerRank":"19966354"},
	{"Level":"278","PlayerRank":"20147701"},
	{"Level":"279","PlayerRank":"20330032"},
	{"Level":"280","PlayerRank":"20513349"},
	{"Level":"281","PlayerRank":"20697655"},
	{"Level":"282","PlayerRank":"20882951"},
	{"Level":"283","PlayerRank":"21069239"},
	{"Level":"284","PlayerRank":"21256520"},
	{"Level":"285","PlayerRank":"21444796"},
	{"Level":"286","PlayerRank":"21634069"},
	{"Level":"287","PlayerRank":"21824342"},
	{"Level":"288","PlayerRank":"22015614"},
	{"Level":"289","PlayerRank":"22207890"},
	{"Level":"290","PlayerRank":"22401169"},
	{"Level":"291","PlayerRank":"22595454"},
	{"Level":"292","PlayerRank":"22790746"},
	{"Level":"293","PlayerRank":"22987048"},
	{"Level":"294","PlayerRank":"23184360"},
	{"Level":"295","PlayerRank":"23382686"},
	{"Level":"296","PlayerRank":"23582026"},
	{"Level":"297","PlayerRank":"23782382"},
	{"Level":"298","PlayerRank":"23983756"},
	{"Level":"299","PlayerRank":"24186149"},
	{"Level":"300","PlayerRank":"24389564"},
	{"Level":"301","PlayerRank":"24594002"},
	{"Level":"302","PlayerRank":"24799465"},
	{"Level":"303","PlayerRank":"25005954"},
	{"Level":"304","PlayerRank":"25213471"},
	{"Level":"305","PlayerRank":"25422018"},
	{"Level":"306","PlayerRank":"25631597"},
	{"Level":"307","PlayerRank":"25842209"},
	{"Level":"308","PlayerRank":"26053856"},
	{"Level":"309","PlayerRank":"26266540"},
	{"Level":"310","PlayerRank":"26480261"},
	{"Level":"311","PlayerRank":"26695023"},
	{"Level":"312","PlayerRank":"26910827"},
	{"Level":"313","PlayerRank":"27127674"},
	{"Level":"314","PlayerRank":"27345566"},
	{"Level":"315","PlayerRank":"27564505"},
	{"Level":"316","PlayerRank":"27784492"},
	{"Level":"317","PlayerRank":"28005529"},
	{"Level":"318","PlayerRank":"28227618"},
	{"Level":"319","PlayerRank":"28450760"},
	{"Level":"320","PlayerRank":"28674957"},
	{"Level":"321","PlayerRank":"28900211"},
	{"Level":"322","PlayerRank":"29126523"},
	{"Level":"323","PlayerRank":"29353896"},
	{"Level":"324","PlayerRank":"29582330"},
	{"Level":"325","PlayerRank":"29811827"},
	{"Level":"326","PlayerRank":"30042389"},
	{"Level":"327","PlayerRank":"30274018"},
	{"Level":"328","PlayerRank":"30506715"},
	{"Level":"329","PlayerRank":"30740482"},
	{"Level":"330","PlayerRank":"30975321"},
	{"Level":"331","PlayerRank":"31211233"},
	{"Level":"332","PlayerRank":"31448219"},
	{"Level":"333","PlayerRank":"31686282"},
	{"Level":"334","PlayerRank":"31925423"},
	{"Level":"335","PlayerRank":"32165643"},
	{"Level":"336","PlayerRank":"32406945"},
	{"Level":"337","PlayerRank":"32649329"},
	{"Level":"338","PlayerRank":"32892798"},
	{"Level":"339","PlayerRank":"33137353"},
	{"Level":"340","PlayerRank":"33382996"},
	{"Level":"341","PlayerRank":"33629729"},
	{"Level":"342","PlayerRank":"33877552"},
	{"Level":"343","PlayerRank":"34126467"},
	{"Level":"344","PlayerRank":"34376477"},
	{"Level":"345","PlayerRank":"34627583"},
	{"Level":"346","PlayerRank":"34879786"},
	{"Level":"347","PlayerRank":"35133087"},
	{"Level":"348","PlayerRank":"35387490"},
	{"Level":"349","PlayerRank":"35642994"},
	{"Level":"350","PlayerRank":"35899602"},
	{"Level":"351","PlayerRank":"36157316"},
	{"Level":"352","PlayerRank":"36416136"},
	{"Level":"353","PlayerRank":"36676065"},
	{"Level":"354","PlayerRank":"36937103"},
	{"Level":"355","PlayerRank":"37199254"},
	{"Level":"356","PlayerRank":"37462517"},
	{"Level":"357","PlayerRank":"37726895"},
	{"Level":"358","PlayerRank":"37992390"},
	{"Level":"359","PlayerRank":"38259002"},
	{"Level":"360","PlayerRank":"38526734"},
	{"Level":"361","PlayerRank":"38795586"},
	{"Level":"362","PlayerRank":"39065562"},
	{"Level":"363","PlayerRank":"39336661"},
	{"Level":"364","PlayerRank":"39608886"},
	{"Level":"365","PlayerRank":"39882239"},
	{"Level":"366","PlayerRank":"40156720"},
	{"Level":"367","PlayerRank":"40432331"},
	{"Level":"368","PlayerRank":"40709075"},
	{"Level":"369","PlayerRank":"40986951"},
	{"Level":"370","PlayerRank":"41265963"},
	{"Level":"371","PlayerRank":"41546111"},
	{"Level":"372","PlayerRank":"41827398"},
	{"Level":"373","PlayerRank":"42109823"},
	{"Level":"374","PlayerRank":"42393390"},
	{"Level":"375","PlayerRank":"42678100"},
	{"Level":"376","PlayerRank":"42963954"},
	{"Level":"377","PlayerRank":"43250953"},
	{"Level":"378","PlayerRank":"43539100"},
	{"Level":"379","PlayerRank":"43828395"},
	{"Level":"380","PlayerRank":"44118841"},
	{"Level":"381","PlayerRank":"44410439"},
	{"Level":"382","PlayerRank":"44703189"},
	{"Level":"383","PlayerRank":"44997095"},
	{"Level":"384","PlayerRank":"45292157"},
	{"Level":"385","PlayerRank":"45588377"},
	{"Level":"386","PlayerRank":"45885756"},
	{"Level":"387","PlayerRank":"46184296"},
	{"Level":"388","PlayerRank":"46483999"},
	{"Level":"389","PlayerRank":"46784865"},
	{"Level":"390","PlayerRank":"47086897"},
	{"Level":"391","PlayerRank":"47390096"},
	{"Level":"392","PlayerRank":"47694463"},
	{"Level":"393","PlayerRank":"48000000"},
	{"Level":"394","PlayerRank":"48306708"},
	{"Level":"395","PlayerRank":"48614590"},
	{"Level":"396","PlayerRank":"48923645"},
	{"Level":"397","PlayerRank":"49233877"},
	{"Level":"398","PlayerRank":"49545286"},
	{"Level":"399","PlayerRank":"49857873"},
	{"Level":"400","PlayerRank":"50171641"},
	{"Level":"401","PlayerRank":"50486591"},
	{"Level":"402","PlayerRank":"50802724"},
	{"Level":"403","PlayerRank":"51120042"},
	{"Level":"404","PlayerRank":"51438546"},
	{"Level":"405","PlayerRank":"51758238"},
	{"Level":"406","PlayerRank":"52079119"},
	{"Level":"407","PlayerRank":"52401190"},
	{"Level":"408","PlayerRank":"52724454"},
	{"Level":"409","PlayerRank":"53048912"},
	{"Level":"410","PlayerRank":"53374564"},
	{"Level":"411","PlayerRank":"53701413"},
	{"Level":"412","PlayerRank":"54029460"},
	{"Level":"413","PlayerRank":"54358706"},
	{"Level":"414","PlayerRank":"54689153"},
	{"Level":"415","PlayerRank":"55020803"},
	{"Level":"416","PlayerRank":"55353656"},
	{"Level":"417","PlayerRank":"55687715"},
	{"Level":"418","PlayerRank":"56022980"},
	{"Level":"419","PlayerRank":"56359454"},
	{"Level":"420","PlayerRank":"56697137"},
	{"Level":"421","PlayerRank":"57036031"},
	{"Level":"422","PlayerRank":"57376138"},
	{"Level":"423","PlayerRank":"57717458"},
	{"Level":"424","PlayerRank":"58059994"},
	{"Level":"425","PlayerRank":"58403747"},
	{"Level":"426","PlayerRank":"58748718"},
	{"Level":"427","PlayerRank":"59094909"},
	{"Level":"428","PlayerRank":"59442321"},
	{"Level":"429","PlayerRank":"59790955"},
	{"Level":"430","PlayerRank":"60140814"},
	{"Level":"431","PlayerRank":"60491898"},
	{"Level":"432","PlayerRank":"60844208"},
	{"Level":"433","PlayerRank":"61197747"},
	{"Level":"434","PlayerRank":"61552516"},
	{"Level":"435","PlayerRank":"61908516"},
	{"Level":"436","PlayerRank":"62265748"},
	{"Level":"437","PlayerRank":"62624215"},
	{"Level":"438","PlayerRank":"62983916"},
	{"Level":"439","PlayerRank":"63344855"},
	{"Level":"440","PlayerRank":"63707032"},
	{"Level":"441","PlayerRank":"64070448"},
	{"Level":"442","PlayerRank":"64435105"},
	{"Level":"443","PlayerRank":"64801005"},
	{"Level":"444","PlayerRank":"65168149"},
	{"Level":"445","PlayerRank":"65536538"},
	{"Level":"446","PlayerRank":"65906173"},
	{"Level":"447","PlayerRank":"66277057"},
	{"Level":"448","PlayerRank":"66649190"},
	{"Level":"449","PlayerRank":"67022574"},
	{"Level":"450","PlayerRank":"67397211"},
	{"Level":"451","PlayerRank":"67773100"},
	{"Level":"452","PlayerRank":"68150245"},
	{"Level":"453","PlayerRank":"68528647"},
	{"Level":"454","PlayerRank":"68908306"},
	{"Level":"455","PlayerRank":"69289225"},
	{"Level":"456","PlayerRank":"69671404"},
	{"Level":"457","PlayerRank":"70054845"},
	{"Level":"458","PlayerRank":"70439550"},
	{"Level":"459","PlayerRank":"70825519"},
	{"Level":"460","PlayerRank":"71212754"},
	{"Level":"461","PlayerRank":"71601257"},
	{"Level":"462","PlayerRank":"71991029"},
	{"Level":"463","PlayerRank":"72382072"},
	{"Level":"464","PlayerRank":"72774386"},
	{"Level":"465","PlayerRank":"73167973"},
	{"Level":"466","PlayerRank":"73562834"},
	{"Level":"467","PlayerRank":"73958971"},
	{"Level":"468","PlayerRank":"74356386"},
	{"Level":"469","PlayerRank":"74755079"},
	{"Level":"470","PlayerRank":"75155051"},
	{"Level":"471","PlayerRank":"75556306"},
	{"Level":"472","PlayerRank":"75958842"},
	{"Level":"473","PlayerRank":"76362663"},
	{"Level":"474","PlayerRank":"76767769"},
	{"Level":"475","PlayerRank":"77174162"},
	{"Level":"476","PlayerRank":"77581843"},
	{"Level":"477","PlayerRank":"77990814"},
	{"Level":"478","PlayerRank":"78401075"},
	{"Level":"479","PlayerRank":"78812628"},
	{"Level":"480","PlayerRank":"79225475"},
	{"Level":"481","PlayerRank":"79639617"},
	{"Level":"482","PlayerRank":"80055055"},
	{"Level":"483","PlayerRank":"80471791"},
	{"Level":"484","PlayerRank":"80889825"},
	{"Level":"485","PlayerRank":"81309160"},
	{"Level":"486","PlayerRank":"81729796"},
	{"Level":"487","PlayerRank":"82151736"},
	{"Level":"488","PlayerRank":"82574979"},
	{"Level":"489","PlayerRank":"82999528"},
	{"Level":"490","PlayerRank":"83425385"},
	{"Level":"491","PlayerRank":"83852549"},
	{"Level":"492","PlayerRank":"84281023"},
	{"Level":"493","PlayerRank":"84710808"},
	{"Level":"494","PlayerRank":"85141906"},
	{"Level":"495","PlayerRank":"85574317"},
	{"Level":"496","PlayerRank":"86008043"},
	{"Level":"497","PlayerRank":"86443086"},
	{"Level":"498","PlayerRank":"86879446"},
	{"Level":"499","PlayerRank":"87317125"},
	{"Level":"500","PlayerRank":"87756124"},
	{"Level":"501","PlayerRank":"88196445"},
	{"Level":"502","PlayerRank":"88638089"},
	{"Level":"503","PlayerRank":"89081057"},
	{"Level":"504","PlayerRank":"89525351"},
	{"Level":"505","PlayerRank":"89970972"},
	{"Level":"506","PlayerRank":"90417921"},
	{"Level":"507","PlayerRank":"90866199"},
	{"Level":"508","PlayerRank":"91315808"},
	{"Level":"509","PlayerRank":"91766750"},
	{"Level":"510","PlayerRank":"92219025"},
	{"Level":"511","PlayerRank":"92672635"},
	{"Level":"512","PlayerRank":"93127581"},
	{"Level":"513","PlayerRank":"93583864"},
	{"Level":"514","PlayerRank":"94041486"},
	{"Level":"515","PlayerRank":"94500448"},
	{"Level":"516","PlayerRank":"94960751"},
	{"Level":"517","PlayerRank":"95422397"},
	{"Level":"518","PlayerRank":"95885387"},
	{"Level":"519","PlayerRank":"96349723"},
	{"Level":"520","PlayerRank":"96815405"},
	{"Level":"521","PlayerRank":"97282434"},
	{"Level":"522","PlayerRank":"97750813"},
	{"Level":"523","PlayerRank":"98220542"},
	{"Level":"524","PlayerRank":"98691623"},
	{"Level":"525","PlayerRank":"99164057"},
	{"Level":"526","PlayerRank":"99637846"},
	{"Level":"527","PlayerRank":"100112990"},
	{"Level":"528","PlayerRank":"100589490"},
	{"Level":"529","PlayerRank":"101067349"},
	{"Level":"530","PlayerRank":"101546568"},
	{"Level":"531","PlayerRank":"102027147"},
	{"Level":"532","PlayerRank":"102509089"},
	{"Level":"533","PlayerRank":"102992393"},
	{"Level":"534","PlayerRank":"103477063"},
	{"Level":"535","PlayerRank":"103963098"},
	{"Level":"536","PlayerRank":"104450500"},
	{"Level":"537","PlayerRank":"104939271"},
	{"Level":"538","PlayerRank":"105429412"},
	{"Level":"539","PlayerRank":"105920924"},
	{"Level":"540","PlayerRank":"106413808"},
	{"Level":"541","PlayerRank":"106908065"},
	{"Level":"542","PlayerRank":"107403697"},
	{"Level":"543","PlayerRank":"107900706"},
	{"Level":"544","PlayerRank":"108399092"},
	{"Level":"545","PlayerRank":"108898856"},
	{"Level":"546","PlayerRank":"109400001"},
	{"Level":"547","PlayerRank":"109902527"},
	{"Level":"548","PlayerRank":"110406435"},
	{"Level":"549","PlayerRank":"110911727"},
	{"Level":"550","PlayerRank":"111418403"},
	{"Level":"551","PlayerRank":"111926467"},
	{"Level":"552","PlayerRank":"112435917"},
	{"Level":"553","PlayerRank":"112946757"},
	{"Level":"554","PlayerRank":"113458986"},
	{"Level":"555","PlayerRank":"113972607"},
	{"Level":"556","PlayerRank":"114487620"},
	{"Level":"557","PlayerRank":"115004027"},
	{"Level":"558","PlayerRank":"115521829"},
	{"Level":"559","PlayerRank":"116041028"},
	{"Level":"560","PlayerRank":"116561624"},
	{"Level":"561","PlayerRank":"117083619"},
	{"Level":"562","PlayerRank":"117607014"},
	{"Level":"563","PlayerRank":"118131810"},
	{"Level":"564","PlayerRank":"118658009"},
	{"Level":"565","PlayerRank":"119185612"},
	{"Level":"566","PlayerRank":"119714619"},
	{"Level":"567","PlayerRank":"120245034"},
	{"Level":"568","PlayerRank":"120776855"},
	{"Level":"569","PlayerRank":"121310086"},
	{"Level":"570","PlayerRank":"121844726"},
	{"Level":"571","PlayerRank":"122380778"},
	{"Level":"572","PlayerRank":"122918242"},
	{"Level":"573","PlayerRank":"123457120"},
	{"Level":"574","PlayerRank":"123997413"},
	{"Level":"575","PlayerRank":"124539122"},
	{"Level":"576","PlayerRank":"125082249"},
	{"Level":"577","PlayerRank":"125626794"},
	{"Level":"578","PlayerRank":"126172760"},
	{"Level":"579","PlayerRank":"126720146"},
	{"Level":"580","PlayerRank":"127268955"},
	{"Level":"581","PlayerRank":"127819188"},
	{"Level":"582","PlayerRank":"128370845"},
	{"Level":"583","PlayerRank":"128923929"},
	{"Level":"584","PlayerRank":"129478440"},
	{"Level":"585","PlayerRank":"130034379"},
	{"Level":"586","PlayerRank":"130591748"},
	{"Level":"587","PlayerRank":"131150548"},
	{"Level":"588","PlayerRank":"131710780"},
	{"Level":"589","PlayerRank":"132272446"},
	{"Level":"590","PlayerRank":"132835546"},
	{"Level":"591","PlayerRank":"133400083"},
	{"Level":"592","PlayerRank":"133966056"},
	{"Level":"593","PlayerRank":"134533468"},
	{"Level":"594","PlayerRank":"135102319"},
	{"Level":"595","PlayerRank":"135672611"},
	{"Level":"596","PlayerRank":"136244345"},
	{"Level":"597","PlayerRank":"136817522"},
	{"Level":"598","PlayerRank":"137392143"},
	{"Level":"599","PlayerRank":"137968210"},
	{"Level":"600","PlayerRank":"138545724"},
	{"Level":"601","PlayerRank":"139124686"},
	{"Level":"602","PlayerRank":"139705097"},
	{"Level":"603","PlayerRank":"140286958"},
	{"Level":"604","PlayerRank":"140870271"},
	{"Level":"605","PlayerRank":"141455037"},
	{"Level":"606","PlayerRank":"142041257"},
	{"Level":"607","PlayerRank":"142628932"},
	{"Level":"608","PlayerRank":"143218064"},
	{"Level":"609","PlayerRank":"143808653"},
	{"Level":"610","PlayerRank":"144400701"},
	{"Level":"611","PlayerRank":"144994209"},
	{"Level":"612","PlayerRank":"145589178"},
	{"Level":"613","PlayerRank":"146185610"},
	{"Level":"614","PlayerRank":"146783506"},
	{"Level":"615","PlayerRank":"147382866"},
	{"Level":"616","PlayerRank":"147983692"},
	{"Level":"617","PlayerRank":"148585986"},
	{"Level":"618","PlayerRank":"149189748"},
	{"Level":"619","PlayerRank":"149794979"},
	{"Level":"620","PlayerRank":"150401682"},
	{"Level":"621","PlayerRank":"151009856"},
	{"Level":"622","PlayerRank":"151619504"},
	{"Level":"623","PlayerRank":"152230625"},
	{"Level":"624","PlayerRank":"152843223"},
	{"Level":"625","PlayerRank":"153457297"},
	{"Level":"626","PlayerRank":"154072849"},
	{"Level":"627","PlayerRank":"154689880"},
	{"Level":"628","PlayerRank":"155308392"},
	{"Level":"629","PlayerRank":"155928384"},
	{"Level":"630","PlayerRank":"156549860"},
	{"Level":"631","PlayerRank":"157172819"},
	{"Level":"632","PlayerRank":"157797264"},
	{"Level":"633","PlayerRank":"158423194"},
	{"Level":"634","PlayerRank":"159050612"},
	{"Level":"635","PlayerRank":"159679519"},
	{"Level":"636","PlayerRank":"160309915"},
	{"Level":"637","PlayerRank":"160941802"},
	{"Level":"638","PlayerRank":"161575181"},
	{"Level":"639","PlayerRank":"162210053"},
	{"Level":"640","PlayerRank":"162846420"},
	{"Level":"641","PlayerRank":"163484282"},
	{"Level":"642","PlayerRank":"164123641"},
	{"Level":"643","PlayerRank":"164764498"},
	{"Level":"644","PlayerRank":"165406854"},
	{"Level":"645","PlayerRank":"166050711"},
	{"Level":"646","PlayerRank":"166696068"},
	{"Level":"647","PlayerRank":"167342928"},
	{"Level":"648","PlayerRank":"167991292"},
	{"Level":"649","PlayerRank":"168641161"},
	{"Level":"650","PlayerRank":"169292536"},
	{"Level":"651","PlayerRank":"169945419"},
	{"Level":"652","PlayerRank":"170599809"},
	{"Level":"653","PlayerRank":"171255709"},
	{"Level":"654","PlayerRank":"171913120"},
	{"Level":"655","PlayerRank":"172572043"},
	{"Level":"656","PlayerRank":"173232479"},
	{"Level":"657","PlayerRank":"173894429"},
	{"Level":"658","PlayerRank":"174557894"},
	{"Level":"659","PlayerRank":"175222876"},
	{"Level":"660","PlayerRank":"175889375"},
	{"Level":"661","PlayerRank":"176557393"},
	{"Level":"662","PlayerRank":"177226932"},
	{"Level":"663","PlayerRank":"177897991"},
	{"Level":"664","PlayerRank":"178570572"},
	{"Level":"665","PlayerRank":"179244677"},
	{"Level":"666","PlayerRank":"179920307"},
	{"Level":"667","PlayerRank":"180597462"},
	{"Level":"668","PlayerRank":"181276144"},
	{"Level":"669","PlayerRank":"181956354"},
	{"Level":"670","PlayerRank":"182638093"},
	{"Level":"671","PlayerRank":"183321363"},
	{"Level":"672","PlayerRank":"184006163"},
	{"Level":"673","PlayerRank":"184692497"},
	{"Level":"674","PlayerRank":"185380364"},
	{"Level":"675","PlayerRank":"186069766"},
	{"Level":"676","PlayerRank":"186760704"},
	{"Level":"677","PlayerRank":"187453179"},
	{"Level":"678","PlayerRank":"188147192"},
	{"Level":"679","PlayerRank":"188842745"},
	{"Level":"680","PlayerRank":"189539838"},
	{"Level":"681","PlayerRank":"190238473"},
	{"Level":"682","PlayerRank":"190938651"},
	{"Level":"683","PlayerRank":"191640373"},
	{"Level":"684","PlayerRank":"192343639"},
	{"Level":"685","PlayerRank":"193048452"},
	{"Level":"686","PlayerRank":"193754813"},
	{"Level":"687","PlayerRank":"194462721"},
	{"Level":"688","PlayerRank":"195172180"},
	{"Level":"689","PlayerRank":"195883189"},
	{"Level":"690","PlayerRank":"196595750"},
	{"Level":"691","PlayerRank":"197309864"},
	{"Level":"692","PlayerRank":"198025532"},
	{"Level":"693","PlayerRank":"198742755"},
	{"Level":"694","PlayerRank":"199461535"},
	{"Level":"695","PlayerRank":"200181872"},
	{"Level":"696","PlayerRank":"200903768"},
	{"Level":"697","PlayerRank":"201627223"},
	{"Level":"698","PlayerRank":"202352239"},
	{"Level":"699","PlayerRank":"203078818"},
	{"Level":"700","PlayerRank":"203806959"},
	{"Level":"701","PlayerRank":"204536665"},
	{"Level":"702","PlayerRank":"205267936"},
	{"Level":"703","PlayerRank":"206000773"},
	{"Level":"704","PlayerRank":"206735178"},
	{"Level":"705","PlayerRank":"207471152"},
	{"Level":"706","PlayerRank":"208208695"},
	{"Level":"707","PlayerRank":"208947809"},
	{"Level":"708","PlayerRank":"209688496"},
	{"Level":"709","PlayerRank":"210430755"},
	{"Level":"710","PlayerRank":"211174589"},
	{"Level":"711","PlayerRank":"211919998"},
	{"Level":"712","PlayerRank":"212666984"},
	{"Level":"713","PlayerRank":"213415547"},
	{"Level":"714","PlayerRank":"214165689"},
	{"Level":"715","PlayerRank":"214917411"},
	{"Level":"716","PlayerRank":"215670713"},
	{"Level":"717","PlayerRank":"216425598"},
	{"Level":"718","PlayerRank":"217182065"},
	{"Level":"719","PlayerRank":"217940117"},
	{"Level":"720","PlayerRank":"218699755"},
	{"Level":"721","PlayerRank":"219460978"},
	{"Level":"722","PlayerRank":"220223790"},
	{"Level":"723","PlayerRank":"220988189"},
	{"Level":"724","PlayerRank":"221754179"},
	{"Level":"725","PlayerRank":"222521760"},
	{"Level":"726","PlayerRank":"223290932"},
	{"Level":"727","PlayerRank":"224061697"},
	{"Level":"728","PlayerRank":"224834057"},
	{"Level":"729","PlayerRank":"225608012"},
	{"Level":"730","PlayerRank":"226383563"},
	{"Level":"731","PlayerRank":"227160711"},
	{"Level":"732","PlayerRank":"227939459"},
	{"Level":"733","PlayerRank":"228719805"},
	{"Level":"734","PlayerRank":"229501753"},
	{"Level":"735","PlayerRank":"230285302"},
	{"Level":"736","PlayerRank":"231070454"},
	{"Level":"737","PlayerRank":"231857210"},
	{"Level":"738","PlayerRank":"232645571"},
	{"Level":"739","PlayerRank":"233435539"},
	{"Level":"740","PlayerRank":"234227113"},
	{"Level":"741","PlayerRank":"235020296"},
	{"Level":"742","PlayerRank":"235815089"},
	{"Level":"743","PlayerRank":"236611491"},
	{"Level":"744","PlayerRank":"237409506"},
	{"Level":"745","PlayerRank":"238209133"},
	{"Level":"746","PlayerRank":"239010374"},
	{"Level":"747","PlayerRank":"239813230"},
	{"Level":"748","PlayerRank":"240617702"},
	{"Level":"749","PlayerRank":"241423791"},
	{"Level":"750","PlayerRank":"242231498"},
	{"Level":"751","PlayerRank":"243040824"},
	{"Level":"752","PlayerRank":"243851770"},
	{"Level":"753","PlayerRank":"244664338"},
	{"Level":"754","PlayerRank":"245478528"},
	{"Level":"755","PlayerRank":"246294342"},
	{"Level":"756","PlayerRank":"247111780"},
	{"Level":"757","PlayerRank":"247930844"},
	{"Level":"758","PlayerRank":"248751535"},
	{"Level":"759","PlayerRank":"249573853"},
	{"Level":"760","PlayerRank":"250397800"},
	{"Level":"761","PlayerRank":"251223378"},
	{"Level":"762","PlayerRank":"252050586"},
	{"Level":"763","PlayerRank":"252879427"},
	{"Level":"764","PlayerRank":"253709900"},
	{"Level":"765","PlayerRank":"254542008"},
	{"Level":"766","PlayerRank":"255375752"},
	{"Level":"767","PlayerRank":"256211131"},
	{"Level":"768","PlayerRank":"257048148"},
	{"Level":"769","PlayerRank":"257886804"},
	{"Level":"770","PlayerRank":"258727099"},
	{"Level":"771","PlayerRank":"259569035"},
	{"Level":"772","PlayerRank":"260412613"},
	{"Level":"773","PlayerRank":"261257833"},
	{"Level":"774","PlayerRank":"262104698"},
	{"Level":"775","PlayerRank":"262953207"},
	{"Level":"776","PlayerRank":"263803362"},
	{"Level":"777","PlayerRank":"264655164"},
	{"Level":"778","PlayerRank":"265508615"},
	{"Level":"779","PlayerRank":"266363714"},
	{"Level":"780","PlayerRank":"267220464"},
	{"Level":"781","PlayerRank":"268078865"},
	{"Level":"782","PlayerRank":"268938919"},
	{"Level":"783","PlayerRank":"269800626"},
	{"Level":"784","PlayerRank":"270663987"},
	{"Level":"785","PlayerRank":"271529004"},
	{"Level":"786","PlayerRank":"272395677"},
	{"Level":"787","PlayerRank":"273264009"},
	{"Level":"788","PlayerRank":"274133999"},
	{"Level":"789","PlayerRank":"275005648"},
	{"Level":"790","PlayerRank":"275878959"},
	{"Level":"791","PlayerRank":"276753931"},
	{"Level":"792","PlayerRank":"277630566"},
	{"Level":"793","PlayerRank":"278508865"},
	{"Level":"794","PlayerRank":"279388829"},
	{"Level":"795","PlayerRank":"280270460"},
	{"Level":"796","PlayerRank":"281153757"},
	{"Level":"797","PlayerRank":"282038723"},
	{"Level":"798","PlayerRank":"282925357"},
	{"Level":"799","PlayerRank":"283813663"},
	{"Level":"800","PlayerRank":"284703639"},
	{"Level":"801","PlayerRank":"285595288"},
	{"Level":"802","PlayerRank":"286488610"},
	{"Level":"803","PlayerRank":"287383606"},
	{"Level":"804","PlayerRank":"288280279"},
	{"Level":"805","PlayerRank":"289178627"},
	{"Level":"806","PlayerRank":"290078653"},
	{"Level":"807","PlayerRank":"290980358"},
	{"Level":"808","PlayerRank":"291883743"},
	{"Level":"809","PlayerRank":"292788808"},
	{"Level":"810","PlayerRank":"293695555"},
	{"Level":"811","PlayerRank":"294603985"},
	{"Level":"812","PlayerRank":"295514099"},
	{"Level":"813","PlayerRank":"296425897"},
	{"Level":"814","PlayerRank":"297339382"},
	{"Level":"815","PlayerRank":"298254553"},
	{"Level":"816","PlayerRank":"299171412"},
	{"Level":"817","PlayerRank":"300089961"},
	{"Level":"818","PlayerRank":"301010199"},
	{"Level":"819","PlayerRank":"301932129"},
	{"Level":"820","PlayerRank":"302855750"},
	{"Level":"821","PlayerRank":"303781065"},
	{"Level":"822","PlayerRank":"304708074"},
	{"Level":"823","PlayerRank":"305636779"},
	{"Level":"824","PlayerRank":"306567179"},
	{"Level":"825","PlayerRank":"307499277"},
	{"Level":"826","PlayerRank":"308433073"},
	{"Level":"827","PlayerRank":"309368569"},
	{"Level":"828","PlayerRank":"310305765"},
	{"Level":"829","PlayerRank":"311244662"},
	{"Level":"830","PlayerRank":"312185262"},
	{"Level":"831","PlayerRank":"313127565"},
	{"Level":"832","PlayerRank":"314071573"},
	{"Level":"833","PlayerRank":"315017286"},
	{"Level":"834","PlayerRank":"315964706"},
	{"Level":"835","PlayerRank":"316913833"},
	{"Level":"836","PlayerRank":"317864669"},
	{"Level":"837","PlayerRank":"318817215"},
	{"Level":"838","PlayerRank":"319771471"},
	{"Level":"839","PlayerRank":"320727439"},
	{"Level":"840","PlayerRank":"321685120"},
	{"Level":"841","PlayerRank":"322644514"},
	{"Level":"842","PlayerRank":"323605623"},
	{"Level":"843","PlayerRank":"324568448"},
	{"Level":"844","PlayerRank":"325532989"},
	{"Level":"845","PlayerRank":"326499249"},
	{"Level":"846","PlayerRank":"327467227"},
	{"Level":"847","PlayerRank":"328436925"},
	{"Level":"848","PlayerRank":"329408344"},
	{"Level":"849","PlayerRank":"330381485"},
	{"Level":"850","PlayerRank":"331356348"},
	{"Level":"851","PlayerRank":"332332936"},
	{"Level":"852","PlayerRank":"333311248"},
	{"Level":"853","PlayerRank":"334291287"},
	{"Level":"854","PlayerRank":"335273052"},
	{"Level":"855","PlayerRank":"336256545"},
	{"Level":"856","PlayerRank":"337241767"},
	{"Level":"857","PlayerRank":"338228720"},
	{"Level":"858","PlayerRank":"339217403"},
	{"Level":"859","PlayerRank":"340207818"},
	{"Level":"860","PlayerRank":"341199966"},
	{"Level":"861","PlayerRank":"342193848"},
	{"Level":"862","PlayerRank":"343189466"},
	{"Level":"863","PlayerRank":"344186819"},
	{"Level":"864","PlayerRank":"345185909"},
	{"Level":"865","PlayerRank":"346186738"},
	{"Level":"866","PlayerRank":"347189305"},
	{"Level":"867","PlayerRank":"348193613"},
	{"Level":"868","PlayerRank":"349199661"},
	{"Level":"869","PlayerRank":"350207452"},
	{"Level":"870","PlayerRank":"351216985"},
	{"Level":"871","PlayerRank":"352228263"},
	{"Level":"872","PlayerRank":"353241286"},
	{"Level":"873","PlayerRank":"354256055"},
	{"Level":"874","PlayerRank":"355272571"},
	{"Level":"875","PlayerRank":"356290835"},
	{"Level":"876","PlayerRank":"357310849"},
	{"Level":"877","PlayerRank":"358332612"},
	{"Level":"878","PlayerRank":"359356126"},
	{"Level":"879","PlayerRank":"360381393"},
	{"Level":"880","PlayerRank":"361408413"},
	{"Level":"881","PlayerRank":"362437186"},
	{"Level":"882","PlayerRank":"363467715"},
	{"Level":"883","PlayerRank":"364500000"},
	{"Level":"884","PlayerRank":"365534042"},
	{"Level":"885","PlayerRank":"366569842"},
	{"Level":"886","PlayerRank":"367607401"},
	{"Level":"887","PlayerRank":"368646720"},
	{"Level":"888","PlayerRank":"369687801"},
	{"Level":"889","PlayerRank":"370730643"},
	{"Level":"890","PlayerRank":"371775248"},
	{"Level":"891","PlayerRank":"372821618"},
	{"Level":"892","PlayerRank":"373869752"},
	{"Level":"893","PlayerRank":"374919652"},
	{"Level":"894","PlayerRank":"375971320"},
	{"Level":"895","PlayerRank":"377024755"},
	{"Level":"896","PlayerRank":"378079960"},
	{"Level":"897","PlayerRank":"379136934"},
	{"Level":"898","PlayerRank":"380195680"},
	{"Level":"899","PlayerRank":"381256197"},
	{"Level":"900","PlayerRank":"382318487"},
	{"Level":"901","PlayerRank":"383382552"},
	{"Level":"902","PlayerRank":"384448391"},
	{"Level":"903","PlayerRank":"385516006"},
	{"Level":"904","PlayerRank":"386585398"},
	{"Level":"905","PlayerRank":"387656568"},
	{"Level":"906","PlayerRank":"388729516"},
	{"Level":"907","PlayerRank":"389804245"},
	{"Level":"908","PlayerRank":"390880754"},
	{"Level":"909","PlayerRank":"391959045"},
	{"Level":"910","PlayerRank":"393039119"},
	{"Level":"911","PlayerRank":"394120977"},
	{"Level":"912","PlayerRank":"395204619"},
	{"Level":"913","PlayerRank":"396290048"},
	{"Level":"914","PlayerRank":"397377263"},
	{"Level":"915","PlayerRank":"398466265"},
	{"Level":"916","PlayerRank":"399557056"},
	{"Level":"917","PlayerRank":"400649637"},
	{"Level":"918","PlayerRank":"401744009"},
	{"Level":"919","PlayerRank":"402840172"},
	{"Level":"920","PlayerRank":"403938128"},
	{"Level":"921","PlayerRank":"405037877"},
	{"Level":"922","PlayerRank":"406139421"},
	{"Level":"923","PlayerRank":"407242760"},
	{"Level":"924","PlayerRank":"408347896"},
	{"Level":"925","PlayerRank":"409454829"},
	{"Level":"926","PlayerRank":"410563561"},
	{"Level":"927","PlayerRank":"411674092"},
	{"Level":"928","PlayerRank":"412786424"},
	{"Level":"929","PlayerRank":"413900557"},
	{"Level":"930","PlayerRank":"415016492"},
	{"Level":"931","PlayerRank":"416134230"},
	{"Level":"932","PlayerRank":"417253773"},
	{"Level":"933","PlayerRank":"418375121"},
	{"Level":"934","PlayerRank":"419498275"},
	{"Level":"935","PlayerRank":"420623236"},
	{"Level":"936","PlayerRank":"421750006"},
	{"Level":"937","PlayerRank":"422878584"},
	{"Level":"938","PlayerRank":"424008973"},
	{"Level":"939","PlayerRank":"425141172"},
	{"Level":"940","PlayerRank":"426275184"},
	{"Level":"941","PlayerRank":"427411009"},
	{"Level":"942","PlayerRank":"428548647"},
	{"Level":"943","PlayerRank":"429688101"},
	{"Level":"944","PlayerRank":"430829370"},
	{"Level":"945","PlayerRank":"431972456"},
	{"Level":"946","PlayerRank":"433117360"},
	{"Level":"947","PlayerRank":"434264082"},
	{"Level":"948","PlayerRank":"435412625"},
	{"Level":"949","PlayerRank":"436562988"},
	{"Level":"950","PlayerRank":"437715173"},
	{"Level":"951","PlayerRank":"438869180"},
	{"Level":"952","PlayerRank":"440025011"},
	{"Level":"953","PlayerRank":"441182666"},
	{"Level":"954","PlayerRank":"442342147"},
	{"Level":"955","PlayerRank":"443503454"},
	{"Level":"956","PlayerRank":"444666589"},
	{"Level":"957","PlayerRank":"445831552"},
	{"Level":"958","PlayerRank":"446998344"},
	{"Level":"959","PlayerRank":"448166967"},
	{"Level":"960","PlayerRank":"449337420"},
	{"Level":"961","PlayerRank":"450509706"},
	{"Level":"962","PlayerRank":"451683825"},
	{"Level":"963","PlayerRank":"452859779"},
	{"Level":"964","PlayerRank":"454037567"},
	{"Level":"965","PlayerRank":"455217191"},
	{"Level":"966","PlayerRank":"456398652"},
	{"Level":"967","PlayerRank":"457581951"},
	{"Level":"968","PlayerRank":"458767089"},
	{"Level":"969","PlayerRank":"459954067"},
	{"Level":"970","PlayerRank":"461142885"},
	{"Level":"971","PlayerRank":"462333545"},
	{"Level":"972","PlayerRank":"463526048"},
	{"Level":"973","PlayerRank":"464720395"},
	{"Level":"974","PlayerRank":"465916585"},
	{"Level":"975","PlayerRank":"467114622"},
	{"Level":"976","PlayerRank":"468314505"},
	{"Level":"977","PlayerRank":"469516235"},
	{"Level":"978","PlayerRank":"470719814"},
	{"Level":"979","PlayerRank":"471925242"},
	{"Level":"980","PlayerRank":"473132520"},
	{"Level":"981","PlayerRank":"474341649"},
	{"Level":"982","PlayerRank":"475552630"},
	{"Level":"983","PlayerRank":"476765465"},
	{"Level":"984","PlayerRank":"477980154"},
	{"Level":"985","PlayerRank":"479196697"},
	{"Level":"986","PlayerRank":"480415096"},
	{"Level":"987","PlayerRank":"481635353"},
	{"Level":"988","PlayerRank":"482857467"},
	{"Level":"989","PlayerRank":"484081439"},
	{"Level":"990","PlayerRank":"485307272"},
	{"Level":"991","PlayerRank":"486534965"},
	{"Level":"992","PlayerRank":"487764519"},
	{"Level":"993","PlayerRank":"488995937"},
	{"Level":"994","PlayerRank":"490229217"},
	{"Level":"995","PlayerRank":"491464362"},
	{"Level":"996","PlayerRank":"492701372"},
	{"Level":"997","PlayerRank":"493940248"},
	{"Level":"998","PlayerRank":"495180992"},
	{"Level":"999","PlayerRank":"496423604"}
]
