[
	{"ID":"CAKE_T1_Corn","Faction":"Red","UICardFrame":"UI/Cake_Frames/UI_CakeCard_Frame_Corn","UITexture":"UI/Cake_Icons/cakes-corn-01","Name":"!!QUEST_CAKE_T1_Corn_NAME","Desc":"+50 XP","FeedXP":"50","SellPrice":"30","Rarity":"1"},
	{"ID":"CAKE_T1_Plains","Faction":"Blue","UICardFrame":"UI/Cake_Frames/UI_CakeCard_Frame_Plains","UITexture":"UI/Cake_Icons/cakes-blue_plains-01","Name":"!!QUEST_CAKE_T1_Plains_NAME","Desc":"+50 XP","FeedXP":"49","SellPrice":"30","Rarity":"1"},
	{"ID":"CAKE_T1_Sand","Faction":"Green","UICardFrame":"UI/Cake_Frames/UI_CakeCard_Frame_Sand","UITexture":"UI/Cake_Icons/cakes-sand-01","Name":"!!QUEST_CAKE_T1_Sand_NAME","Desc":"+50 XP","FeedXP":"50","SellPrice":"30","Rarity":"1"},
	{"ID":"CAKE_T1_Nice","Faction":"Light","UICardFrame":"UI/Cake_Frames/UI_CakeCard_Frame_Nicelands","UITexture":"UI/Cake_Icons/cakes-nicelands-01","Name":"!!QUEST_CAKE_T1_Nice_NAME","Desc":"+50 XP","FeedXP":"49","SellPrice":"30","Rarity":"1"},
	{"ID":"CAKE_T1_Swamp","Faction":"Dark","UICardFrame":"UI/Cake_Frames/UI_CakeCard_Frame_Swamp","UITexture":"UI/Cake_Icons/cakes-swamp-01","Name":"!!QUEST_CAKE_T1_Swamp_NAME","Desc":"+50 XP","FeedXP":"50","SellPrice":"30","Rarity":"1"},
	{"ID":"CAKE_T2_Corn","Faction":"Red","UICardFrame":"UI/Cake_Frames/UI_CakeCard_Frame_Corn","UITexture":"UI/Cake_Icons/cakes-corn-02","Name":"!!QUEST_CAKE_T2_Corn_NAME","Desc":"+5000 XP","FeedXP":"5000","SellPrice":"150","Rarity":"2"},
	{"ID":"CAKE_T2_Plains","Faction":"Blue","UICardFrame":"UI/Cake_Frames/UI_CakeCard_Frame_Plains","UITexture":"UI/Cake_Icons/cakes-blue_plains-02","Name":"!!QUEST_CAKE_T2_Plains_NAME","Desc":"+5000 XP","FeedXP":"5000","SellPrice":"150","Rarity":"2"},
	{"ID":"CAKE_T2_Sand","Faction":"Green","UICardFrame":"UI/Cake_Frames/UI_CakeCard_Frame_Sand","UITexture":"UI/Cake_Icons/cakes-sand-02","Name":"!!QUEST_CAKE_T2_Sand_NAME","Desc":"+5000 XP","FeedXP":"5000","SellPrice":"150","Rarity":"2"},
	{"ID":"CAKE_T2_Nice","Faction":"Light","UICardFrame":"UI/Cake_Frames/UI_CakeCard_Frame_Nicelands","UITexture":"UI/Cake_Icons/cakes-nicelands-02","Name":"!!QUEST_CAKE_T2_Nice_NAME","Desc":"+5000 XP","FeedXP":"5000","SellPrice":"150","Rarity":"2"},
	{"ID":"CAKE_T2_Swamp","Faction":"Dark","UICardFrame":"UI/Cake_Frames/UI_CakeCard_Frame_Swamp","UITexture":"UI/Cake_Icons/cakes-swamp-02","Name":"!!QUEST_CAKE_T2_Swamp_NAME","Desc":"+5000 XP","FeedXP":"5000","SellPrice":"150","Rarity":"2"},
	{"ID":"CAKE_T3_Corn","Faction":"Red","UICardFrame":"UI/Cake_Frames/UI_CakeCard_Frame_Corn","UITexture":"UI/Cake_Icons/cakes-corn-03","Name":"!!QUEST_CAKE_T3_Corn_NAME","Desc":"+15000 XP","FeedXP":"15000","SellPrice":"750","Rarity":"3"},
	{"ID":"CAKE_T3_Plains","Faction":"Blue","UICardFrame":"UI/Cake_Frames/UI_CakeCard_Frame_Plains","UITexture":"UI/Cake_Icons/cakes-blue_plains-03","Name":"!!QUEST_CAKE_T3_Plains_NAME","Desc":"+15000 XP","FeedXP":"15000","SellPrice":"750","Rarity":"3"},
	{"ID":"CAKE_T3_Sand","Faction":"Green","UICardFrame":"UI/Cake_Frames/UI_CakeCard_Frame_Sand","UITexture":"UI/Cake_Icons/cakes-sand-03","Name":"!!QUEST_CAKE_T3_Sand_NAME","Desc":"+15000 XP","FeedXP":"15000","SellPrice":"750","Rarity":"3"},
	{"ID":"CAKE_T3_Nice","Faction":"Light","UICardFrame":"UI/Cake_Frames/UI_CakeCard_Frame_Nicelands","UITexture":"UI/Cake_Icons/cakes-nicelands-03","Name":"!!QUEST_CAKE_T3_Nice_NAME","Desc":"+15000 XP","FeedXP":"15000","SellPrice":"750","Rarity":"3"},
	{"ID":"CAKE_T3_Swamp","Faction":"Dark","UICardFrame":"UI/Cake_Frames/UI_CakeCard_Frame_Swamp","UITexture":"UI/Cake_Icons/cakes-swamp-03","Name":"!!QUEST_CAKE_T3_Swamp_NAME","Desc":"+15000 XP","FeedXP":"15000","SellPrice":"750","Rarity":"3"}
]
