[
	{"ID":"Tutorial","QuestLine":"Tutorial"},
	{"ID":"League1","Name":"!!LEAGUE_TITLE_01","BackgroundTexture":"Pub_Banner_01","QuestLine":"Main","Bonus1":"ReducedStamina","BonusStart1":"Monday, 8:00","BonusEnd1":"Monday, 12:00","Bonus2":"BonusSoftCurrencyQuantity","BonusStart2":"Monday, 18:00","BonusEnd2":"Monday, 22:00","Bonus3":"BonusXp","BonusStart3":"Wednesday, 8:00","BonusEnd3":"Wednesday, 12:00","Bonus4":"BonusEvoMaterialDrop","BonusStart4":"Monday, 13:00","BonusEnd4":"Monday, 17:00","Bonus5":"BonusCardDrop","BonusStart5":"Tuesday, 8:00","BonusEnd5":"Tuesday, 12:00"},
	{"ID":"League2","Name":"!!LEAGUE_TITLE_02","BackgroundTexture":"Pub_Banner_02","QuestLine":"Main","Bonus1":"ReducedStamina","BonusStart1":"Tuesday, 18:00","BonusEnd1":"Tuesday, 22:00","Bonus2":"BonusSoftCurrencyQuantity","BonusStart2":"Wednesday, 13:00","BonusEnd2":"Wednesday, 17:00","Bonus3":"BonusXp","BonusStart3":"Thursday, 13:00","BonusEnd3":"Thursday, 17:00","Bonus4":"BonusEvoMaterialDrop","BonusStart4":"Friday, 8:00","BonusEnd4":"Friday, 12:00","Bonus5":"BonusCardDrop","BonusStart5":"Wednesday, 18:00","BonusEnd5":"Wednesday, 22:00"},
	{"ID":"League3","Name":"!!LEAGUE_TITLE_03","BackgroundTexture":"Pub_Banner_03","QuestLine":"Main","Bonus1":"ReducedStamina","BonusStart1":"Friday, 18:00","BonusEnd1":"Friday, 22:00","Bonus2":"BonusSoftCurrencyQuantity","BonusStart2":"Thursday, 18:00","BonusEnd2":"Thursday, 22:00","Bonus3":"BonusXp","BonusStart3":"Friday, 13:00","BonusEnd3":"Friday, 17:00","Bonus4":"BonusEvoMaterialDrop","BonusStart4":"Tuesday, 13:00","BonusEnd4":"Tuesday, 17:00","Bonus5":"BonusCardDrop","BonusStart5":"Thursday, 8:00","BonusEnd5":"Thursday, 12:00"},
	{"ID":"League4","Name":"!!LEAGUE_TITLE_04","BackgroundTexture":"Pub_Banner_04","QuestLine":"Main","Bonus1":"ReducedStamina","BonusStart1":"Tuesday, 8:00","BonusEnd1":"Tuesday, 12:00","Bonus2":"BonusSoftCurrencyQuantity","BonusStart2":"Monday, 8:00","BonusEnd2":"Monday, 12:00","Bonus3":"BonusXp","BonusStart3":"Monday, 18:00","BonusEnd3":"Monday, 22:00","Bonus4":"BonusEvoMaterialDrop","BonusStart4":"Wednesday, 8:00","BonusEnd4":"Wednesday, 12:00","Bonus5":"BonusCardDrop","BonusStart5":"Monday, 13:00","BonusEnd5":"Monday, 17:00"},
	{"ID":"League5","Name":"!!LEAGUE_TITLE_05","BackgroundTexture":"Pub_Banner_05","QuestLine":"Main","Bonus1":"ReducedStamina","BonusStart1":"Wednesday, 18:00","BonusEnd1":"Wednesday, 22:00","Bonus2":"BonusSoftCurrencyQuantity","BonusStart2":"Tuesday, 18:00","BonusEnd2":"Tuesday, 22:00","Bonus3":"BonusXp","BonusStart3":"Wednesday, 13:00","BonusEnd3":"Wednesday, 17:00","Bonus4":"BonusEvoMaterialDrop","BonusStart4":"Thursday, 13:00","BonusEnd4":"Thursday, 17:00","Bonus5":"BonusCardDrop","BonusStart5":"Friday, 8:00","BonusEnd5":"Friday, 12:00"},
	{"ID":"League6","Name":"!!LEAGUE_TITLE_06","BackgroundTexture":"Pub_Banner_06","QuestLine":"Main","Bonus1":"ReducedStamina","BonusStart1":"Thursday, 8:00","BonusEnd1":"Thursday, 12:00","Bonus2":"BonusSoftCurrencyQuantity","BonusStart2":"Friday, 18:00","BonusEnd2":"Friday, 22:00","Bonus3":"BonusXp","BonusStart3":"Thursday, 18:00","BonusEnd3":"Thursday, 22:00","Bonus4":"BonusEvoMaterialDrop","BonusStart4":"Friday, 13:00","BonusEnd4":"Friday, 17:00","Bonus5":"BonusCardDrop","BonusStart5":"Tuesday, 13:00","BonusEnd5":"Tuesday, 17:00"},
	{"ID":"League7","Name":"!!LEAGUE_TITLE_07","BackgroundTexture":"Pub_Banner_07","QuestLine":"Main","Bonus1":"ReducedStamina","BonusStart1":"Monday, 13:00","BonusEnd1":"Monday, 17:00","Bonus2":"BonusSoftCurrencyQuantity","BonusStart2":"Tuesday, 8:00","BonusEnd2":"Tuesday, 12:00","Bonus3":"BonusXp","BonusStart3":"Monday, 8:00","BonusEnd3":"Monday, 12:00","Bonus4":"BonusSocialCurrencyDrop","BonusStart4":"Monday, 18:00","BonusEnd4":"Monday, 22:00","Bonus5":"BonusCreatureDrop","BonusStart5":"Wednesday, 8:00","BonusEnd5":"Wednesday, 12:00"},
	{"ID":"League8","Name":"!!LEAGUE_TITLE_08","BackgroundTexture":"Pub_Banner_08","QuestLine":"Main","Bonus1":"ReducedStamina","BonusStart1":"Friday, 8:00","BonusEnd1":"Friday, 12:00","Bonus2":"BonusSoftCurrencyQuantity","BonusStart2":"Wednesday, 18:00","BonusEnd2":"Wednesday, 22:00","Bonus3":"BonusXp","BonusStart3":"Tuesday, 18:00","BonusEnd3":"Tuesday, 22:00","Bonus4":"BonusSocialCurrencyDrop","BonusStart4":"Wednesday, 13:00","BonusEnd4":"Wednesday, 17:00","Bonus5":"BonusCreatureDrop","BonusStart5":"Thursday, 13:00","BonusEnd5":"Thursday, 17:00"},
	{"ID":"League9","Name":"!!LEAGUE_TITLE_09","BackgroundTexture":"Pub_Banner_09","QuestLine":"Main","Bonus1":"ReducedStamina","BonusStart1":"Tuesday, 13:00","BonusEnd1":"Tuesday, 17:00","Bonus2":"BonusSoftCurrencyQuantity","BonusStart2":"Thursday, 8:00","BonusEnd2":"Thursday, 12:00","Bonus3":"BonusXp","BonusStart3":"Friday, 18:00","BonusEnd3":"Friday, 22:00","Bonus4":"BonusSocialCurrencyDrop","BonusStart4":"Thursday, 18:00","BonusEnd4":"Thursday, 22:00","Bonus5":"BonusCreatureDrop","BonusStart5":"Friday, 13:00","BonusEnd5":"Friday, 17:00"},
	{"ID":"League10","Name":"!!LEAGUE_TITLE_10","BackgroundTexture":"Pub_Banner_10","QuestLine":"Main","Bonus1":"ReducedStamina","BonusStart1":"Wednesday, 8:00","BonusEnd1":"Wednesday, 12:00","Bonus2":"BonusSoftCurrencyQuantity","BonusStart2":"Monday, 13:00","BonusEnd2":"Monday, 17:00","Bonus3":"BonusXp","BonusStart3":"Tuesday, 8:00","BonusEnd3":"Tuesday, 12:00","Bonus4":"BonusSocialCurrencyDrop","BonusStart4":"Monday, 8:00","BonusEnd4":"Monday, 12:00","Bonus5":"BonusCreatureDrop","BonusStart5":"Monday, 18:00","BonusEnd5":"Monday, 22:00"},
	{"ID":"League11","Name":"!!LEAGUE_TITLE_11","BackgroundTexture":"Pub_Banner_11","QuestLine":"Main","Bonus1":"ReducedStamina","BonusStart1":"Thursday, 13:00","BonusEnd1":"Thursday, 17:00","Bonus2":"BonusSoftCurrencyQuantity","BonusStart2":"Friday, 8:00","BonusEnd2":"Friday, 12:00","Bonus3":"BonusXp","BonusStart3":"Wednesday, 18:00","BonusEnd3":"Wednesday, 22:00","Bonus4":"BonusSocialCurrencyDrop","BonusStart4":"Tuesday, 18:00","BonusEnd4":"Tuesday, 22:00","Bonus5":"BonusCreatureDrop","BonusStart5":"Wednesday, 13:00","BonusEnd5":"Wednesday, 17:00"},
	{"ID":"League12","Name":"!!LEAGUE_TITLE_12","BackgroundTexture":"Pub_Banner_12","QuestLine":"Main","Bonus1":"ReducedStamina","BonusStart1":"Friday, 13:00","BonusEnd1":"Friday, 17:00","Bonus2":"BonusSoftCurrencyQuantity","BonusStart2":"Tuesday, 13:00","BonusEnd2":"Tuesday, 17:00","Bonus3":"BonusXp","BonusStart3":"Thursday, 8:00","BonusEnd3":"Thursday, 12:00","Bonus4":"BonusSocialCurrencyDrop","BonusStart4":"Friday, 18:00","BonusEnd4":"Friday, 22:00","Bonus5":"BonusCreatureDrop","BonusStart5":"Thursday, 18:00","BonusEnd5":"Thursday, 22:00"},
	{"ID":"League13","Name":"!!LEAGUE_TITLE_13","BackgroundTexture":"Pub_Banner_13","QuestLine":"Main","Bonus1":"ReducedStamina","BonusStart1":"Monday, 18:00","BonusEnd1":"Monday, 22:00","Bonus2":"BonusSoftCurrencyQuantity","BonusStart2":"Wednesday, 8:00","BonusEnd2":"Wednesday, 12:00","Bonus3":"BonusXp","BonusStart3":"Monday, 13:00","BonusEnd3":"Monday, 17:00","Bonus4":"BonusSocialCurrencyDrop","BonusStart4":"Tuesday, 8:00","BonusEnd4":"Tuesday, 12:00","Bonus5":"BonusCreatureDrop","BonusStart5":"Monday, 8:00","BonusEnd5":"Monday, 12:00"},
	{"ID":"League14","Name":"!!LEAGUE_TITLE_14","BackgroundTexture":"Pub_Banner_14","QuestLine":"Main","Bonus1":"ReducedStamina","BonusStart1":"Wednesday, 13:00","BonusEnd1":"Wednesday, 17:00","Bonus2":"BonusSoftCurrencyQuantity","BonusStart2":"Thursday, 13:00","BonusEnd2":"Thursday, 17:00","Bonus3":"BonusXp","BonusStart3":"Friday, 8:00","BonusEnd3":"Friday, 12:00","Bonus4":"BonusSocialCurrencyDrop","BonusStart4":"Wednesday, 18:00","BonusEnd4":"Wednesday, 22:00","Bonus5":"BonusCreatureDrop","BonusStart5":"Tuesday, 18:00","BonusEnd5":"Tuesday, 22:00"},
	{"ID":"League15","Name":"!!LEAGUE_TITLE_15","BackgroundTexture":"Pub_Banner_15","QuestLine":"Main","Bonus1":"ReducedStamina","BonusStart1":"Thursday, 18:00","BonusEnd1":"Thursday, 22:00","Bonus2":"BonusSoftCurrencyQuantity","BonusStart2":"Friday, 13:00","BonusEnd2":"Friday, 17:00","Bonus3":"BonusXp","BonusStart3":"Tuesday, 13:00","BonusEnd3":"Tuesday, 17:00","Bonus4":"BonusSocialCurrencyDrop","BonusStart4":"Thursday, 8:00","BonusEnd4":"Thursday, 12:00","Bonus5":"BonusCreatureDrop","BonusStart5":"Friday, 18:00","BonusEnd5":"Friday, 22:00"},
	{"ID":"DungeonMaps","Name":"!!DUNGEON_MAPS","BackgroundTexture":"Pub_Banner_01","QuestLine":"Special"},
	{"ID":"Monday","Name":"!!LEAGUE_TITLE_MONDAY","BackgroundTexture":"PVP_Banner_01","QuestLine":"Special","StartTime1":"Monday","Bonus1":"BonusEvoMaterialDrop","BonusStart1":"8/3/2015","BonusEnd1":"8/4/2015","Bonus2":"BonusEvoMaterialDrop","BonusStart2":"8/17/2015","BonusEnd2":"8/18/2015","Bonus3":"BonusEvoMaterialDrop","BonusStart3":"9/21/2015","BonusEnd3":"9/22/2015"},
	{"ID":"Tuesday","Name":"!!LEAGUE_TITLE_TUESDAY","BackgroundTexture":"PVP_Banner_02","QuestLine":"Special","StartTime1":"Tuesday","Bonus1":"BonusEvoMaterialDrop","BonusStart1":"7/21/2015","BonusEnd1":"7/22/2015","Bonus2":"BonusEvoMaterialDrop","BonusStart2":"8/25/2015","BonusEnd2":"8/26/2015","Bonus3":"BonusEvoMaterialDrop","BonusStart3":"9/22/2015","BonusEnd3":"9/23/2015"},
	{"ID":"Wednesday","Name":"!!LEAGUE_TITLE_WEDNESDAY","BackgroundTexture":"PVP_Banner_03","QuestLine":"Special","StartTime1":"Wednesday","Bonus1":"BonusEvoMaterialDrop","BonusStart1":"8/12/2015","BonusEnd1":"8/13/2015","Bonus2":"BonusEvoMaterialDrop","BonusStart2":"9/16/2015","BonusEnd2":"9/17/2015","Bonus3":"BonusEvoMaterialDrop","BonusStart3":"9/23/2015","BonusEnd3":"9/24/2015"},
	{"ID":"Thursday","Name":"!!LEAGUE_TITLE_THURSDAY","BackgroundTexture":"PVP_Banner_04","QuestLine":"Special","StartTime1":"Thursday","Bonus1":"BonusEvoMaterialDrop","BonusStart1":"7/30/2015","BonusEnd1":"7/31/2015","Bonus2":"BonusEvoMaterialDrop","BonusStart2":"9/10/2015","BonusEnd2":"9/11/2015","Bonus3":"BonusEvoMaterialDrop","BonusStart3":"9/24/2015","BonusEnd3":"9/25/2015","Bonus4":"BonusEvoMaterialDrop","BonusStart4":"10/1/2015","BonusEnd4":"10/2/2015"},
	{"ID":"Friday","Name":"!!LEAGUE_TITLE_FRIDAY","BackgroundTexture":"PVP_Banner_05","QuestLine":"Special","StartTime1":"Friday","Bonus1":"BonusEvoMaterialDrop","BonusStart1":"8/21/2015","BonusEnd1":"8/22/2015","Bonus2":"BonusEvoMaterialDrop","BonusStart2":"9/4/2015","BonusEnd2":"9/5/2015","Bonus3":"BonusEvoMaterialDrop","BonusStart3":"9/25/2015","BonusEnd3":"9/26/2015"},
	{"ID":"Weekend","Name":"!!LEAGUE_TITLE_WEEKEND","BackgroundTexture":"PVP_Banner_06","QuestLine":"Special","StartTime1":"Weekend"},
	{"ID":"Juggernaut","Name":"!!LEAGUE_TITLE_JUGGERNAUT","BackgroundTexture":"PVP_Banner_07","QuestLine":"Special","StartTime1":"2/13/2015","EndTime1":"2/16/2015","StartTime2":"2/20/2015","EndTime2":"2/23/2015","StartTime3":"2/27/2015","EndTime3":"3/2/2015","StartTime4":"3/6/2015","EndTime4":"3/9/2015","StartTime5":"3/13/2015","EndTime5":"3/16/2015","StartTime6":"3/20/2015","EndTime6":"3/23/2015","StartTime7":"3/27/2015","EndTime7":"3/30/2015","StartTime8":"4/3/2015","EndTime8":"4/6/2015"},
	{"ID":"Troll","Name":"!!LEAGUE_TITLE_TROLL","BackgroundTexture":"Pub_Banner_09","QuestLine":"Special","StartTime1":"8/22/2015","EndTime1":"8/31/2015","StartTime2":"12/13/2015","EndTime2":"12/17/2015"},
	{"ID":"LightManticore","Name":"!!LEAGUE_TITLE_LIGHTMANTICORE","BackgroundTexture":"Pub_Banner_08","QuestLine":"Special","StartTime1":"9/8/2015","EndTime1":"9/13/2015","StartTime2":"12/26/2015","EndTime2":"12/28/2015"},
	{"ID":"Rainbow","Name":"!!LEAGUE_TITLE_RAINBOW_RUNE","BackgroundTexture":"Pub_Banner_10","QuestLine":"Special","StartTime1":"11/26/2015","EndTime1":"11/30/2015","StartTime2":"12/11/2015","EndTime2":"12/14/2015","StartTime3":"12/16/2015","EndTime3":"12/17/2015","StartTime4":"12/20/2015","EndTime4":"12/23/2015","StartTime5":"12/26/2015","EndTime5":"1/4/2016"},
	{"ID":"SpiderKing","Name":"!!LEAGUE_TITLE_SPIDERKING","BackgroundTexture":"Pub_Banner_11","QuestLine":"Special","StartTime1":"10/31/2015","EndTime1":"11/2/2015","StartTime2":"12/28/2015","EndTime2":"1/1/2016"},
	{"ID":"Scarecrow","Name":"!!LEAGUE_TITLE_SCARECROW","BackgroundTexture":"Pub_Banner_12","QuestLine":"Special","StartTime1":"11/19/2015","EndTime1":"11/30/2015","StartTime2":"12/10/2015","EndTime2":"12/15/2015"},
	{"ID":"Zombie","Name":"!!LEAGUE_TITLE_ZOMBIE","BackgroundTexture":"Pub_Banner_13","QuestLine":"Special","StartTime1":"10/28/2015","EndTime1":"11/11/2015","StartTime2":"12/16/2015","EndTime2":"12/19/2015"},
	{"ID":"Wizard","Name":"!!LEAGUE_TITLE_WIZARD","BackgroundTexture":"Pub_Banner_15","QuestLine":"Special","StartTime1":"11/26/2015","EndTime1":"11/30/2015","StartTime2":"1/1/2016","EndTime2":"1/4/2016"},
	{"ID":"Jester","Name":"!!LEAGUE_TITLE_JESTER","BackgroundTexture":"Pub_Banner_14","QuestLine":"Special","StartTime1":"10/28/2015","EndTime1":"11/11/2015","StartTime2":"12/24/2015","EndTime2":"1/4/2016"},
	{"ID":"Tortoise","Name":"!!LEAGUE_TITLE_TORTOISE","BackgroundTexture":"Pub_Banner_01","QuestLine":"Special","StartTime1":"10/28/2015","EndTime1":"11/11/2015"},
	{"ID":"Beetle","Name":"!!LEAGUE_TITLE_BEETLE","BackgroundTexture":"Pub_Banner_02","QuestLine":"Special","StartTime1":"10/28/2015","EndTime1":"11/11/2015"},
	{"ID":"Dieclops_Red_Easy","Name":"!!LEAGUE_TITLE_DIECLOPS_RED_EASY","BackgroundTexture":"Pub_Banner_05","QuestLine":"Special","StartTime1":"12/22/2015 1:00:00 PM","EndTime1":"12/22/2015 2:00:00 PM","StartTime2":"12/22/2015 6:00:00 PM","EndTime2":"12/22/2015 7:00:00 PM","StartTime3":"12/24/2015 3:00:00 AM","EndTime3":"12/24/2015 4:00:00 AM","StartTime4":"12/30/2015 7:00:00 AM","EndTime4":"12/30/2015 8:00:00 AM","StartTime5":"12/30/2015 12:00:00 PM","EndTime5":"12/30/2015 1:00:00 PM","StartTime6":"1/1/2016 5:00:00 AM","EndTime6":"1/1/2016 6:00:00 AM","StartTime7":"1/5/2016 10:00:00 AM","EndTime7":"1/5/2016 11:00:00 AM","StartTime8":"1/7/2016 5:00:00 PM","EndTime8":"1/7/2016 6:00:00 PM","StartTime9":"1/7/2016 2:00:00 AM","EndTime9":"1/7/2016 3:00:00 AM","StartTime10":"1/11/2016 11:00:00 AM","EndTime10":"1/11/2016 12:00:00 PM","StartTime11":"1/14/2016 6:00:00 PM","EndTime11":"1/14/2016 7:00:00 PM","StartTime12":"1/13/2016","EndTime12":"1/13/2016 1:00:00 AM"},
	{"ID":"Dieclops_Blue_Easy","Name":"!!LEAGUE_TITLE_DIECLOPS_BLUE_EASY","BackgroundTexture":"Pub_Banner_02","QuestLine":"Special","StartTime1":"12/24/2015 5:00:00 PM","EndTime1":"12/24/2015 6:00:00 PM","StartTime2":"12/22/2015 9:00:00 PM","EndTime2":"12/22/2015 10:00:00 PM","StartTime3":"12/24/2015 6:00:00 AM","EndTime3":"12/24/2015 7:00:00 AM","StartTime4":"1/1/2016 7:00:00 PM","EndTime4":"1/1/2016 8:00:00 PM","StartTime5":"12/30/2015 10:00:00 AM","EndTime5":"12/30/2015 11:00:00 AM","StartTime6":"12/30/2015 3:00:00 AM","EndTime6":"12/30/2015 4:00:00 AM","StartTime7":"1/7/2016 10:00:00 AM","EndTime7":"1/7/2016 11:00:00 AM","StartTime8":"1/8/2016 6:00:00 AM","EndTime8":"1/8/2016 7:00:00 AM","StartTime9":"1/8/2016 5:00:00 PM","EndTime9":"1/8/2016 6:00:00 PM","StartTime10":"1/12/2016 4:00:00 PM","EndTime10":"1/12/2016 5:00:00 PM","StartTime11":"1/14/2016 2:00:00 PM","EndTime11":"1/14/2016 3:00:00 PM","StartTime12":"1/13/2016 10:00:00 AM","EndTime12":"1/13/2016 11:00:00 AM"},
	{"ID":"Dieclops_Green_Easy","Name":"!!LEAGUE_TITLE_DIECLOPS_GREEN_EASY","BackgroundTexture":"Pub_Banner_09","QuestLine":"Special","StartTime1":"12/21/2015 6:00:00 PM","EndTime1":"12/21/2015 7:00:00 PM","StartTime2":"12/25/2015 7:00:00 PM","EndTime2":"12/25/2015 8:00:00 PM","StartTime3":"12/21/2015","EndTime3":"12/21/2015 1:00:00 AM","StartTime4":"12/31/2015 9:00:00 PM","EndTime4":"12/31/2015 10:00:00 PM","StartTime5":"12/28/2015 10:00:00 PM","EndTime5":"12/28/2015 11:00:00 PM","StartTime6":"12/28/2015","EndTime6":"12/28/2015 1:00:00 AM","StartTime7":"1/8/2016 5:00:00 PM","EndTime7":"1/8/2016 6:00:00 PM","StartTime8":"1/6/2016 1:00:00 AM","EndTime8":"1/6/2016 2:00:00 AM","StartTime9":"1/4/2016 4:00:00 PM","EndTime9":"1/4/2016 5:00:00 PM","StartTime10":"1/11/2016 2:00:00 PM","EndTime10":"1/11/2016 3:00:00 PM","StartTime11":"1/15/2016 10:00:00 PM","EndTime11":"1/15/2016 11:00:00 PM","StartTime12":"1/12/2016 1:00:00 PM","EndTime12":"1/12/2016 2:00:00 PM"},
	{"ID":"Dieclops_Light_Easy","Name":"!!LEAGUE_TITLE_DIECLOPS_LIGHT_EASY","BackgroundTexture":"Pub_Banner_06","QuestLine":"Special","StartTime1":"12/21/2015","EndTime1":"12/21/2015 1:00:00 AM","StartTime2":"12/25/2015","EndTime2":"12/25/2015 1:00:00 AM","StartTime3":"12/21/2015 2:00:00 AM","EndTime3":"12/21/2015 3:00:00 AM","StartTime4":"1/1/2016 3:00:00 PM","EndTime4":"1/1/2016 4:00:00 PM","StartTime5":"12/30/2015 3:00:00 AM","EndTime5":"12/30/2015 4:00:00 AM","StartTime6":"12/31/2015 11:00:00 AM","EndTime6":"12/31/2015 12:00:00 PM","StartTime7":"1/5/2016 1:00:00 AM","EndTime7":"1/5/2016 2:00:00 AM","StartTime8":"1/8/2016 5:00:00 AM","EndTime8":"1/8/2016 6:00:00 AM","StartTime9":"1/4/2016 9:00:00 PM","EndTime9":"1/4/2016 10:00:00 PM","StartTime10":"1/14/2016 1:00:00 AM","EndTime10":"1/14/2016 2:00:00 AM","StartTime11":"1/13/2016 3:00:00 AM","EndTime11":"1/13/2016 4:00:00 AM","StartTime12":"1/11/2016 12:00:00 PM","EndTime12":"1/11/2016 1:00:00 PM"},
	{"ID":"Dieclops_Dark_Easy","Name":"!!LEAGUE_TITLE_DIECLOPS_DARK_EASY","BackgroundTexture":"Pub_Banner_08","QuestLine":"Special","StartTime1":"12/25/2015 3:00:00 AM","EndTime1":"12/25/2015 4:00:00 AM","StartTime2":"12/21/2015 3:00:00 AM","EndTime2":"12/21/2015 4:00:00 AM","StartTime3":"12/24/2015 8:00:00 AM","EndTime3":"12/24/2015 9:00:00 AM","StartTime4":"12/30/2015 5:00:00 PM","EndTime4":"12/30/2015 6:00:00 PM","StartTime5":"12/28/2015","EndTime5":"12/28/2015 1:00:00 AM","StartTime6":"1/1/2016 1:00:00 AM","EndTime6":"1/1/2016 2:00:00 AM","StartTime7":"1/6/2016 11:00:00 PM","EndTime7":"1/7/2016","StartTime8":"1/6/2016 1:00:00 AM","EndTime8":"1/6/2016 2:00:00 AM","StartTime9":"1/4/2016 10:00:00 AM","EndTime9":"1/4/2016 11:00:00 AM","StartTime10":"1/14/2016 4:00:00 PM","EndTime10":"1/14/2016 5:00:00 PM","StartTime11":"1/13/2016 4:00:00 AM","EndTime11":"1/13/2016 5:00:00 AM","StartTime12":"1/11/2016 9:00:00 AM","EndTime12":"1/11/2016 10:00:00 AM"},
	{"ID":"Dieclops_Red_Hard","Name":"!!LEAGUE_TITLE_DIECLOPS_RED_HARD","BackgroundTexture":"Pub_Banner_05","QuestLine":"Special","StartTime1":"12/22/2015 6:00:00 AM","EndTime1":"12/22/2015 7:00:00 AM","StartTime2":"12/30/2015 5:00:00 PM","EndTime2":"12/30/2015 6:00:00 PM","StartTime3":"1/8/2016 5:00:00 PM","EndTime3":"1/8/2016 6:00:00 PM","StartTime4":"1/11/2016 4:00:00 AM","EndTime4":"1/11/2016 5:00:00 AM"},
	{"ID":"Dieclops_Blue_Hard","Name":"!!LEAGUE_TITLE_DIECLOPS_BLUE_HARD","BackgroundTexture":"Pub_Banner_02","QuestLine":"Special","StartTime1":"12/24/2015 4:00:00 PM","EndTime1":"12/24/2015 5:00:00 PM","StartTime2":"12/30/2015 8:00:00 PM","EndTime2":"12/30/2015 9:00:00 PM","StartTime3":"1/8/2016 6:00:00 AM","EndTime3":"1/8/2016 7:00:00 AM","StartTime4":"1/13/2016 1:00:00 PM","EndTime4":"1/13/2016 2:00:00 PM"},
	{"ID":"Dieclops_Green_Hard","Name":"!!LEAGUE_TITLE_DIECLOPS_GREEN_HARD","BackgroundTexture":"Pub_Banner_09","QuestLine":"Special","StartTime1":"12/24/2015 3:00:00 PM","EndTime1":"12/24/2015 4:00:00 PM","StartTime2":"12/29/2015 1:00:00 PM","EndTime2":"12/29/2015 2:00:00 PM","StartTime3":"1/7/2016 3:00:00 AM","EndTime3":"1/7/2016 4:00:00 AM","StartTime4":"1/13/2016 6:00:00 AM","EndTime4":"1/13/2016 7:00:00 AM"},
	{"ID":"Dieclops_Light_Hard","Name":"!!LEAGUE_TITLE_DIECLOPS_LIGHT_HARD","BackgroundTexture":"Pub_Banner_06","QuestLine":"Special","StartTime1":"12/21/2015 1:00:00 AM","EndTime1":"12/21/2015 2:00:00 AM","StartTime2":"1/1/2016 6:00:00 PM","EndTime2":"1/1/2016 7:00:00 PM","StartTime3":"1/7/2016 4:00:00 AM","EndTime3":"1/7/2016 5:00:00 AM","StartTime4":"1/15/2016 10:00:00 PM","EndTime4":"1/15/2016 11:00:00 PM"},
	{"ID":"Dieclops_Dark_Hard","Name":"!!LEAGUE_TITLE_DIECLOPS_DARK_HARD","BackgroundTexture":"Pub_Banner_08","QuestLine":"Special","StartTime1":"12/25/2015 3:00:00 AM","EndTime1":"12/25/2015 4:00:00 AM","StartTime2":"12/30/2015 8:00:00 PM","EndTime2":"12/30/2015 9:00:00 PM","StartTime3":"1/6/2016 4:00:00 PM","EndTime3":"1/6/2016 5:00:00 PM","StartTime4":"1/14/2016 9:00:00 AM","EndTime4":"1/14/2016 10:00:00 AM"}
]
