[
	{"ID":"FTUE_SALE_01","ProductID":"dw.ftue.bundle.01","Name":"!!SPECIALSALES_STARTER_PACK","PackTitle":"!!SPECIALSALES_PACKINCLUDES","BadgeText":"!!SPECIALSALES_EXCLUSIVE","Texture":"RogueSale","ShowDuration":"2","CooldownMin":"2","CooldownMax":"4","SoftCurrency":"3000","SocialCurrency":"100","PaidHardCurrency":"1","FreeHardCurrency":"5","QuestTickets":"5","Creatures":"Vampire_Base_Dark","Runes":"Evo_Mat_T1_Special:1"},
	{"ID":"FTUE_SALE_02","ProductID":"dw.ftue.bundle.02","Name":"!!SPECIALSALES_SPECIAL SALE","PackTitle":"!!SPECIALSALES_PACKINCLUDES","BadgeText":"!!SPECIALSALES_EXCLUSIVE","Texture":"DruidSale","PrerequisiteSale":"FTUE_SALE_01","ShowDuration":"2","CooldownMin":"2","CooldownMax":"4","SoftCurrency":"5000","SocialCurrency":"200","PaidHardCurrency":"4","FreeHardCurrency":"11","QuestTickets":"10","Creatures":"Elemental_Base_Red","Runes":"Evo_Mat_T2_Special:1"},
	{"ID":"FTUE_SALE_03","ProductID":"dw.ftue.bundle.03","Name":"!!SPECIALSALES_SPECIAL SALE","PackTitle":"!!SPECIALSALES_PACKINCLUDES","BadgeText":"!!SPECIALSALES_EXCLUSIVE","Texture":"DwarfSale","PrerequisiteSale":"FTUE_SALE_02","ShowDuration":"2","CooldownMin":"3","CooldownMax":"5","SoftCurrency":"10000","SocialCurrency":"300","PaidHardCurrency":"8","FreeHardCurrency":"17","Creatures":"Mimic_Base_Light:1,DieClops_Base_Red:1,DieClops_Base_Blue:1,DieClops_Base_Green:1","Runes":"Evo_Mat_T3_Red:3,Evo_Mat_T3_Blue:3,Evo_Mat_T3_Green:3"},
	{"ID":"FTUE_SALE_04","ProductID":"dw.ftue.bundle.04","Name":"!!SPECIALSALES_SPECIAL SALE","PackTitle":"!!SPECIALSALES_PACKINCLUDES","BadgeText":"!!SPECIALSALES_EXCLUSIVE","Texture":"MinotaurSale","PrerequisiteSale":"FTUE_SALE_03","ShowDuration":"2","CooldownMin":"4","CooldownMax":"6","SoftCurrency":"15000","SocialCurrency":"400","PaidHardCurrency":"15","FreeHardCurrency":"20","QuestTickets":"5","PvpTickets":"5","Creatures":"Golem_Base_Green:1,DieClops_Base_Dark:1,DieClops_Base_Light:1","Runes":"Evo_Mat_T1_Special:3,Evo_Mat_T2_Special:3,Evo_Mat_T3_Special:3"},
	{"ID":"FTUE_SALE_05","ProductID":"dw.ftue.bundle.05","Name":"!!SPECIALSALES_SPECIAL SALE","PackTitle":"!!SPECIALSALES_PACKINCLUDES","BadgeText":"!!SPECIALSALES_EXCLUSIVE","Texture":"RogueSale","PrerequisiteSale":"FTUE_SALE_04","ShowDuration":"2","CooldownMin":"5","CooldownMax":"7","SoftCurrency":"25000","SocialCurrency":"500","PaidHardCurrency":"30","FreeHardCurrency":"25","QuestTickets":"15","PvpTickets":"5","Creatures":"Bard_Base_Blue:1,Bard_Base_Light:1,DieClops_Base_Dark:1,DieClops_Base_Light:1","Runes":"Evo_Mat_T3_Special:3,Evo_Mat_T4_Special:3,Evo_Mat_T5_Special:3"},
	{"ID":"FTUE_SALE_06","ProductID":"dw.ftue.bundle.06","Name":"!!SPECIALSALES_SPECIAL SALE","PackTitle":"!!SPECIALSALES_PACKINCLUDES","BadgeText":"!!SPECIALSALES_EXCLUSIVE","Texture":"DruidSale","PrerequisiteSale":"FTUE_SALE_05","ShowDuration":"2","CooldownMin":"6","CooldownMax":"8","SoftCurrency":"50000","SocialCurrency":"600","PaidHardCurrency":"50","FreeHardCurrency":"30","CustomizationCurrency":"1","QuestTickets":"25","PvpTickets":"10","Creatures":"Orc_Base_Green:1,DieClops_Evo_01_Red:1,DieClops_Evo_01_Blue:1,DieClops_Evo_01_Green:1","Runes":"Evo_Mat_T4_Red:3,Evo_Mat_T4_Blue:3,Evo_Mat_T4_Green:3"},
	{"ID":"FTUE_SALE_07","ProductID":"dw.ftue.bundle.07","Name":"!!SPECIALSALES_SPECIAL SALE","PackTitle":"!!SPECIALSALES_PACKINCLUDES","BadgeText":"!!SPECIALSALES_EXCLUSIVE","Texture":"MageSale","PrerequisiteSale":"FTUE_SALE_06","ShowDuration":"2","CooldownMin":"7","CooldownMax":"10","SoftCurrency":"75000","SocialCurrency":"700","PaidHardCurrency":"100","FreeHardCurrency":"35","CustomizationCurrency":"1","QuestTickets":"25","PvpTickets":"10","Creatures":"DieClops_Evo_01_Red:3,DieClops_Evo_01_Blue:3,DieClops_Evo_01_Green:3,DieClops_Evo_01_Light:3,DieClops_Evo_01_Dark:3","Runes":"Evo_Mat_T5_Red:3,Evo_Mat_T5_Blue:3,Evo_Mat_T5_Green:3"}
]
