[
	{"Season":"April2015","EndDate":"5/1/2015","Name":"!!SEASON_DRAGON","BannerTexture":"Dragon","Rank":"1","HardCurrency":"3","RuneID":"Evo_Mat_T4_Red","RuneCount":"3"},
	{"Season":"^","Rank":"2","CardID":"GRD_0022","RuneID":"Evo_Mat_T3_Special","RuneCount":"3"},
	{"Season":"^","Rank":"3","SoftCurrency":"25000","CreatureID":"BabyDragon_Base_Blue","CreatureLevel":"1"},
	{"Season":"^","Rank":"4","SocialCurrency":"1000","RuneID":"Evo_Mat_T2_Red","RuneCount":"3"},
	{"Season":"^","Rank":"5","SoftCurrency":"10000","HardCurrency":"3"},
	{"Season":"^","Rank":"6","SocialCurrency":"500","CardID":"FTR_0001"},
	{"Season":"^","Rank":"7","HardCurrency":"1","RuneID":"Evo_Mat_T1_Special","RuneCount":"3"},
	{"Season":"^","Rank":"8","SocialCurrency":"300","CreatureID":"Pegasus_Base_Blue","CreatureLevel":"1"},
	{"Season":"^","Rank":"9","SoftCurrency":"1000","RuneID":"Evo_Mat_T1_Green","RuneCount":"3"},
	{"Season":"^","Rank":"10","SocialCurrency":"100"},
	{"Season":"May2015","EndDate":"6/1/2015","Name":"!!SEASON_DRAGON","BannerTexture":"Dragon","Rank":"1","SoftCurrency":"1000"},
	{"Season":"^","Rank":"2","SoftCurrency":"900"},
	{"Season":"^","Rank":"3","SoftCurrency":"800"},
	{"Season":"^","Rank":"4","SoftCurrency":"700"},
	{"Season":"^","Rank":"5","SoftCurrency":"600"},
	{"Season":"^","Rank":"6","SoftCurrency":"500"},
	{"Season":"^","Rank":"7","SoftCurrency":"400"},
	{"Season":"^","Rank":"8","SoftCurrency":"300"},
	{"Season":"^","Rank":"9","SoftCurrency":"200"},
	{"Season":"^","Rank":"10","SoftCurrency":"100"},
	{"Season":"June2015","EndDate":"7/1/2015","Name":"!!SEASON_DRAGON","BannerTexture":"Dragon","Rank":"1","SoftCurrency":"1000"},
	{"Season":"^","Rank":"2","SoftCurrency":"900"},
	{"Season":"^","Rank":"3","SoftCurrency":"800"},
	{"Season":"^","Rank":"4","SoftCurrency":"700"},
	{"Season":"^","Rank":"5","SoftCurrency":"600"},
	{"Season":"^","Rank":"6","SoftCurrency":"500","RuneID":"Evo_Mat_T1_Red","RuneCount":"2"},
	{"Season":"^","Rank":"7","SoftCurrency":"400","CardID":"FTR_0001"},
	{"Season":"^","Rank":"8","SoftCurrency":"300","CreatureID":"Slime1_Base_Blue","CreatureLevel":"3"},
	{"Season":"^","Rank":"9","SoftCurrency":"200","HardCurrency":"1"},
	{"Season":"^","Rank":"10","SoftCurrency":"100","SocialCurrency":"2"},
	{"Season":"07June2015","EndDate":"7/1/2015","Name":"!!SEASON_DRAGON","BannerTexture":"Dragon","Rank":"1","HardCurrency":"3","RuneID":"Evo_Mat_T5_Red","RuneCount":"3"},
	{"Season":"^","Rank":"2","CardID":"GRD_0022","RuneID":"Evo_Mat_T4_Special","RuneCount":"3"},
	{"Season":"^","Rank":"3","SocialCurrency":"1000","HardCurrency":"2"},
	{"Season":"^","Rank":"4","SocialCurrency":"500","CreatureID":"Pegasus_Base_Blue"},
	{"Season":"^","Rank":"5","HardCurrency":"1","CardID":"GRD_0019"},
	{"Season":"^","Rank":"6","SoftCurrency":"10000"},
	{"Season":"^","Rank":"7","SocialCurrency":"300","HardCurrency":"1","RuneID":"Evo_Mat_T2_Red","RuneCount":"3"},
	{"Season":"^","Rank":"8","SoftCurrency":"2500","RuneID":"Evo_Mat_T1_Green","RuneCount":"3"},
	{"Season":"^","Rank":"9","SocialCurrency":"100","RuneID":"Evo_Mat_T1_Blue","RuneCount":"3"},
	{"Season":"^","Rank":"10","SoftCurrency":"1000","RuneID":"Evo_Mat_T1_Red","RuneCount":"3"},
	{"Season":"13July2015","EndDate":"8/5/2015","Name":"!!SEASON_DRAGON","BannerTexture":"Dragon","Rank":"1","HardCurrency":"3","RuneID":"Evo_Mat_T4_Red","RuneCount":"3"},
	{"Season":"^","Rank":"2","CardID":"GRD_0022","RuneID":"Evo_Mat_T3_Special","RuneCount":"3"},
	{"Season":"^","Rank":"3","SoftCurrency":"25000","CreatureID":"BabyDragon_Base_Blue","CreatureLevel":"1"},
	{"Season":"^","Rank":"4","SocialCurrency":"1000","RuneID":"Evo_Mat_T2_Red","RuneCount":"3"},
	{"Season":"^","Rank":"5","SoftCurrency":"10000","HardCurrency":"3"},
	{"Season":"^","Rank":"6","SocialCurrency":"500","CardID":"FTR_0001"},
	{"Season":"^","Rank":"7","HardCurrency":"1","RuneID":"Evo_Mat_T1_Special","RuneCount":"3"},
	{"Season":"^","Rank":"8","SocialCurrency":"300","CreatureID":"Pegasus_Base_Blue","CreatureLevel":"1"},
	{"Season":"^","Rank":"9","SoftCurrency":"1000","RuneID":"Evo_Mat_T1_Green","RuneCount":"3"},
	{"Season":"^","Rank":"10","SocialCurrency":"100"},
	{"Season":"27July2015","EndDate":"8/24/2015","Name":"!!SEASON_GRYPHON","BannerTexture":"Gryphon","Rank":"1","HardCurrency":"5","RuneID":"Evo_Mat_T5_Special","RuneCount":"3"},
	{"Season":"^","Rank":"2","CardID":"GRD_0004","RuneID":"Evo_Mat_T4_Special","RuneCount":"3"},
	{"Season":"^","Rank":"3","SoftCurrency":"100000","CreatureID":"BabyDragon_Base_Green","CreatureLevel":"1"},
	{"Season":"^","Rank":"4","SocialCurrency":"1000","RuneID":"Evo_Mat_T3_Special","RuneCount":"3"},
	{"Season":"^","Rank":"5","SoftCurrency":"50000","HardCurrency":"3"},
	{"Season":"^","Rank":"6","SocialCurrency":"500","CardID":"UTL_0016"},
	{"Season":"^","Rank":"7","HardCurrency":"1","CreatureID":"FishGuy_Base_Green","CreatureLevel":"1"},
	{"Season":"^","Rank":"8","SocialCurrency":"300","RuneID":"Evo_Mat_T2_Special","RuneCount":"3"},
	{"Season":"^","Rank":"9","SoftCurrency":"10000","RuneID":"Evo_Mat_T1_Special","RuneCount":"3"},
	{"Season":"^","Rank":"10","SocialCurrency":"100"},
	{"Season":"10AUG2015","EndDate":"9/7/2015","Name":"!!SEASON_PHOENIX","BannerTexture":"Pheonix","Rank":"1","HardCurrency":"3","RuneID":"Evo_Mat_T5_Special","RuneCount":"3"},
	{"Season":"^","Rank":"2","CardID":"RCV_0021","RuneID":"Evo_Mat_T4_Special","RuneCount":"3"},
	{"Season":"^","Rank":"3","SoftCurrency":"100000","CreatureID":"BabyDragon_Base_Red","CreatureLevel":"1"},
	{"Season":"^","Rank":"4","SocialCurrency":"1000","RuneID":"Evo_Mat_T3_Blue","RuneCount":"3"},
	{"Season":"^","Rank":"5","SoftCurrency":"50000","HardCurrency":"3"},
	{"Season":"^","Rank":"6","SocialCurrency":"500","CardID":"FTR_0024"},
	{"Season":"^","Rank":"7","HardCurrency":"1","CreatureID":"Beetle_Base_Blue","CreatureLevel":"1"},
	{"Season":"^","Rank":"8","SocialCurrency":"300","RuneID":"Evo_Mat_T1_Red","RuneCount":"3"},
	{"Season":"^","Rank":"9","SoftCurrency":"10000","RuneID":"Evo_Mat_T1_Green","RuneCount":"3"},
	{"Season":"^","Rank":"10","SocialCurrency":"100"},
	{"Season":"24AUG2015","EndDate":"9/28/2015","Name":"!!SEASON_UNICORN","BannerTexture":"Unicorn","Rank":"1","HardCurrency":"3","RuneID":"Evo_Mat_T5_Special","RuneCount":"3"},
	{"Season":"^","Rank":"2","CardID":"GRD_0022","RuneID":"Evo_Mat_T4_Special","RuneCount":"3"},
	{"Season":"^","Rank":"3","SoftCurrency":"100000","CreatureID":"Mimic_Base_Blue","CreatureLevel":"1"},
	{"Season":"^","Rank":"4","SocialCurrency":"1000","RuneID":"Evo_Mat_T3_Special","RuneCount":"3"},
	{"Season":"^","Rank":"5","SoftCurrency":"50000","HardCurrency":"3"},
	{"Season":"^","Rank":"6","SocialCurrency":"500","CardID":"FTR_0001"},
	{"Season":"^","Rank":"7","HardCurrency":"1","CreatureID":"Pegasus_Evo_01_Red","CreatureLevel":"1"},
	{"Season":"^","Rank":"8","SocialCurrency":"300","RuneID":"Evo_Mat_T1_Special","RuneCount":"3"},
	{"Season":"^","Rank":"9","SoftCurrency":"10000","RuneID":"Evo_Mat_T1_Green","RuneCount":"3"},
	{"Season":"^","Rank":"10","SocialCurrency":"100"},
	{"Season":"7SEP2015","EndDate":"10/12/2015","Name":"!!SEASON_DRAGON","BannerTexture":"Dragon","Rank":"1","HardCurrency":"5","RuneID":"Evo_Mat_T5_Special","RuneCount":"3"},
	{"Season":"^","Rank":"2","CardID":"GRD_0004","RuneID":"Evo_Mat_T4_Special","RuneCount":"3"},
	{"Season":"^","Rank":"3","SoftCurrency":"100000","CreatureID":"Vampire_Base_Blue","CreatureLevel":"1"},
	{"Season":"^","Rank":"4","SocialCurrency":"1000","RuneID":"Evo_Mat_T3_Special","RuneCount":"3"},
	{"Season":"^","Rank":"5","SoftCurrency":"50000","HardCurrency":"3"},
	{"Season":"^","Rank":"6","SocialCurrency":"500","CardID":"UTL_0016"},
	{"Season":"^","Rank":"7","HardCurrency":"1","CreatureID":"Porc_Evo_01_Green","CreatureLevel":"1"},
	{"Season":"^","Rank":"8","SocialCurrency":"300","RuneID":"Evo_Mat_T2_Special","RuneCount":"3"},
	{"Season":"^","Rank":"9","SoftCurrency":"10000","RuneID":"Evo_Mat_T1_Special","RuneCount":"3"},
	{"Season":"^","Rank":"10","SocialCurrency":"100"},
	{"Season":"21SEP2015","EndDate":"10/26/2015","Name":"!!SEASON_GRYPHON","BannerTexture":"PVP_Season_SkullKing","Rank":"1","HardCurrency":"5","RuneID":"Evo_Mat_T5_Special","RuneCount":"3"},
	{"Season":"^","Rank":"2","CardID":"RCV_0021","RuneID":"Evo_Mat_T4_Special","RuneCount":"3"},
	{"Season":"^","Rank":"3","SoftCurrency":"100000","CreatureID":"Golem_Base_Dark","CreatureLevel":"1"},
	{"Season":"^","Rank":"4","SocialCurrency":"1000","RuneID":"Evo_Mat_T3_Blue","RuneCount":"3"},
	{"Season":"^","Rank":"5","SoftCurrency":"50000","HardCurrency":"3"},
	{"Season":"^","Rank":"6","SocialCurrency":"500","CardID":"FTR_0024"},
	{"Season":"^","Rank":"7","HardCurrency":"1","CreatureID":"Pegasus_Evo_01_Red","CreatureLevel":"1"},
	{"Season":"^","Rank":"8","SocialCurrency":"300","RuneID":"Evo_Mat_T1_Red","RuneCount":"3"},
	{"Season":"^","Rank":"9","SoftCurrency":"10000","RuneID":"Evo_Mat_T1_Green","RuneCount":"3"},
	{"Season":"^","Rank":"10","SocialCurrency":"100"},
	{"Season":"27OCT2015","EndDate":"11/9/2015","Name":"!!SEASON_PHOENIX","BannerTexture":"PVP_Season_SkullKing","Rank":"1","HardCurrency":"5","RuneID":"Evo_Mat_T5_Special","RuneCount":"3"},
	{"Season":"^","Rank":"2","HardCurrency":"3","CardID":"UTL_0057","RuneID":"Evo_Mat_T4_Special","RuneCount":"3"},
	{"Season":"^","Rank":"3","SoftCurrency":"100000","CreatureID":"BabyDragon_Base_Red","CreatureLevel":"1"},
	{"Season":"^","Rank":"4","SocialCurrency":"1000","RuneID":"Evo_Mat_T3_Blue","RuneCount":"3"},
	{"Season":"^","Rank":"5","SoftCurrency":"50000","HardCurrency":"3"},
	{"Season":"^","Rank":"6","SocialCurrency":"500","CardID":"UTL_0014"},
	{"Season":"^","Rank":"7","HardCurrency":"1","CreatureID":"GiantBat_Evo_01_Dark","CreatureLevel":"1"},
	{"Season":"^","Rank":"8","SocialCurrency":"300","RuneID":"Evo_Mat_T1_Red","RuneCount":"3"},
	{"Season":"^","Rank":"9","SoftCurrency":"10000","RuneID":"Evo_Mat_T1_Green","RuneCount":"3"},
	{"Season":"^","Rank":"10","SocialCurrency":"100"},
	{"Season":"09NOV2015","EndDate":"11/23/2015","Name":"!!SEASON_UNICORN","BannerTexture":"PVP_Season_SkullKing","Rank":"1","HardCurrency":"5","RuneID":"Evo_Mat_T5_Special","RuneCount":"3"},
	{"Season":"^","Rank":"2","HardCurrency":"3","CardID":"MST_0012","RuneID":"Evo_Mat_T4_Special","RuneCount":"3"},
	{"Season":"^","Rank":"3","SoftCurrency":"100000","CreatureID":"Genie_Base_Light","CreatureLevel":"1"},
	{"Season":"^","Rank":"4","SocialCurrency":"1000","RuneID":"Evo_Mat_T3_Blue","RuneCount":"3"},
	{"Season":"^","Rank":"5","SoftCurrency":"50000","HardCurrency":"3"},
	{"Season":"^","Rank":"6","SocialCurrency":"500","CardID":"FTR_0017"},
	{"Season":"^","Rank":"7","HardCurrency":"1","CreatureID":"Porc_Evo_01_Green","CreatureLevel":"1"},
	{"Season":"^","Rank":"8","SocialCurrency":"300","RuneID":"Evo_Mat_T1_Red","RuneCount":"3"},
	{"Season":"^","Rank":"9","SoftCurrency":"10000","RuneID":"Evo_Mat_T1_Green","RuneCount":"3"},
	{"Season":"^","Rank":"10","SocialCurrency":"100"},
	{"Season":"23NOV2015","EndDate":"12/7/2015","Name":"!!SEASON_DRAGON","BannerTexture":"PVP_Season_SkullKing","Rank":"1","HardCurrency":"5","RuneID":"Evo_Mat_T5_Special","RuneCount":"3"},
	{"Season":"^","Rank":"2","HardCurrency":"3","CardID":"RCV_0041","RuneID":"Evo_Mat_T4_Special","RuneCount":"3"},
	{"Season":"^","Rank":"3","SoftCurrency":"100000","CreatureID":"PhantomKnight_Base_Blue","CreatureLevel":"1"},
	{"Season":"^","Rank":"4","SocialCurrency":"1000","RuneID":"Evo_Mat_T3_Blue","RuneCount":"3"},
	{"Season":"^","Rank":"5","SoftCurrency":"50000","HardCurrency":"3"},
	{"Season":"^","Rank":"6","SocialCurrency":"500","CardID":"RCV_0001"},
	{"Season":"^","Rank":"7","HardCurrency":"1","CreatureID":"SkeletalWarrior_Evo_01_Red","CreatureLevel":"1"},
	{"Season":"^","Rank":"8","SocialCurrency":"300","RuneID":"Evo_Mat_T1_Red","RuneCount":"3"},
	{"Season":"^","Rank":"9","SoftCurrency":"10000","RuneID":"Evo_Mat_T1_Green","RuneCount":"3"},
	{"Season":"^","Rank":"10","SocialCurrency":"100"},
	{"Season":"7DEC2015","EndDate":"12/21/2015","Name":"!!SEASON_GRYPHON","BannerTexture":"PVP_Season_SkullKing","Rank":"1","HardCurrency":"5","RuneID":"Evo_Mat_T5_Special","RuneCount":"3"},
	{"Season":"^","Rank":"2","HardCurrency":"3","CardID":"GRD_0031","RuneID":"Evo_Mat_T4_Special","RuneCount":"3"},
	{"Season":"^","Rank":"3","SoftCurrency":"100000","CreatureID":"Mimic_Base_Green","CreatureLevel":"1"},
	{"Season":"^","Rank":"4","SocialCurrency":"1000","RuneID":"Evo_Mat_T3_Blue","RuneCount":"3"},
	{"Season":"^","Rank":"5","SoftCurrency":"50000","HardCurrency":"3"},
	{"Season":"^","Rank":"6","SocialCurrency":"500","CardID":"GRD_0010"},
	{"Season":"^","Rank":"7","HardCurrency":"1","CreatureID":"Mushroom_Evo_01_Dark","CreatureLevel":"1"},
	{"Season":"^","Rank":"8","SocialCurrency":"300","RuneID":"Evo_Mat_T1_Red","RuneCount":"3"},
	{"Season":"^","Rank":"9","SoftCurrency":"10000","RuneID":"Evo_Mat_T1_Green","RuneCount":"3"},
	{"Season":"^","Rank":"10","SocialCurrency":"100"},
	{"Season":"21DEC2015","EndDate":"1/4/2016","Name":"!!SEASON_SNOWFLAKE","BannerTexture":"PVP_Season_SkullKing","Rank":"1","CreatureID":"GiantBeast_Yeti","CreatureLevel":"1"},
	{"Season":"^","Rank":"2","HardCurrency":"10"},
	{"Season":"^","Rank":"3","SocialCurrency":"1000","HardCurrency":"1","RuneID":"Evo_Mat_T5_Special","RuneCount":"3"},
	{"Season":"^","Rank":"4","HardCurrency":"1","CreatureID":"PhantomKnight_Base_Blue","CreatureLevel":"1"},
	{"Season":"^","Rank":"5","SoftCurrency":"1000","SocialCurrency":"100","HardCurrency":"3"},
	{"Season":"^","Rank":"6","HardCurrency":"1","CreatureID":"DieClops_Evo_01_Blue","CreatureLevel":"1"},
	{"Season":"^","Rank":"7","SocialCurrency":"300","HardCurrency":"1","RuneID":"Evo_Mat_T4_Special","RuneCount":"2"},
	{"Season":"^","Rank":"8","SoftCurrency":"5000","HardCurrency":"1","CreatureID":"DieClops_Base_Blue","CreatureLevel":"1"},
	{"Season":"^","Rank":"9","HardCurrency":"1","RuneID":"Evo_Mat_T3_Special","RuneCount":"1"},
	{"Season":"^","Rank":"10","SoftCurrency":"1000","SocialCurrency":"300","HardCurrency":"1"},
	{"Season":"4JAN2016","EndDate":"1/18/2016","Name":"!!SEASON_LEAVES","BannerTexture":"PVP_Season_SkullKing","Rank":"1","CreatureID":"HonorableBeast_Ent","CreatureLevel":"1"},
	{"Season":"^","Rank":"2","HardCurrency":"10"},
	{"Season":"^","Rank":"3","SocialCurrency":"1000","HardCurrency":"1","RuneID":"Evo_Mat_T5_Special","RuneCount":"3"},
	{"Season":"^","Rank":"4","HardCurrency":"1","CreatureID":"Elemental_Base_Green","CreatureLevel":"1"},
	{"Season":"^","Rank":"5","SoftCurrency":"1000","SocialCurrency":"100","HardCurrency":"3"},
	{"Season":"^","Rank":"6","HardCurrency":"1","CreatureID":"DieClops_Evo_01_Green","CreatureLevel":"1"},
	{"Season":"^","Rank":"7","SocialCurrency":"300","HardCurrency":"1","RuneID":"Evo_Mat_T4_Special","RuneCount":"2"},
	{"Season":"^","Rank":"8","SoftCurrency":"5000","HardCurrency":"1","CreatureID":"DieClops_Base_Green","CreatureLevel":"1"},
	{"Season":"^","Rank":"9","HardCurrency":"1","RuneID":"Evo_Mat_T3_Special","RuneCount":"1"},
	{"Season":"^","Rank":"10","SoftCurrency":"1000","SocialCurrency":"300","HardCurrency":"1"},
	{"Season":"18JAN2016","EndDate":"2/1/2016","Name":"!!SEASON_FIST","BannerTexture":"PVP_Season_SkullKing","Rank":"1","CreatureID":"HumanBeast_TigerWarrior","CreatureLevel":"1"},
	{"Season":"^","Rank":"2","HardCurrency":"10"},
	{"Season":"^","Rank":"3","SocialCurrency":"1000","HardCurrency":"1","RuneID":"Evo_Mat_T5_Special","RuneCount":"3"},
	{"Season":"^","Rank":"4","HardCurrency":"1","CreatureID":"Golem_Base_Red","CreatureLevel":"1"},
	{"Season":"^","Rank":"5","SoftCurrency":"1000","SocialCurrency":"100","HardCurrency":"3"},
	{"Season":"^","Rank":"6","HardCurrency":"1","CreatureID":"DieClops_Evo_01_Red","CreatureLevel":"1"},
	{"Season":"^","Rank":"7","SocialCurrency":"300","HardCurrency":"1","RuneID":"Evo_Mat_T4_Special","RuneCount":"2"},
	{"Season":"^","Rank":"8","SoftCurrency":"5000","HardCurrency":"1","CreatureID":"DieClops_Base_Red","CreatureLevel":"1"},
	{"Season":"^","Rank":"9","HardCurrency":"1","RuneID":"Evo_Mat_T3_Special","RuneCount":"1"},
	{"Season":"^","Rank":"10","SoftCurrency":"1000","SocialCurrency":"300","HardCurrency":"1"},
	{"Season":"1FEB2016","EndDate":"2/15/2016","Name":"!!SEASON_ROSE","BannerTexture":"PVP_Season_SkullKing","Rank":"1","CreatureID":"MythicGirls_Firefly","CreatureLevel":"1"},
	{"Season":"^","Rank":"2","HardCurrency":"10"},
	{"Season":"^","Rank":"3","SocialCurrency":"1000","HardCurrency":"1","RuneID":"Evo_Mat_T5_Special","RuneCount":"3"},
	{"Season":"^","Rank":"4","HardCurrency":"1","CreatureID":"PhantomKnight_Base_Blue","CreatureLevel":"1"},
	{"Season":"^","Rank":"5","SoftCurrency":"1000","SocialCurrency":"100","HardCurrency":"3"},
	{"Season":"^","Rank":"6","HardCurrency":"1","CreatureID":"DieClops_Evo_01_Red","CreatureLevel":"1"},
	{"Season":"^","Rank":"7","SocialCurrency":"300","HardCurrency":"1","RuneID":"Evo_Mat_T4_Special","RuneCount":"2"},
	{"Season":"^","Rank":"8","SoftCurrency":"5000","HardCurrency":"1","CreatureID":"DieClops_Base_Red","CreatureLevel":"1"},
	{"Season":"^","Rank":"9","HardCurrency":"1","RuneID":"Evo_Mat_T3_Special","RuneCount":"1"},
	{"Season":"^","Rank":"10","SoftCurrency":"1000","SocialCurrency":"300","HardCurrency":"1"},
	{"Season":"15FEB2016","EndDate":"2/29/2016","Name":"!!SEASON_MOON","BannerTexture":"PVP_Season_SkullKing","Rank":"1","CreatureID":"MythicGirls_Siren","CreatureLevel":"1"},
	{"Season":"^","Rank":"2","HardCurrency":"10"},
	{"Season":"^","Rank":"3","SocialCurrency":"1000","HardCurrency":"1","RuneID":"Evo_Mat_T5_Special","RuneCount":"3"},
	{"Season":"^","Rank":"4","HardCurrency":"1","CreatureID":"BabyDragon_Base_Dark","CreatureLevel":"1"},
	{"Season":"^","Rank":"5","SoftCurrency":"1000","SocialCurrency":"100","HardCurrency":"3"},
	{"Season":"^","Rank":"6","HardCurrency":"1","CreatureID":"DieClops_Evo_01_Dark","CreatureLevel":"1"},
	{"Season":"^","Rank":"7","SocialCurrency":"300","HardCurrency":"1","RuneID":"Evo_Mat_T4_Special","RuneCount":"2"},
	{"Season":"^","Rank":"8","SoftCurrency":"5000","HardCurrency":"1","CreatureID":"DieClops_Base_Dark","CreatureLevel":"1"},
	{"Season":"^","Rank":"9","HardCurrency":"1","RuneID":"Evo_Mat_T3_Special","RuneCount":"1"},
	{"Season":"^","Rank":"10","SoftCurrency":"1000","SocialCurrency":"300","HardCurrency":"1"},
	{"Season":"29FEB2016","EndDate":"3/14/2016","Name":"!!SEASON_BOW","BannerTexture":"PVP_Season_SkullKing","Rank":"1","CreatureID":"HumanBeast_PantherArcher","CreatureLevel":"1"},
	{"Season":"^","Rank":"2","HardCurrency":"10"},
	{"Season":"^","Rank":"3","SocialCurrency":"1000","HardCurrency":"1","RuneID":"Evo_Mat_T5_Special","RuneCount":"3"},
	{"Season":"^","Rank":"4","HardCurrency":"1","CreatureID":"Bard_Base_Blue","CreatureLevel":"1"},
	{"Season":"^","Rank":"5","SoftCurrency":"1000","SocialCurrency":"100","HardCurrency":"3"},
	{"Season":"^","Rank":"6","HardCurrency":"1","CreatureID":"DieClops_Evo_01_Dark","CreatureLevel":"1"},
	{"Season":"^","Rank":"7","SocialCurrency":"300","HardCurrency":"1","RuneID":"Evo_Mat_T4_Special","RuneCount":"2"},
	{"Season":"^","Rank":"8","SoftCurrency":"5000","HardCurrency":"1","CreatureID":"DieClops_Base_Blue","CreatureLevel":"1"},
	{"Season":"^","Rank":"9","HardCurrency":"1","RuneID":"Evo_Mat_T3_Special","RuneCount":"1"},
	{"Season":"^","Rank":"10","SoftCurrency":"1000","SocialCurrency":"300","HardCurrency":"1"},
	{"Season":"14MAR2016","EndDate":"3/28/2016","Name":"!!SEASON_BOOK","BannerTexture":"PVP_Season_SkullKing","Rank":"1","CreatureID":"HumanBeast_EagleMage","CreatureLevel":"1"},
	{"Season":"^","Rank":"2","HardCurrency":"10"},
	{"Season":"^","Rank":"3","SocialCurrency":"1000","HardCurrency":"1","RuneID":"Evo_Mat_T5_Special","RuneCount":"3"},
	{"Season":"^","Rank":"4","HardCurrency":"1","CreatureID":"MagicOrb_Base_Blue","CreatureLevel":"1"},
	{"Season":"^","Rank":"5","SoftCurrency":"1000","SocialCurrency":"100","HardCurrency":"3"},
	{"Season":"^","Rank":"6","HardCurrency":"1","CreatureID":"DieClops_Evo_01_Light","CreatureLevel":"1"},
	{"Season":"^","Rank":"7","SocialCurrency":"300","HardCurrency":"1","RuneID":"Evo_Mat_T4_Special","RuneCount":"2"},
	{"Season":"^","Rank":"8","SoftCurrency":"5000","HardCurrency":"1","CreatureID":"DieClops_Base_Blue","CreatureLevel":"1"},
	{"Season":"^","Rank":"9","HardCurrency":"1","RuneID":"Evo_Mat_T3_Special","RuneCount":"1"},
	{"Season":"^","Rank":"10","SoftCurrency":"1000","SocialCurrency":"300","HardCurrency":"1"},
	{"Season":"28MAR2016","EndDate":"4/11/2016","Name":"!!SEASON_TREE","BannerTexture":"PVP_Season_SkullKing","Rank":"1","CreatureID":"MythicGirls_Nymph","CreatureLevel":"1"},
	{"Season":"^","Rank":"2","HardCurrency":"10"},
	{"Season":"^","Rank":"3","SocialCurrency":"1000","HardCurrency":"1","RuneID":"Evo_Mat_T5_Special","RuneCount":"3"},
	{"Season":"^","Rank":"4","HardCurrency":"1","CreatureID":"Vampire_Base_Light","CreatureLevel":"1"},
	{"Season":"^","Rank":"5","SoftCurrency":"1000","SocialCurrency":"100","HardCurrency":"3"},
	{"Season":"^","Rank":"6","HardCurrency":"1","CreatureID":"DieClops_Evo_01_Green","CreatureLevel":"1"},
	{"Season":"^","Rank":"7","SocialCurrency":"300","HardCurrency":"1","RuneID":"Evo_Mat_T4_Special","RuneCount":"2"},
	{"Season":"^","Rank":"8","SoftCurrency":"5000","HardCurrency":"1","CreatureID":"DieClops_Base_Red","CreatureLevel":"1"},
	{"Season":"^","Rank":"9","HardCurrency":"1","RuneID":"Evo_Mat_T3_Special","RuneCount":"1"},
	{"Season":"^","Rank":"10","SoftCurrency":"1000","SocialCurrency":"300","HardCurrency":"1"}
]
